date,article_id,quantity,year,month,day,weekday,weekday_name,is_weekend,week_number,quantity_lag_1,quantity_lag_7,quantity_prev_day,quantity_rolling_mean_7d,quantity_rolling_mean_30d,day_of_year,quarter,is_month_start,is_month_middle,is_month_end,day_of_year_sin,day_of_year_cos,weekday_sin,weekday_cos
2024-01-01,1,46,2024,1,1,0,Lundi,False,1,0,0,0,46.0,46.0,1,1,True,False,False,0.017201575418260506,0.9998520419557735,0.0,1.0
2024-01-02,1,52,2024,1,2,1,Mardi,False,1,46,0,46,49.0,49.0,2,1,True,False,False,0.03439806061360801,0.9994082116062598,0.7818314824680298,0.6234898018587336
2024-01-03,1,43,2024,1,3,2,Mercredi,False,1,52,0,52,47.0,47.0,3,1,True,False,False,0.051584366869408364,0.9986686402879997,0.9749279121818236,-0.22252093395631434
2024-01-04,1,48,2024,1,4,3,Jeudi,False,1,43,0,43,47.25,47.25,4,1,True,False,False,0.06875540848113941,0.9976335468520451,0.43388373911755823,-0.900968867902419
2024-01-05,1,43,2024,1,5,4,Vendredi,False,1,48,0,48,46.4,46.4,5,1,True,False,False,0.08590610426133272,0.9963032375991965,-0.433883739117558,-0.9009688679024191
2024-01-06,1,31,2024,1,6,5,Samedi,True,1,43,0,43,43.83,43.83,6,1,False,False,False,0.10303137904317879,0.9946781061893646,-0.9749279121818236,-0.2225209339563146
2024-01-07,1,24,2024,1,7,6,Dimanche,True,1,31,0,31,41.0,41.0,7,1,False,False,False,0.1201261651823505,0.9927586335250793,-0.7818314824680299,0.6234898018587334
2024-01-08,1,0,2024,1,8,0,Lundi,False,2,24,46,24,34.43,35.88,8,1,False,False,False,0.13718540405660057,0.9905453876091833,0.0,1.0
2024-01-09,1,48,2024,1,9,1,Mardi,False,2,0,52,0,33.86,37.22,9,1,False,False,False,0.1542040475626894,0.988039023376751,0.7818314824680298,0.6234898018587336
2024-01-10,1,41,2024,1,10,2,Mercredi,False,2,48,43,48,33.57,37.6,10,1,False,False,False,0.17117705961019986,0.985240282501282,0.9749279121818236,-0.22252093395631434
2024-01-11,1,56,2024,1,11,3,Jeudi,False,2,41,48,41,34.71,39.27,11,1,False,True,False,0.18809941761179758,0.9821499931752291,0.43388373911755823,-0.900968867902419
2024-01-12,1,40,2024,1,12,4,Vendredi,False,2,56,43,56,34.29,39.33,12,1,False,True,False,0.20496611396949532,0.9787690698649216,-0.433883739117558,-0.9009688679024191
2024-01-13,1,34,2024,1,13,5,Samedi,True,2,40,31,40,34.71,38.92,13,1,False,True,False,0.22177215755648186,0.975098513039961,-0.9749279121818236,-0.2225209339563146
2024-01-14,1,30,2024,1,14,6,Dimanche,True,2,34,24,34,35.57,38.29,14,1,False,True,False,0.23851257519407648,0.9711394088771653,-0.7818314824680299,0.6234898018587334
2024-01-15,1,48,2024,1,15,0,Lundi,False,3,30,0,30,42.43,38.93,15,1,False,True,False,0.2551824131233728,0.9668929289391521,0.0,1.0
2024-01-16,1,48,2024,1,16,1,Mardi,False,3,48,48,48,42.43,39.5,16,1,False,True,False,0.2717767384711357,0.9623603298276545,0.7818314824680298,0.6234898018587336
2024-01-17,1,51,2024,1,17,2,Mercredi,False,3,48,41,48,43.86,40.18,17,1,False,True,False,0.2882906407095177,0.9575429528116719,0.9749279121818236,-0.22252093395631434
2024-01-18,1,52,2024,1,18,3,Jeudi,False,3,51,56,51,43.29,40.83,18,1,False,True,False,0.3047192331091634,0.9524422234305676,0.43388373911755823,-0.900968867902419
2024-01-19,1,44,2024,1,19,4,Vendredi,False,3,52,40,52,43.86,41.0,19,1,False,True,False,0.321057654185271,0.9470596510722283,-0.433883739117558,-0.9009688679024191
2024-01-20,1,26,2024,1,20,5,Samedi,True,3,44,34,44,42.71,40.25,20,1,False,True,False,0.3373010691361842,0.9413968285264122,-0.9749279121818236,-0.2225209339563146
2024-01-21,1,37,2024,1,21,6,Dimanche,True,3,26,30,26,43.71,40.1,21,1,False,False,False,0.3534446712740877,0.9354554315134164,-0.7818314824680299,0.6234898018587334
2024-01-22,1,51,2024,1,22,0,Lundi,False,4,37,48,37,44.14,40.59,22,1,False,False,False,0.3694836834473831,0.9292372181882051,0.0,1.0
2024-01-23,1,49,2024,1,23,1,Mardi,False,4,51,48,51,44.29,40.96,23,1,False,False,False,0.38541335945432564,0.9227440286201427,0.7818314824680298,0.6234898018587336
2024-01-24,1,55,2024,1,24,2,Mercredi,False,4,49,51,49,44.86,41.54,24,1,False,False,False,0.4012289854475009,0.9159777842484877,0.9749279121818236,-0.22252093395631434
2024-01-25,1,32,2024,1,25,3,Jeudi,False,4,55,52,55,42.0,41.16,25,1,False,False,False,0.4169258813287287,0.908940487313808,0.43388373911755823,-0.900968867902419
2024-01-26,1,67,2024,1,26,4,Vendredi,False,4,32,44,32,45.29,42.15,26,1,False,False,True,0.4324994021339788,0.901634220265486,-0.433883739117558,-0.9009688679024191
2024-01-27,1,32,2024,1,27,5,Samedi,True,4,67,26,67,46.14,41.78,27,1,False,False,True,0.44794493940789115,0.8940611451454876,-0.9749279121818236,-0.2225209339563146
2024-01-28,1,44,2024,1,28,6,Dimanche,True,4,32,37,32,47.14,41.86,28,1,False,False,True,0.4632579225674917,0.88622350294858,-0.7818314824680299,0.6234898018587334
2024-01-29,1,55,2024,1,29,0,Lundi,False,5,44,51,44,47.71,42.31,29,1,False,False,True,0.4784338202547012,0.8781236129591848,0.0,1.0
2024-01-30,1,54,2024,1,30,1,Mardi,False,5,55,49,55,48.43,42.7,30,1,False,False,True,0.49346814167723735,0.8697638720650646,0.7818314824680298,0.6234898018587336
2024-01-31,1,54,2024,1,31,2,Mercredi,False,5,54,55,54,48.29,42.97,31,1,False,False,True,0.5083564379375122,0.8611467540480452,0.9749279121818236,-0.22252093395631434
2024-02-01,1,62,2024,2,1,3,Jeudi,False,5,54,32,54,52.57,43.3,32,1,True,False,False,0.5230943033491326,0.8522748088519838,0.43388373911755823,-0.900968867902419
2024-02-02,1,43,2024,2,2,4,Vendredi,False,5,62,67,62,49.14,43.3,33,1,True,False,False,0.5376773767406141,0.8431506618282,-0.433883739117558,-0.9009688679024191
2024-02-03,1,36,2024,2,3,5,Samedi,True,5,43,32,43,49.71,42.9,34,1,True,False,False,0.5521013427459208,0.8337770129585915,-0.9749279121818236,-0.2225209339563146
2024-02-04,1,30,2024,2,4,6,Dimanche,True,5,36,44,36,47.71,42.47,35,1,True,False,False,0.5663619330814524,0.8241566360566663,-0.7818314824680299,0.6234898018587334
2024-02-05,1,44,2024,2,5,0,Lundi,False,6,30,55,30,46.14,42.9,36,1,True,False,False,0.580454927809098,0.8142923779467267,0.0,1.0
2024-02-06,1,67,2024,2,6,1,Mardi,False,6,44,54,44,48.0,44.33,37,1,False,False,False,0.5943761565849831,0.804187157621448,0.7818314824680298,0.6234898018587336
2024-02-07,1,64,2024,2,7,2,Mercredi,False,6,67,54,67,49.43,46.47,38,1,False,False,False,0.6081214998935418,0.7938439653781019,0.9749279121818236,-0.22252093395631434
2024-02-08,1,0,2024,2,8,3,Jeudi,False,6,64,62,64,40.57,44.87,39,1,False,False,False,0.6216868902665479,0.7832658619336791,0.43388373911755823,-0.900968867902419
2024-02-09,1,64,2024,2,9,4,Vendredi,False,6,0,43,0,43.57,45.63,40,1,False,False,False,0.6350683134867438,0.7724559775191742,-0.433883739117558,-0.9009688679024191
2024-02-10,1,35,2024,2,10,5,Samedi,True,6,64,36,64,43.43,44.93,41,1,False,False,False,0.6482618097757122,0.7614175109532997,-0.9749279121818236,-0.2225209339563146
2024-02-11,1,45,2024,2,11,6,Dimanche,True,6,35,30,35,45.57,45.1,42,1,False,True,False,0.6612634749656386,0.7501537286959042,-0.7818314824680299,0.6234898018587334
2024-02-12,1,45,2024,2,12,0,Lundi,False,7,45,44,45,45.71,45.47,43,1,False,True,False,0.6740694616546161,0.7386679638813748,0.0,1.0
2024-02-13,1,41,2024,2,13,1,Mardi,False,7,45,67,45,42.0,45.83,44,1,False,True,False,0.6866759803451553,0.726963615332308,0.7818314824680298,0.6234898018587336
2024-02-14,1,0,2024,2,14,2,Mercredi,False,7,41,64,41,32.86,44.23,45,1,False,True,False,0.6990793005655562,0.7150441465537444,0.9749279121818236,-0.22252093395631434
2024-02-15,1,51,2024,2,15,3,Jeudi,False,7,0,0,0,40.14,44.33,46,1,False,True,False,0.7112757519738152,0.7029130847082615,0.43388373911755823,-0.900968867902419
2024-02-16,1,28,2024,2,16,4,Vendredi,False,7,51,64,51,35.0,43.57,47,1,False,True,False,0.7232617254437388,0.6905740195722293,-0.433883739117558,-0.9009688679024191
2024-02-17,1,45,2024,2,17,5,Samedi,True,7,28,35,28,36.43,43.33,48,1,False,True,False,0.7350336741329413,0.6780306024735382,-0.9749279121818236,-0.2225209339563146
2024-02-18,1,36,2024,2,18,6,Dimanche,True,7,45,45,45,35.14,43.07,49,1,False,True,False,0.746588114532413,0.6652865452111116,-0.7818314824680299,0.6234898018587334
2024-02-19,1,49,2024,2,19,0,Lundi,False,8,36,45,36,35.71,43.83,50,1,False,True,False,0.7579216274973472,0.6523456189565257,0.0,1.0
2024-02-20,1,40,2024,2,20,1,Mardi,False,8,49,41,49,35.57,43.93,51,1,False,True,False,0.7690308592589181,0.6392116531380588,0.7818314824680298,0.6234898018587336
2024-02-21,1,49,2024,2,21,2,Mercredi,False,8,40,0,40,42.57,43.87,52,1,False,False,False,0.7799125224167177,0.6258885343075018,0.9749279121818236,-0.22252093395631434
2024-02-22,1,56,2024,2,22,3,Jeudi,False,8,49,51,49,43.29,44.1,53,1,False,False,False,0.7905633969115482,0.612380204990065,0.43388373911755823,-0.900968867902419
2024-02-23,1,41,2024,2,23,4,Vendredi,False,8,56,28,56,45.14,43.63,54,1,False,False,False,0.8009803309782905,0.5986906625177214,-0.433883739117558,-0.9009688679024191
2024-02-24,1,32,2024,2,24,5,Samedi,True,8,41,45,41,43.29,43.63,55,1,False,False,False,0.8111602420785621,0.5848239578463322,-0.9749279121818236,-0.2225209339563146
2024-02-25,1,0,2024,2,25,6,Dimanche,True,8,32,36,32,38.14,41.4,56,1,False,False,False,0.8211001178128892,0.5707841943569036,-0.7818314824680299,0.6234898018587334
2024-02-26,1,67,2024,2,26,0,Lundi,False,9,0,49,0,40.71,42.57,57,1,False,False,True,0.8307970168121247,0.5565755266413303,0.0,1.0
2024-02-27,1,63,2024,2,27,1,Mardi,False,9,67,40,67,44.0,43.2,58,1,False,False,True,0.8402480696078469,0.5422021592729844,0.7818314824680298,0.6234898018587336
2024-02-28,1,57,2024,2,28,2,Mercredi,False,9,63,49,63,45.14,43.27,59,1,False,False,True,0.8494504794814806,0.527668345562516,0.9749279121818236,-0.22252093395631434
2024-02-29,1,55,2024,2,29,3,Jeudi,False,9,57,56,57,45.0,43.3,60,1,False,False,True,0.8584015232918917,0.512978386299228,0.43388373911755823,-0.900968867902419
2024-03-01,1,55,2024,3,1,4,Vendredi,False,9,55,41,55,47.0,43.33,61,1,True,False,False,0.8670985522812081,0.4981366284784055,-0.433883739117558,-0.9009688679024191
2024-03-02,1,39,2024,3,2,5,Samedi,True,9,55,32,55,48.0,42.57,62,1,True,False,False,0.8755389928586302,0.4831474640149687,-0.9749279121818236,-0.2225209339563146
2024-03-03,1,34,2024,3,3,6,Dimanche,True,9,39,0,39,52.86,42.27,63,1,True,False,False,0.8837203473619977,0.4680153284438345,-0.7818314824680299,0.6234898018587334
2024-03-04,1,63,2024,3,4,0,Lundi,False,10,34,67,34,52.29,43.17,64,1,True,False,False,0.8916401947968874,0.45274469960737107,0.0,1.0
2024-03-05,1,53,2024,3,5,1,Mardi,False,10,63,63,63,50.86,43.93,65,1,True,False,False,0.8992961915530253,0.4373400963303323,0.7818314824680298,0.6234898018587336
2024-03-06,1,68,2024,3,6,2,Mercredi,False,10,53,57,53,52.43,44.73,66,1,False,False,False,0.9066860720977985,0.4218060770826634,0.9749279121818236,-0.22252093395631434
2024-03-07,1,53,2024,3,7,3,Jeudi,False,10,68,55,68,52.14,44.27,67,1,False,False,False,0.9138076496466615,0.4061472386305789,0.43388373911755823,-0.900968867902419
2024-03-08,1,54,2024,3,8,4,Vendredi,False,10,53,55,53,52.0,43.93,68,1,False,False,False,0.9206588168102428,0.3903682146763026,-0.433883739117558,-0.9009688679024191
2024-03-09,1,22,2024,3,9,5,Samedi,True,10,54,39,54,49.57,44.67,69,1,False,False,False,0.9272375462179537,0.374473674486883,-0.9749279121818236,-0.2225209339563146
2024-03-10,1,35,2024,3,10,6,Dimanche,True,10,22,34,22,49.71,43.7,70,1,False,False,False,0.9335418911179212,0.35846832151248087,-0.7818314824680299,0.6234898018587334
2024-03-11,1,49,2024,3,11,0,Lundi,False,11,35,63,35,47.71,44.17,71,1,False,True,False,0.9395699859530622,0.342356891994542,0.0,1.0
2024-03-12,1,65,2024,3,12,1,Mardi,False,11,49,53,49,49.43,44.83,72,1,False,True,False,0.945320046913132,0.3261441535642696,0.7818314824680298,0.6234898018587336
2024-03-13,1,48,2024,3,13,2,Mercredi,False,11,65,68,65,46.57,44.93,73,1,False,True,False,0.9507903724625832,0.3098349038318025,0.9749279121818236,-0.22252093395631434
2024-03-14,1,49,2024,3,14,3,Jeudi,False,11,48,53,48,46.0,45.2,74,1,False,True,False,0.9559793438440766,0.2934339689665273,0.43388373911755823,-0.900968867902419
2024-03-15,1,57,2024,3,15,4,Vendredi,False,11,49,54,49,46.43,47.1,75,1,False,True,False,0.9608854255574977,0.27694620226893646,-0.433883739117558,-0.9009688679024191
2024-03-16,1,30,2024,3,16,5,Samedi,True,11,57,22,57,47.57,46.4,76,1,False,True,False,0.9655071658143364,0.2603764827344581,-0.9749279121818236,-0.2225209339563146
2024-03-17,1,39,2024,3,17,6,Dimanche,True,11,30,35,30,48.14,46.77,77,1,False,True,False,0.969843196967294,0.24372971360968387,-0.7818314824680299,0.6234898018587334
2024-03-18,1,59,2024,3,18,0,Lundi,False,12,39,49,39,49.57,47.23,78,1,False,True,False,0.9738922359149924,0.22701082094141847,0.0,1.0
2024-03-19,1,64,2024,3,19,1,Mardi,False,12,59,65,59,49.43,48.17,79,1,False,True,False,0.9776530844816641,0.2102247521189836,0.7818314824680298,0.6234898018587336
2024-03-20,1,54,2024,3,20,2,Mercredi,False,12,64,48,64,50.29,48.33,80,1,False,True,False,0.981124629771712,0.19337647441020586,0.9749279121818236,-0.22252093395631434
2024-03-21,1,66,2024,3,21,3,Jeudi,False,12,54,49,54,52.71,49.2,81,1,False,False,False,0.984305844499033,0.17647097349152166,0.43388373911755823,-0.900968867902419
2024-03-22,1,45,2024,3,22,4,Vendredi,False,12,66,57,66,51.0,49.07,82,1,False,False,False,0.9871957872910085,0.15951325197263655,-0.433883739117558,-0.9009688679024191
2024-03-23,1,37,2024,3,23,5,Samedi,True,12,45,30,45,52.0,48.43,83,1,False,False,False,0.9897936029670716,0.14250832791617088,-0.9749279121818236,-0.2225209339563146
2024-03-24,1,32,2024,3,24,6,Dimanche,True,12,37,39,37,51.0,48.13,84,1,False,False,False,0.992098522791769,0.12546123335273648,-0.7818314824680299,0.6234898018587334
2024-03-25,1,57,2024,3,25,0,Lundi,False,13,32,59,32,50.71,48.97,85,1,False,False,False,0.9941098647022418,0.10837701279187609,0.0,1.0
2024-03-26,1,69,2024,3,26,1,Mardi,False,13,57,64,57,51.43,51.27,86,1,False,False,True,0.9958270335100595,0.09126072172931188,0.7818314824680298,0.6234898018587336
2024-03-27,1,25,2024,3,27,2,Mercredi,False,13,69,54,69,47.29,49.87,87,1,False,False,True,0.9972495210773451,0.07411742515094437,0.9749279121818236,-0.22252093395631434
2024-03-28,1,75,2024,3,28,3,Jeudi,False,13,25,66,25,48.57,50.27,88,1,False,False,True,0.998376906467142,0.056952196034039754,0.43388373911755823,-0.900968867902419
2024-03-29,1,49,2024,3,29,4,Vendredi,False,13,75,45,75,49.14,50.0,89,1,False,False,True,0.9992088560679753,0.03977011384605572,-0.433883739117558,-0.9009688679024191
2024-03-30,1,37,2024,3,30,5,Samedi,True,13,49,37,49,49.14,49.4,90,1,False,False,True,0.9997451236925734,0.022576263041545485,-0.9749279121818236,-0.2225209339563146
2024-03-31,1,39,2024,3,31,6,Dimanche,True,13,37,32,37,50.14,48.87,91,1,False,False,True,0.9999855506507186,0.005375731557583884,-0.7818314824680299,0.6234898018587334
2024-04-01,1,60,2024,4,1,0,Lundi,False,14,39,57,39,50.57,49.57,92,2,True,False,False,0.9999300657962057,-0.011826390691832589,0.0,1.0
2024-04-02,1,48,2024,4,2,1,Mardi,False,14,60,69,60,47.57,50.03,93,2,True,False,False,0.9995786855478958,-0.029025013321975237,0.7818314824680298,0.6234898018587336
2024-04-03,1,50,2024,4,3,2,Mercredi,False,14,48,25,48,51.14,49.6,94,2,True,False,False,0.9989315138848577,-0.046215046983708354,0.9749279121818236,-0.22252093395631434
2024-04-04,1,68,2024,4,4,3,Jeudi,False,14,50,75,50,50.14,50.1,95,2,True,False,False,0.9979887423155984,-0.06339140486951038,0.43388373911755823,-0.900968867902419
2024-04-05,1,51,2024,4,5,4,Vendredi,False,14,68,49,68,50.43,49.53,96,2,True,False,False,0.9967506498213929,-0.08054900421874167,-0.433883739117558,-0.9009688679024191
2024-04-06,1,0,2024,4,6,5,Samedi,True,14,51,37,51,45.14,47.77,97,2,False,False,False,0.9952176027737294,-0.09768276782171598,-0.9749279121818236,-0.2225209339563146
2024-04-07,1,47,2024,4,7,6,Dimanche,True,14,0,39,0,46.29,47.53,98,2,False,False,False,0.9933900548258936,-0.11478762552212701,-0.7818314824680299,0.6234898018587334
2024-04-08,1,59,2024,4,8,0,Lundi,False,15,47,60,47,46.14,48.77,99,2,False,False,False,0.9912685467787256,-0.13185851571739118,0.0,1.0
2024-04-09,1,51,2024,4,9,1,Mardi,False,15,59,48,59,46.57,49.3,100,2,False,False,False,0.9888537064205885,-0.1488903868564548,0.7818314824680298,0.6234898018587336
2024-04-10,1,44,2024,4,10,2,Mercredi,False,15,51,50,51,45.71,49.13,101,2,False,False,False,0.986146248341595,-0.16587819893463143,0.9749279121818236,-0.22252093395631434
2024-04-11,1,58,2024,4,11,3,Jeudi,False,15,44,68,44,44.29,48.9,102,2,False,True,False,0.9831469737221499,-0.1828169249850199,0.43388373911755823,-0.900968867902419
2024-04-12,1,57,2024,4,12,4,Vendredi,False,15,58,51,58,45.14,49.2,103,2,False,True,False,0.9798567700958665,-0.1997015525660636,-0.433883739117558,-0.9009688679024191
2024-04-13,1,40,2024,4,13,5,Samedi,True,15,57,0,57,50.86,48.9,104,2,False,True,False,0.9762766110869321,-0.21652708524481437,-0.9749279121818236,-0.2225209339563146
2024-04-14,1,43,2024,4,14,6,Dimanche,True,15,40,47,40,50.29,48.43,105,2,False,True,False,0.9724075561219968,-0.23328854407545518,-0.7818314824680299,0.6234898018587334
2024-04-15,1,46,2024,4,15,0,Lundi,False,16,43,59,43,48.43,48.97,106,2,False,True,False,0.9682507501166718,-0.2499809690726521,0.0,1.0
2024-04-16,1,82,2024,4,16,1,Mardi,False,16,46,51,46,52.86,50.4,107,2,False,True,False,0.9638074231367307,-0.26659942067929354,0.7818314824680298,0.6234898018587336
2024-04-17,1,58,2024,4,17,2,Mercredi,False,16,82,44,82,54.86,50.37,108,2,False,True,False,0.9590788900341131,-0.28313898122818354,0.9749279121818236,-0.22252093395631434
2024-04-18,1,47,2024,4,18,3,Jeudi,False,16,58,58,58,53.29,49.8,109,2,False,True,False,0.9540665500578387,-0.2995947563972602,0.43388373911755823,-0.900968867902419
2024-04-19,1,65,2024,4,19,4,Vendredi,False,16,47,57,47,54.43,50.17,110,2,False,True,False,0.9487718864399473,-0.31596187665790293,-0.433883739117558,-0.9009688679024191
2024-04-20,1,38,2024,4,20,5,Samedi,True,16,65,40,65,54.14,49.23,111,2,False,True,False,0.9431964659565866,-0.33223549871590435,-0.9749279121818236,-0.2225209339563146
2024-04-21,1,43,2024,4,21,6,Dimanche,True,16,38,43,38,54.14,49.17,112,2,False,False,False,0.9373419384643772,-0.3484108069446808,-0.7818314824680299,0.6234898018587334
2024-04-22,1,54,2024,4,22,0,Lundi,False,17,43,46,43,55.29,49.73,113,2,False,False,False,0.9312100364121947,-0.3644830148102912,0.0,1.0
2024-04-23,1,61,2024,4,23,1,Mardi,False,17,54,82,54,52.29,50.7,114,2,False,False,False,0.9248025743285089,-0.38044736628785164,0.7818314824680298,0.6234898018587336
2024-04-24,1,58,2024,4,24,2,Mercredi,False,17,61,58,61,52.29,50.73,115,2,False,False,False,0.9181214482844364,-0.39629913726891813,0.9749279121818236,-0.22252093395631434
2024-04-25,1,47,2024,4,25,3,Jeudi,False,17,58,47,58,52.29,50.0,116,2,False,False,False,0.9111686353326631,-0.41203363695942635,0.43388373911755823,-0.900968867902419
2024-04-26,1,41,2024,4,26,4,Vendredi,False,17,47,65,47,48.86,50.53,117,2,False,False,True,0.9039461929224011,-0.42764620926777464,-0.433883739117558,-0.9009688679024191
2024-04-27,1,45,2024,4,27,5,Samedi,True,17,41,38,41,49.86,49.53,118,2,False,False,True,0.8964562582905575,-0.44313223418263453,-0.9749279121818236,-0.2225209339563146
2024-04-28,1,39,2024,4,28,6,Dimanche,True,17,45,43,45,49.29,49.2,119,2,False,False,True,0.8887010478292915,-0.45848712914008766,-0.7818314824680299,0.6234898018587334
2024-04-29,1,69,2024,4,29,0,Lundi,False,18,39,54,39,51.43,50.27,120,2,False,False,True,0.8806828564301475,-0.47370635037968,0.0,1.0
2024-04-30,1,0,2024,4,30,1,Mardi,False,18,69,61,69,42.71,48.97,121,2,False,False,True,0.8724040568049612,-0.48878539428899265,0.7818314824680298,0.6234898018587336
2024-05-01,1,0,2024,5,1,2,Mercredi,False,18,0,58,0,34.43,46.97,122,2,True,False,False,0.8638670987837349,-0.503719798736334,0.9749279121818236,-0.22252093395631434
2024-05-02,1,55,2024,5,2,3,Jeudi,False,18,0,47,0,35.57,47.2,123,2,True,False,False,0.8550745085896932,-0.518505144391157,0.43388373911755823,-0.900968867902419
2024-05-03,1,60,2024,5,3,4,Vendredi,False,18,55,41,55,38.29,47.53,124,2,True,False,False,0.8460288880917339,-0.533137056031809,-0.433883739117558,-0.9009688679024191
2024-05-04,1,56,2024,5,4,5,Samedi,True,18,60,45,60,39.86,47.13,125,2,True,False,False,0.8367329140344921,-0.5476112038402312,-0.9749279121818236,-0.2225209339563146
2024-05-05,1,29,2024,5,5,6,Dimanche,True,18,56,39,56,38.43,46.4,126,2,True,False,False,0.8271893372462497,-0.5619233046832195,-0.7818314824680299,0.6234898018587334
2024-05-06,1,57,2024,5,6,0,Lundi,False,19,29,69,29,36.71,48.3,127,2,False,False,False,0.8174009818249189,-0.5760691233798758,0.0,1.0
2024-05-07,1,67,2024,5,7,1,Mardi,False,19,57,0,57,46.29,48.97,128,2,False,False,False,0.8073707443023492,-0.5900444739548627,0.7818314824680298,0.6234898018587336
2024-05-08,1,56,2024,5,8,2,Mercredi,False,19,67,0,67,54.29,48.87,129,2,False,False,False,0.7971015927871943,-0.6038452208771035,0.9749279121818236,-0.22252093395631434
2024-05-09,1,55,2024,5,9,3,Jeudi,False,19,56,55,56,54.29,49.0,130,2,False,False,False,0.7865965660866021,-0.6174672802835514,0.43388373911755823,-0.900968867902419
2024-05-10,1,42,2024,5,10,4,Vendredi,False,19,55,60,55,51.71,48.93,131,2,False,False,False,0.7758587728069828,-0.6309066211876704,-0.433883739117558,-0.9009688679024191
2024-05-11,1,53,2024,5,11,5,Samedi,True,19,42,56,42,51.29,48.77,132,2,False,True,False,0.7648913904341225,-0.6441592666722685,-0.9749279121818236,-0.2225209339563146
2024-05-12,1,52,2024,5,12,6,Dimanche,True,19,53,29,53,54.57,48.6,133,2,False,True,False,0.753697664392914,-0.6572212950663319,-0.7818314824680299,0.6234898018587334
2024-05-13,1,49,2024,5,13,0,Lundi,False,20,52,57,52,53.43,48.9,134,2,False,True,False,0.742280907086982,-0.6700888411055113,0.0,1.0
2024-05-14,1,54,2024,5,14,1,Mardi,False,20,49,67,49,51.57,49.27,135,2,False,True,False,0.7306444969184916,-0.6827580970759147,0.7818314824680298,0.6234898018587336
2024-05-15,1,0,2024,5,15,2,Mercredi,False,20,54,56,54,43.57,47.73,136,2,False,True,False,0.7187918772884232,-0.6952253139408722,0.9749279121818236,-0.22252093395631434
2024-05-16,1,61,2024,5,16,3,Jeudi,False,20,0,55,0,44.43,47.03,137,2,False,True,False,0.7067265555776158,-0.7074868024503348,0.43388373911755823,-0.900968867902419
2024-05-17,1,52,2024,5,17,4,Vendredi,False,20,61,42,61,45.86,46.83,138,2,False,True,False,0.6944521021088763,-0.719538934232584,-0.433883739117558,-0.9009688679024191
2024-05-18,1,28,2024,5,18,5,Samedi,True,20,52,53,52,42.29,46.2,139,2,False,True,False,0.6819721490904629,-0.7313781428679254,-0.9749279121818236,-0.2225209339563146
2024-05-19,1,24,2024,5,19,6,Dimanche,True,20,28,52,28,38.29,44.83,140,2,False,True,False,0.6692903895412567,-0.7430009249440493,-0.7818314824680299,0.6234898018587334
2024-05-20,1,69,2024,5,20,0,Lundi,False,21,24,49,24,41.14,45.87,141,2,False,True,False,0.6564105761979381,-0.7544038410927472,0.0,1.0
2024-05-21,1,51,2024,5,21,1,Mardi,False,21,69,54,69,40.71,46.13,142,2,False,False,False,0.6433365204044917,-0.765583517007675,0.7818314824680298,0.6234898018587336
2024-05-22,1,40,2024,5,22,2,Mercredi,False,21,51,0,51,46.43,45.67,143,2,False,False,False,0.6300720909843687,-0.7765366444428655,0.9749279121818236,-0.22252093395631434
2024-05-23,1,54,2024,5,23,3,Jeudi,False,21,40,61,40,45.43,45.43,144,2,False,False,False,0.6166212130956382,-0.7872599821916922,0.43388373911755823,-0.900968867902419
2024-05-24,1,67,2024,5,24,4,Vendredi,False,21,54,52,54,47.57,45.73,145,2,False,False,False,0.6029878670694714,-0.7977503570459932,-0.433883739117558,-0.9009688679024191
2024-05-25,1,34,2024,5,25,5,Samedi,True,21,67,28,67,48.43,45.3,146,2,False,False,False,0.5891760872322963,-0.8080046647350754,-0.9749279121818236,-0.2225209339563146
2024-05-26,1,40,2024,5,26,6,Dimanche,True,21,34,24,34,50.71,45.27,147,2,False,False,True,0.5751899607119775,-0.8180198708443174,-0.7818314824680299,0.6234898018587334
2024-05-27,1,71,2024,5,27,0,Lundi,False,22,40,69,40,51.0,46.13,148,2,False,False,True,0.5610336262283677,-0.8277930117131022,0.0,1.0
2024-05-28,1,52,2024,5,28,1,Mardi,False,22,71,51,71,51.14,46.57,149,2,False,False,True,0.5467112728685939,-0.8373211953118121,0.7818314824680298,0.6234898018587336
2024-05-29,1,81,2024,5,29,2,Mercredi,False,22,52,40,52,57.0,46.97,150,2,False,False,True,0.5322271388474397,-0.8466016020976267,0.9749279121818236,-0.22252093395631434
2024-05-30,1,68,2024,5,30,3,Jeudi,False,22,81,54,81,59.0,49.23,151,2,False,False,True,0.5175855102531889,-0.8556314858488706,0.43388373911755823,-0.900968867902419
2024-05-31,1,48,2024,5,31,4,Vendredi,False,22,68,67,68,56.29,50.83,152,2,False,False,True,0.5027907197793043,-0.8644081744776648,-0.433883739117558,-0.9009688679024191
2024-06-01,1,40,2024,6,1,5,Samedi,True,22,48,34,48,57.14,50.33,153,2,True,False,False,0.4878471454423119,-0.8729290708206411,-0.9749279121818236,-0.2225209339563146
2024-06-02,1,51,2024,6,2,6,Dimanche,True,22,40,40,40,58.71,50.03,154,2,True,False,False,0.47275920928627757,-0.881191653407483,-0.7818314824680299,0.6234898018587334
2024-06-03,1,64,2024,6,3,0,Lundi,False,23,51,71,51,57.71,50.3,155,2,True,False,False,0.4575313760742512,-0.8891934772070711,0.0,1.0
2024-06-04,1,51,2024,6,4,1,Mardi,False,23,64,52,64,57.57,51.03,156,2,True,False,False,0.44216815196707204,-0.8969321743510065,0.7818314824680298,0.6234898018587336
2024-06-05,1,95,2024,6,5,2,Mercredi,False,23,51,81,51,59.57,52.3,157,2,True,False,False,0.42667408318992467,-0.9044054548343001,0.9749279121818236,-0.22252093395631434
2024-06-06,1,54,2024,6,6,3,Jeudi,False,23,95,68,95,57.57,51.87,158,2,False,False,False,0.4110537546870351,-0.9116111071930239,0.43388373911755823,-0.900968867902419
2024-06-07,1,76,2024,6,7,4,Vendredi,False,23,54,48,54,61.57,52.53,159,2,False,False,False,0.3953117887649151,-0.9185469991587165,-0.433883739117558,-0.9009688679024191
2024-06-08,1,59,2024,6,8,5,Samedi,True,23,76,40,76,64.29,52.67,160,2,False,False,False,0.37945284372454435,-0.925211078289358,-0.9749279121818236,-0.2225209339563146
2024-06-09,1,43,2024,6,9,6,Dimanche,True,23,59,51,59,63.14,52.7,161,2,False,False,False,0.36348161248290634,-0.9316013725767187,-0.7818314824680299,0.6234898018587334
2024-06-10,1,60,2024,6,10,0,Lundi,False,24,43,64,43,62.57,52.93,162,2,False,False,False,0.3474028211842774,-0.9377159910299093,0.0,1.0
2024-06-11,1,62,2024,6,11,1,Mardi,False,24,60,51,60,64.14,53.27,163,2,False,True,False,0.3312212278016865,-0.9435531242349544,0.7818314824680298,0.6234898018587336
2024-06-12,1,52,2024,6,12,2,Mercredi,False,24,62,95,62,58.0,53.37,164,2,False,True,False,0.31494162072895193,-0.9491110448902284,0.9749279121818236,-0.22252093395631434
2024-06-13,1,61,2024,6,13,3,Jeudi,False,24,52,54,52,59.0,53.6,165,2,False,True,False,0.2985688173637202,-0.9543881083175908,0.43388373911755823,-0.900968867902419
2024-06-14,1,62,2024,6,14,4,Vendredi,False,24,61,76,61,57.0,55.67,166,2,False,True,False,0.2821076626819194,-0.9593827529490743,-0.433883739117558,-0.9009688679024191
2024-06-15,1,57,2024,6,15,5,Samedi,True,24,62,59,62,56.71,55.53,167,2,False,True,False,0.26556302780405594,-0.9640935007889755,-0.9749279121818236,-0.2225209339563146
2024-06-16,1,35,2024,6,16,6,Dimanche,True,24,57,43,57,55.57,54.97,168,2,False,True,False,0.24893980855376657,-0.9685189578512204,-0.7818314824680299,0.6234898018587334
2024-06-17,1,52,2024,6,17,0,Lundi,False,25,35,60,35,54.43,55.77,169,2,False,True,False,0.23224292400907015,-0.9726578145718654,0.0,1.0
2024-06-18,1,64,2024,6,18,1,Mardi,False,25,52,62,52,54.71,57.1,170,2,False,True,False,0.21547731504673012,-0.976508846196619,0.7818314824680298,0.6234898018587336
2024-06-19,1,58,2024,6,19,2,Mercredi,False,25,64,52,64,55.57,56.73,171,2,False,True,False,0.19864794288017112,-0.9800709131432666,0.9749279121818236,-0.22252093395631434
2024-06-20,1,68,2024,6,20,3,Jeudi,False,25,58,61,58,56.57,57.3,172,2,False,True,False,0.18175978759137534,-0.9833429613388902,0.43388373911755823,-0.900968867902419
2024-06-21,1,82,2024,6,21,4,Vendredi,False,25,68,62,68,59.43,58.7,173,2,False,False,False,0.16481784665719793,-0.9863240225317866,-0.433883739117558,-0.9009688679024191
2024-06-22,1,55,2024,6,22,5,Samedi,True,25,82,57,82,59.14,58.73,174,2,False,False,False,0.14782713347053048,-0.9890132145779883,-0.9749279121818236,-0.2225209339563146
2024-06-23,1,52,2024,6,23,6,Dimanche,True,25,55,35,55,61.57,58.23,175,2,False,False,False,0.13079267585675922,-0.9914097417023038,-0.7818314824680299,0.6234898018587334
2024-06-24,1,69,2024,6,24,0,Lundi,False,26,52,52,52,64.0,59.4,176,2,False,False,False,0.11371951458594969,-0.9935128947338007,0.0,1.0
2024-06-25,1,52,2024,6,25,1,Mardi,False,26,69,64,69,62.29,59.8,177,2,False,False,False,0.0966127018812031,-0.9953220513156602,0.7818314824680298,0.6234898018587336
2024-06-26,1,53,2024,6,26,2,Mercredi,False,26,52,58,52,61.57,59.2,178,2,False,False,True,0.07947729992362097,-0.9968366760893436,0.9749279121818236,-0.22252093395631434
2024-06-27,1,69,2024,6,27,3,Jeudi,False,26,53,68,53,61.71,59.77,179,2,False,False,True,0.062318379354325076,-0.998056320853012,0.43388373911755823,-0.900968867902419
2024-06-28,1,67,2024,6,28,4,Vendredi,False,26,69,82,69,59.57,59.3,180,2,False,False,True,0.04514101777397193,-0.9989806246941579,-0.433883739117558,-0.9009688679024191
2024-06-29,1,46,2024,6,29,5,Samedi,True,26,67,55,67,58.29,58.57,181,2,False,False,True,0.02795029824021032,-0.999609314096404,-0.9749279121818236,-0.2225209339563146
2024-06-30,1,46,2024,6,30,6,Dimanche,True,26,46,52,46,57.43,58.5,182,2,False,False,True,0.01075130776352193,-0.9999422030204416,-0.7818314824680299,0.6234898018587334
2024-07-01,1,0,2024,7,1,0,Lundi,False,27,46,69,46,47.57,57.17,183,3,True,False,False,-0.00645086419810515,-0.9999791929590823,0.0,1.0
2024-07-02,1,0,2024,7,2,1,Mardi,False,27,0,52,0,40.14,55.47,184,3,True,False,False,-0.023651127245231586,-0.9997202729664083,0.7818314824680298,0.6234898018587336
2024-07-03,1,67,2024,7,3,2,Mercredi,False,27,0,53,0,42.14,55.57,185,3,True,False,False,-0.04084439154329611,-0.9991655196610109,0.9749279121818236,-0.22252093395631434
2024-07-04,1,70,2024,7,4,3,Jeudi,False,27,67,69,67,42.29,56.2,186,3,True,False,False,-0.05802556932878035,-0.9983150972033183,0.43388373911755823,-0.900968867902419
2024-07-05,1,0,2024,7,5,4,Vendredi,False,27,70,67,70,32.71,53.03,187,3,True,False,False,-0.07518957641475855,-0.9971692572470178,-0.433883739117558,-0.9009688679024191
2024-07-06,1,65,2024,7,6,5,Samedi,True,27,0,46,0,35.43,53.4,188,3,False,False,False,-0.09233133369539122,-0.9957283388645872,-0.9749279121818236,-0.2225209339563146
2024-07-07,1,62,2024,7,7,6,Dimanche,True,27,65,46,65,37.71,52.93,189,3,False,False,False,-0.10944576864891556,-0.993992768446958,-0.7818314824680299,0.6234898018587334
2024-07-08,1,46,2024,7,8,0,Lundi,False,28,62,0,62,44.29,52.5,190,3,False,False,False,-0.12652781683868314,-0.9919630595773397,0.0,1.0
2024-07-09,1,91,2024,7,9,1,Mardi,False,28,46,0,46,57.29,54.1,191,3,False,False,False,-0.1435724234118113,-0.9896398128792412,0.7818314824680298,0.6234898018587336
2024-07-10,1,46,2024,7,10,2,Mercredi,False,28,91,67,91,54.29,53.63,192,3,False,False,False,-0.16057454459499376,-0.9870237158387383,0.9749279121818236,-0.22252093395631434
2024-07-11,1,79,2024,7,11,3,Jeudi,False,28,46,70,46,55.57,54.2,193,3,False,True,False,-0.17752914918703497,-0.984115542601034,0.43388373911755823,-0.900968867902419
2024-07-12,1,94,2024,7,12,4,Vendredi,False,28,79,0,79,69.0,55.6,194,3,False,True,False,-0.19443122004766195,-0.9809161537413774,-0.433883739117558,-0.9009688679024191
2024-07-13,1,43,2024,7,13,5,Samedi,True,28,94,65,94,65.86,55.0,195,3,False,True,False,-0.2112757555821793,-0.9774264960104055,-0.9749279121818236,-0.2225209339563146
2024-07-14,1,48,2024,7,14,6,Dimanche,True,28,43,62,43,63.86,54.53,196,3,False,True,False,-0.2280577712215198,-0.9736476020539838,-0.7818314824680299,0.6234898018587334
2024-07-15,1,67,2024,7,15,0,Lundi,False,29,48,46,48,66.86,54.87,197,3,False,True,False,-0.24477230089725957,-0.9695805901076308,0.0,1.0
2024-07-16,1,83,2024,7,16,1,Mardi,False,29,67,91,67,65.71,56.47,198,3,False,True,False,-0.2614143985111562,-0.965226663665613,0.7818314824680298,0.6234898018587336
2024-07-17,1,69,2024,7,17,2,Mercredi,False,29,83,46,83,69.0,57.03,199,3,False,True,False,-0.2779791393987801,-0.9605871111248129,0.9749279121818236,-0.22252093395631434
2024-07-18,1,79,2024,7,18,3,Jeudi,False,29,69,79,69,69.0,57.53,200,3,False,True,False,-0.2944616217868012,-0.9556633054034704,0.43388373911755823,-0.900968867902419
2024-07-19,1,57,2024,7,19,4,Vendredi,False,29,79,94,79,63.71,57.5,201,3,False,True,False,-0.3108569682435036,-0.9504567035349151,-0.433883739117558,-0.9009688679024191
2024-07-20,1,35,2024,7,20,5,Samedi,True,29,57,43,57,62.57,56.4,202,3,False,True,False,-0.3271603271220951,-0.9449688462364056,-0.9749279121818236,-0.2225209339563146
2024-07-21,1,44,2024,7,21,6,Dimanche,True,29,35,48,35,62.0,55.13,203,3,False,False,False,-0.34336687399638804,-0.939201357453208,-0.7818314824680299,0.6234898018587334
2024-07-22,1,49,2024,7,22,0,Lundi,False,30,44,67,44,59.43,54.93,204,3,False,False,False,-0.3594718130884232,-0.9331559438780432,0.0,1.0
2024-07-23,1,82,2024,7,23,1,Mardi,False,30,49,83,49,59.29,55.93,205,3,False,False,False,-0.3754703786876202,-0.9268343944460494,0.7818314824680298,0.6234898018587336
2024-07-24,1,83,2024,7,24,2,Mercredi,False,30,82,69,82,61.29,56.4,206,3,False,False,False,-0.3913578365610259,-0.9202385798054075,0.9749279121818236,-0.22252093395631434
2024-07-25,1,59,2024,7,25,3,Jeudi,False,30,83,79,83,58.43,56.63,207,3,False,False,False,-0.4071294853542516,-0.9133704517637858,0.43388373911755823,-0.900968867902419
2024-07-26,1,85,2024,7,26,4,Vendredi,False,30,59,57,59,62.43,57.7,208,3,False,False,True,-0.4227806579826773,-0.9062320427107697,-0.433883739117558,-0.9009688679024191
2024-07-27,1,51,2024,7,27,5,Samedi,True,30,85,35,85,64.71,57.1,209,3,False,False,True,-0.4383067230125192,-0.898825465016444,-0.9749279121818236,-0.2225209339563146
2024-07-28,1,37,2024,7,28,6,Dimanche,True,30,51,44,51,63.71,56.1,210,3,False,False,True,-0.45370308603134424,-0.8911529104063088,-0.7818314824680299,0.6234898018587334
2024-07-29,1,70,2024,7,29,0,Lundi,False,31,37,49,37,66.71,56.9,211,3,False,False,True,-0.46896519100763184,-0.8832166493127127,0.0,1.0
2024-07-30,1,70,2024,7,30,1,Mardi,False,31,70,82,70,65.0,57.7,212,3,False,False,True,-0.48408852163897587,-0.8750190302029955,0.7818314824680298,0.6234898018587336
2024-07-31,1,82,2024,7,31,2,Mercredi,False,31,70,83,70,64.86,60.43,213,3,False,False,True,-0.4990686026885319,-0.8665624788845385,0.9749279121818236,-0.22252093395631434
2024-08-01,1,88,2024,8,1,3,Jeudi,False,31,82,59,82,69.0,63.37,214,3,True,False,False,-0.5139010013093103,-0.8578494977869301,0.43388373911755823,-0.900968867902419
2024-08-02,1,86,2024,8,2,4,Vendredi,False,31,88,85,88,69.14,64.0,215,3,True,False,False,-0.5285813283559292,-0.8488826652214553,-0.433883739117558,-0.9009688679024191
2024-08-03,1,48,2024,8,3,5,Samedi,True,31,86,51,86,68.71,63.27,216,3,True,False,False,-0.5431052396834317,-0.8396646346181327,-0.9749279121818236,-0.2225209339563146
2024-08-04,1,64,2024,8,4,6,Dimanche,True,31,48,37,48,72.57,65.4,217,3,True,False,False,-0.5574684374327892,-0.8301981337405212,-0.7818314824680299,0.6234898018587334
2024-08-05,1,71,2024,8,5,0,Lundi,False,32,64,70,64,72.71,65.6,218,3,True,False,False,-0.5716666713027052,-0.8204859638785327,0.0,1.0
2024-08-06,1,68,2024,8,6,1,Mardi,False,32,71,70,71,72.43,65.8,219,3,False,False,False,-0.5856957398073508,-0.8105309990194823,0.7818314824680298,0.6234898018587336
2024-08-07,1,57,2024,8,7,2,Mercredi,False,32,68,82,68,68.86,66.17,220,3,False,False,False,-0.5995514915196489,-0.8003361849976323,0.9749279121818236,-0.22252093395631434
2024-08-08,1,0,2024,8,8,3,Jeudi,False,32,57,88,57,56.29,63.13,221,3,False,False,False,-0.6132298262997502,-0.7899045386224707,0.43388373911755823,-0.900968867902419
2024-08-09,1,70,2024,8,9,4,Vendredi,False,32,0,86,0,54.0,63.93,222,3,False,False,False,-0.6267266965083301,-0.7792391467859886,-0.433883739117558,-0.9009688679024191
2024-08-10,1,61,2024,8,10,5,Samedi,True,32,70,48,70,55.86,63.33,223,3,False,False,False,-0.6400381082043503,-0.7683431655492202,-0.9749279121818236,-0.2225209339563146
2024-08-11,1,38,2024,8,11,6,Dimanche,True,32,61,64,61,52.14,61.47,224,3,False,True,False,-0.65316012232693,-0.7572198192083127,-0.7818314824680299,0.6234898018587334
2024-08-12,1,109,2024,8,12,0,Lundi,False,33,38,71,38,57.57,63.67,225,3,False,True,False,-0.666088855860977,-0.7458723993404063,0.0,1.0
2024-08-13,1,79,2024,8,13,1,Mardi,False,33,109,68,109,59.14,64.7,226,3,False,True,False,-0.6788204829862355,-0.734304263829602,0.7818314824680298,0.6234898018587336
2024-08-14,1,60,2024,8,14,2,Mercredi,False,33,79,57,79,59.57,64.47,227,3,False,True,False,-0.6913512362094071,-0.722518835873311,0.9749279121818236,-0.22252093395631434
2024-08-15,1,59,2024,8,15,3,Jeudi,False,33,60,0,60,68.0,63.67,228,3,False,True,False,-0.7036774074790128,-0.7105196029692745,0.43388373911755823,-0.900968867902419
2024-08-16,1,48,2024,8,16,4,Vendredi,False,33,59,70,59,64.86,62.97,229,3,False,True,False,-0.7157953492826642,-0.6983101158835584,-0.433883739117558,-0.9009688679024191
2024-08-17,1,54,2024,8,17,5,Samedi,True,33,48,61,48,63.86,62.13,230,3,False,True,False,-0.7277014757264236,-0.6858939875998223,-0.9749279121818236,-0.2225209339563146
2024-08-18,1,46,2024,8,18,6,Dimanche,True,33,54,38,54,65.0,61.77,231,3,False,True,False,-0.7393922635959241,-0.673274892250183,-0.7818314824680299,0.6234898018587334
2024-08-19,1,80,2024,8,19,0,Lundi,False,34,46,109,46,60.86,63.27,232,3,False,True,False,-0.7508642533989489,-0.6604565640279754,0.0,1.0
2024-08-20,1,56,2024,8,20,1,Mardi,False,34,80,79,80,57.57,63.67,233,3,False,True,False,-0.7621140503891487,-0.6474427960827475,0.7818314824680298,0.6234898018587336
2024-08-21,1,83,2024,8,21,2,Mercredi,False,34,56,60,56,60.86,64.8,234,3,False,False,False,-0.7731383255706026,-0.6342374393978054,0.9749279121818236,-0.22252093395631434
2024-08-22,1,99,2024,8,22,3,Jeudi,False,34,83,59,83,66.57,65.37,235,3,False,False,False,-0.7839338166829201,-0.620844401650647,0.43388373911755823,-0.900968867902419
2024-08-23,1,92,2024,8,23,4,Vendredi,False,34,99,48,99,72.86,65.67,236,3,False,False,False,-0.7944973291665992,-0.6072676460566135,-0.433883739117558,-0.9009688679024191
2024-08-24,1,34,2024,8,24,5,Samedi,True,34,92,54,92,70.0,64.83,237,3,False,False,False,-0.8048257371083452,-0.593511190196115,-0.9749279121818236,-0.2225209339563146
2024-08-25,1,44,2024,8,25,6,Dimanche,True,34,34,46,34,69.71,63.47,238,3,False,False,False,-0.8149159841660791,-0.5795791048257612,-0.7818314824680299,0.6234898018587334
2024-08-26,1,77,2024,8,26,0,Lundi,False,35,44,80,44,69.29,64.33,239,3,False,False,True,-0.8247650844733614,-0.5654755126737576,0.0,1.0
2024-08-27,1,69,2024,8,27,1,Mardi,False,35,77,56,77,71.14,65.4,240,3,False,False,True,-0.8343701235229538,-0.5512045872199277,0.7818314824680298,0.6234898018587336
2024-08-28,1,83,2024,8,28,2,Mercredi,False,35,69,83,69,71.14,65.83,241,3,False,False,True,-0.8437282590292712,-0.5367705514607103,0.9749279121818236,-0.22252093395631434
2024-08-29,1,96,2024,8,29,3,Jeudi,False,35,83,99,83,70.71,66.7,242,3,False,False,True,-0.8528367217694595,-0.522177676659508,0.43388373911755823,-0.900968867902419
2024-08-30,1,57,2024,8,30,4,Vendredi,False,35,96,92,96,65.71,65.87,243,3,False,False,True,-0.8616928164028522,-0.5074302810827518,-0.433883739117558,-0.9009688679024191
2024-08-31,1,0,2024,8,31,5,Samedi,True,35,57,34,57,60.86,62.93,244,3,False,False,True,-0.8702939222685674,-0.49253272872205434,-0.9749279121818236,-0.2225209339563146
2024-09-01,1,53,2024,9,1,6,Dimanche,True,35,0,44,0,62.14,61.83,245,3,True,False,False,-0.8786374941610001,-0.4774894280028391,-0.7818314824680299,0.6234898018587334
2024-09-02,1,83,2024,9,2,0,Lundi,False,36,53,77,53,63.0,63.0,246,3,True,False,False,-0.886721063082993,-0.46230483047981086,0.0,1.0
2024-09-03,1,68,2024,9,3,1,Mardi,False,36,83,69,83,62.86,63.13,247,3,True,False,False,-0.8945422369764496,-0.4469834295196741,0.7818314824680298,0.6234898018587336
2024-09-04,1,56,2024,9,4,2,Mercredi,False,36,68,83,68,59.0,62.63,248,3,True,False,False,-0.9020987014301837,-0.43152975897147144,0.9749279121818236,-0.22252093395631434
2024-09-05,1,71,2024,9,5,3,Jeudi,False,36,56,96,56,55.43,62.73,249,3,True,False,False,-0.9093882203647925,-0.4159483918249421,0.43388373911755823,-0.900968867902419
2024-09-06,1,94,2024,9,6,4,Vendredi,False,36,71,57,71,60.71,63.97,250,3,False,False,False,-0.9164086366943458,-0.4002439388573056,-0.433883739117558,-0.9009688679024191
2024-09-07,1,56,2024,9,7,5,Samedi,True,36,94,0,94,68.71,65.83,251,3,False,False,False,-0.9231578729647039,-0.38442104726885545,-0.9749279121818236,-0.2225209339563146
2024-09-08,1,48,2024,9,8,6,Dimanche,True,36,56,53,56,68.0,65.1,252,3,False,False,False,-0.9296339319682695,-0.3684843993077793,-0.7818314824680299,0.6234898018587334
2024-09-09,1,104,2024,9,9,0,Lundi,False,37,48,83,48,71.0,66.53,253,3,False,False,False,-0.9358348973349941,-0.35243871088460327,0.0,1.0
2024-09-10,1,68,2024,9,10,1,Mardi,False,37,104,68,104,71.0,67.53,254,3,False,False,False,-0.9417589340994617,-0.33628873017668287,0.7818314824680298,0.6234898018587336
2024-09-11,1,98,2024,9,11,2,Mercredi,False,37,68,56,68,77.0,67.17,255,3,False,True,False,-0.9474042892438845,-0.32003923622313857,0.9749279121818236,-0.22252093395631434
2024-09-12,1,84,2024,9,12,3,Jeudi,False,37,98,71,98,78.86,67.33,256,3,False,True,False,-0.9527692922168511,-0.30369503751065885,0.43388373911755823,-0.900968867902419
2024-09-13,1,67,2024,9,13,4,Vendredi,False,37,84,94,84,75.0,67.57,257,3,False,True,False,-0.9578523554276669,-0.28726097055059635,-0.433883739117558,-0.9009688679024191
2024-09-14,1,45,2024,9,14,5,Samedi,True,37,67,56,67,73.43,67.1,258,3,False,True,False,-0.9626519747161487,-0.2707418984477642,-0.9749279121818236,-0.2225209339563146
2024-09-15,1,64,2024,9,15,6,Dimanche,True,37,45,48,45,75.71,67.63,259,3,False,True,False,-0.9671667297977312,-0.2541427094613622,-0.7818314824680299,0.6234898018587334
2024-09-16,1,82,2024,9,16,0,Lundi,False,38,64,104,64,72.57,68.57,260,3,False,True,False,-0.97139528468375,-0.23746831555846842,0.0,1.0
2024-09-17,1,67,2024,9,17,1,Mardi,False,38,82,68,82,72.43,69.27,261,3,False,True,False,-0.9753363880767837,-0.2207236509605022,0.7818314824680298,0.6234898018587336
2024-09-18,1,72,2024,9,18,2,Mercredi,False,38,67,98,67,68.71,69.0,262,3,False,True,False,-0.9789888737409319,-0.20391367068311472,0.9749279121818236,-0.22252093395631434
2024-09-19,1,71,2024,9,19,3,Jeudi,False,38,72,84,72,66.86,69.5,263,3,False,True,False,-0.9823516608469237,-0.18704334906991657,0.43388373911755823,-0.900968867902419
2024-09-20,1,60,2024,9,20,4,Vendredi,False,38,71,67,71,65.86,68.73,264,3,False,True,False,-0.9854237542919524,-0.17011767832049052,-0.433883739117558,-0.9009688679024191
2024-09-21,1,34,2024,9,21,5,Samedi,True,38,60,45,60,64.29,66.57,265,3,False,False,False,-0.9882042449941422,-0.15314166701312007,-0.9749279121818236,-0.2225209339563146
2024-09-22,1,45,2024,9,22,6,Dimanche,True,38,34,64,34,61.57,65.0,266,3,False,False,False,-0.9906923101615609,-0.13612033862266704,-0.7818314824680299,0.6234898018587334
2024-09-23,1,66,2024,9,23,0,Lundi,False,39,45,82,45,59.29,66.07,267,3,False,False,False,-0.9928872135356962,-0.11905873003404988,0.0,1.0
2024-09-24,1,65,2024,9,24,1,Mardi,False,39,66,67,66,59.0,66.77,268,3,False,False,False,-0.994788305609327,-0.10196189005174576,0.7818314824680298,0.6234898018587336
2024-09-25,1,79,2024,9,25,2,Mercredi,False,39,65,72,65,60.0,66.83,269,3,False,False,False,-0.9963950238187231,-0.08483487790576538,0.9749279121818236,-0.22252093395631434
2024-09-26,1,66,2024,9,26,3,Jeudi,False,39,79,71,79,59.29,66.73,270,3,False,False,True,-0.9977068927101168,-0.06768276175455162,0.43388373911755823,-0.900968867902419
2024-09-27,1,73,2024,9,27,4,Vendredi,False,39,66,60,66,61.14,66.4,271,3,False,False,True,-0.9987235240803972,-0.050510617185222886,-0.433883739117558,-0.9009688679024191
2024-09-28,1,54,2024,9,28,5,Samedi,True,39,73,34,73,64.0,65.0,272,3,False,False,True,-0.9994446170919858,-0.033323525711631344,-0.9749279121818236,-0.2225209339563146
2024-09-29,1,66,2024,9,29,6,Dimanche,True,39,54,45,54,67.0,65.3,273,3,False,False,True,-0.9998699583618592,-0.016126573270657762,-0.7818314824680299,0.6234898018587334
2024-09-30,1,62,2024,9,30,0,Lundi,False,40,66,66,66,66.43,67.37,274,3,False,False,True,-0.9999994220246925,0.001075151282798226,0.0,1.0
2024-10-01,1,102,2024,10,1,1,Mardi,False,40,62,65,62,71.71,69.0,275,4,True,False,False,-0.999832969770105,0.018276557681691223,0.7818314824680298,0.6234898018587336
2024-10-02,1,88,2024,10,2,2,Mercredi,False,40,102,79,102,73.0,69.17,276,4,True,False,False,-0.9993706508539969,0.03547255575312556,0.9749279121818236,-0.22252093395631434
2024-10-03,1,66,2024,10,3,3,Jeudi,False,40,88,66,88,73.0,69.1,277,4,True,False,False,-0.9986126020839734,0.052658056924614005,0.43388373911755823,-0.900968867902419
2024-10-04,1,74,2024,10,4,4,Vendredi,False,40,66,73,66,73.14,69.7,278,4,True,False,False,-0.9975590477788613,0.06982797572987089,-0.433883739117558,-0.9009688679024191
2024-10-05,1,47,2024,10,5,5,Samedi,True,40,74,54,74,72.14,68.9,279,4,True,False,False,-0.9962102997023297,0.0869772313136861,-0.9749279121818236,-0.2225209339563146
2024-10-06,1,62,2024,10,6,6,Dimanche,True,40,47,66,47,71.57,67.83,280,4,False,False,False,-0.9945667569706337,0.1041007489354256,-0.7818314824680299,0.6234898018587334
2024-10-07,1,83,2024,10,7,0,Lundi,False,41,62,62,62,74.57,68.73,281,4,False,False,False,-0.9926289059345095,0.121193461470736,0.0,1.0
2024-10-08,1,54,2024,10,8,1,Mardi,False,41,83,102,83,67.71,68.93,282,4,False,False,False,-0.9903973200352558,0.1382503109109819,0.7818314824680298,0.6234898018587336
2024-10-09,1,87,2024,10,9,2,Mercredi,False,41,54,88,54,67.57,68.37,283,4,False,False,False,-0.9878726596350429,0.15526624985999563,0.9749279121818236,-0.22252093395631434
2024-10-10,1,93,2024,10,10,3,Jeudi,False,41,87,66,87,71.43,69.2,284,4,False,False,False,-0.9850556718215013,0.172236243027682,0.43388373911755823,-0.900968867902419
2024-10-11,1,66,2024,10,11,4,Vendredi,False,41,93,74,93,70.29,68.13,285,4,False,True,False,-0.981947190186646,0.18915526872004093,-0.433883739117558,-0.9009688679024191
2024-10-12,1,42,2024,10,12,5,Samedi,True,41,66,47,66,69.57,66.73,286,4,False,True,False,-0.9785481345802031,0.20601832032517084,-0.9749279121818236,-0.2225209339563146
2024-10-13,1,55,2024,10,13,6,Dimanche,True,41,42,62,42,68.57,66.33,287,4,False,True,False,-0.9748595108374125,0.22282040779479959,-0.7818314824680299,0.6234898018587334
2024-10-14,1,67,2024,10,14,0,Lundi,False,42,55,83,55,66.29,67.07,288,4,False,True,False,-0.9708824104813836,0.23955655912092708,0.0,1.0
2024-10-15,1,86,2024,10,15,1,Mardi,False,42,67,54,67,70.86,67.8,289,4,False,True,False,-0.9666180104000972,0.2562218218071163,0.7818314824680298,0.6234898018587336
2024-10-16,1,88,2024,10,16,2,Mercredi,False,42,86,87,86,71.0,68.0,290,4,False,True,False,-0.9620675724981452,0.27281126433401914,0.9749279121818236,-0.22252093395631434
2024-10-17,1,67,2024,10,17,3,Jeudi,False,42,88,93,88,67.29,68.0,291,4,False,True,False,-0.957232443323312,0.28931997761869527,0.43388373911755823,-0.900968867902419
2024-10-18,1,97,2024,10,18,4,Vendredi,False,42,67,66,67,71.71,68.83,292,4,False,True,False,-0.9521140536681102,0.3057430764672831,-0.433883739117558,-0.9009688679024191
2024-10-19,1,51,2024,10,19,5,Samedi,True,42,97,42,97,73.0,68.17,293,4,False,True,False,-0.9467139181463862,0.3220757010206104,-0.9749279121818236,-0.2225209339563146
2024-10-20,1,43,2024,10,20,6,Dimanche,True,42,51,55,51,71.29,67.6,294,4,False,True,False,-0.9410336347451197,0.3383130181923076,-0.7818314824680299,0.6234898018587334
2024-10-21,1,49,2024,10,21,0,Lundi,False,43,43,67,43,68.71,68.1,295,4,False,False,False,-0.9350748843515574,0.3544502230989869,0.0,1.0
2024-10-22,1,97,2024,10,22,1,Mardi,False,43,49,86,49,70.29,69.83,296,4,False,False,False,-0.9288394302558068,0.3704825404820963,0.7818314824680298,0.6234898018587336
2024-10-23,1,75,2024,10,23,2,Mercredi,False,43,97,88,97,68.43,70.13,297,4,False,False,False,-0.9223291176290545,0.3864052261209853,0.9749279121818236,-0.22252093395631434
2024-10-24,1,61,2024,10,24,3,Jeudi,False,43,75,67,75,67.57,70.0,298,4,False,False,False,-0.9155458729775467,0.40221356823680365,0.43388373911755823,-0.900968867902419
2024-10-25,1,91,2024,10,25,4,Vendredi,False,43,61,97,61,66.71,70.4,299,4,False,False,False,-0.9084917035725082,0.41790288888678667,-0.433883739117558,-0.9009688679024191
2024-10-26,1,55,2024,10,26,5,Samedi,True,43,91,51,91,67.29,70.03,300,4,False,False,True,-0.9011686968561569,0.4334685453485363,-0.9749279121818236,-0.2225209339563146
2024-10-27,1,70,2024,10,27,6,Dimanche,True,43,55,43,55,71.14,69.93,301,4,False,False,True,-0.8935790198239952,0.4489059314938798,-0.7818314824680299,0.6234898018587334
2024-10-28,1,95,2024,10,28,0,Lundi,False,44,70,49,70,77.71,71.3,302,4,False,False,True,-0.8857249183835637,0.4642104791518923,0.0,1.0
2024-10-29,1,86,2024,10,29,1,Mardi,False,44,95,97,95,76.14,71.97,303,4,False,False,True,-0.8776087166898392,0.4793776594606945,0.7818314824680298,0.6234898018587336
2024-10-30,1,63,2024,10,30,2,Mercredi,False,44,86,75,86,74.43,72.0,304,4,False,False,True,-0.8692328164574792,0.49440298420761813,0.9749279121818236,-0.22252093395631434
2024-10-31,1,84,2024,10,31,3,Jeudi,False,44,63,61,63,77.71,71.4,305,4,False,False,True,-0.8605996962501181,0.5092820071573356,0.43388373911755823,-0.900968867902419
2024-11-01,1,88,2024,11,1,4,Vendredi,False,44,84,91,84,77.29,71.4,306,4,True,False,False,-0.8517119107469189,0.5240103253675756,-0.433883739117558,-0.9009688679024191
2024-11-02,1,50,2024,11,2,5,Samedi,True,44,88,55,88,76.57,70.87,307,4,True,False,False,-0.8425720899866032,0.5385835804920232,-0.9749279121818236,-0.2225209339563146
2024-11-03,1,45,2024,11,3,6,Dimanche,True,44,50,70,50,73.0,69.9,308,4,True,False,False,-0.8331829385891785,0.5529974600700271,-0.7818314824680299,0.6234898018587334
2024-11-04,1,59,2024,11,4,0,Lundi,False,45,45,95,45,67.86,70.3,309,4,True,False,False,-0.8235472349556007,0.5672476988027229,0.0,1.0
2024-11-05,1,89,2024,11,5,1,Mardi,False,45,59,86,59,68.29,71.2,310,4,True,False,False,-0.8136678304455991,0.5813300798152042,0.7818314824680298,0.6234898018587336
2024-11-06,1,87,2024,11,6,2,Mercredi,False,45,89,63,89,71.71,71.33,311,4,False,False,False,-0.8035476485339116,0.5952404359043674,0.9749279121818236,-0.22252093395631434
2024-11-07,1,100,2024,11,7,3,Jeudi,False,45,87,84,87,74.0,72.87,312,4,False,False,False,-0.7931896839451843,0.6089746507720486,0.43388373911755823,-0.900968867902419
2024-11-08,1,71,2024,11,8,4,Vendredi,False,45,100,88,100,71.57,72.33,313,4,False,False,False,-0.7825970017677834,0.6225286602431057,-0.433883739117558,-0.9009688679024191
2024-11-09,1,0,2024,11,9,5,Samedi,True,45,71,50,71,64.43,69.23,314,4,False,False,False,-0.7717727365467836,0.6358984534680745,-0.9749279121818236,-0.2225209339563146
2024-11-10,1,45,2024,11,10,6,Dimanche,True,45,0,45,0,64.43,68.53,315,4,False,False,False,-0.7607200913564104,0.6490800741100398,-0.7818314824680299,0.6234898018587334
2024-11-11,1,97,2024,11,11,0,Lundi,False,46,45,59,45,69.86,70.37,316,4,False,True,False,-0.7494423368521954,0.6620696215153815,0.0,1.0
2024-11-12,1,0,2024,11,12,1,Mardi,False,46,97,89,97,57.14,68.53,317,4,False,True,False,-0.7379428103031386,0.6748632518680403,0.7818314824680298,0.6234898018587336
2024-11-13,1,68,2024,11,13,2,Mercredi,False,46,0,87,0,54.43,68.57,318,4,False,True,False,-0.7262249146041543,0.6874571793269664,0.9749279121818236,-0.22252093395631434
2024-11-14,1,72,2024,11,14,3,Jeudi,False,46,68,100,68,50.43,68.1,319,4,False,True,False,-0.7142921172691032,0.699847677146407,0.43388373911755823,-0.900968867902419
2024-11-15,1,95,2024,11,15,4,Vendredi,False,46,72,71,72,53.86,68.33,320,4,False,True,False,-0.7021479494046978,0.7120310787787131,-0.433883739117558,-0.9009688679024191
2024-11-16,1,51,2024,11,16,5,Samedi,True,46,95,0,95,61.14,67.8,321,4,False,True,False,-0.6897960046655887,0.7240037789593305,-0.9749279121818236,-0.2225209339563146
2024-11-17,1,61,2024,11,17,6,Dimanche,True,46,51,45,51,63.43,66.6,322,4,False,True,False,-0.6772399381909491,0.7357622347736527,-0.7818314824680299,0.6234898018587334
2024-11-18,1,111,2024,11,18,0,Lundi,False,47,61,97,61,65.43,68.6,323,4,False,True,False,-0.6644834655228552,0.7473029667054296,0.0,1.0
2024-11-19,1,81,2024,11,19,1,Mardi,False,47,111,0,111,77.0,69.87,324,4,False,True,False,-0.6515303615068021,0.75862255966641,0.7818314824680298,0.6234898018587336
2024-11-20,1,66,2024,11,20,2,Mercredi,False,47,81,68,81,76.71,70.43,325,4,False,True,False,-0.6383844591746642,0.7697176640069211,0.9749279121818236,-0.22252093395631434
2024-11-21,1,65,2024,11,21,3,Jeudi,False,47,66,72,66,75.71,69.37,326,4,False,False,False,-0.6250496486104377,0.7805849965070866,0.43388373911755823,-0.900968867902419
2024-11-22,1,90,2024,11,22,4,Vendredi,False,47,65,95,65,75.0,69.87,327,4,False,False,False,-0.6115298757991053,0.7912213413483807,-0.433883739117558,-0.9009688679024191
2024-11-23,1,51,2024,11,23,5,Samedi,True,47,90,51,90,75.0,69.53,328,4,False,False,False,-0.5978291414589552,0.801623551065242,-0.9749279121818236,-0.2225209339563146
2024-11-24,1,46,2024,11,24,6,Dimanche,True,47,51,61,51,72.86,68.03,329,4,False,False,False,-0.5839514998576998,0.8117885474764613,-0.7818314824680299,0.6234898018587334
2024-11-25,1,97,2024,11,25,0,Lundi,False,48,46,111,46,70.86,69.43,330,4,False,False,False,-0.5699010576127624,0.8217133225960589,0.0,1.0
2024-11-26,1,70,2024,11,26,1,Mardi,False,48,97,81,97,69.29,69.43,331,4,False,False,True,-0.5556819724760489,0.8313949395234058,0.7818314824680298,0.6234898018587336
2024-11-27,1,77,2024,11,27,2,Mercredi,False,48,70,66,70,70.86,68.83,332,4,False,False,True,-0.5412984521036173,0.8408305333122887,0.9749279121818236,-0.22252093395631434
2024-11-28,1,77,2024,11,28,3,Jeudi,False,48,77,65,77,72.57,68.53,333,4,False,False,True,-0.5267547528105542,0.8500173118187018,0.43388373911755823,-0.900968867902419
2024-11-29,1,78,2024,11,29,4,Vendredi,False,48,77,90,77,70.86,69.03,334,4,False,False,True,-0.5120551783114646,0.8589525565270845,-0.433883739117558,-0.9009688679024191
2024-11-30,1,0,2024,11,30,5,Samedi,True,48,78,51,78,63.57,66.23,335,4,False,False,True,-0.4972040784469378,0.8676336233547726,-0.9749279121818236,-0.2225209339563146
2024-01-01,2,36,2024,1,1,0,Lundi,False,1,0,0,0,36.0,36.0,1,1,True,False,False,0.017201575418260506,0.9998520419557735,0.0,1.0
2024-01-02,2,0,2024,1,2,1,Mardi,False,1,36,0,36,18.0,18.0,2,1,True,False,False,0.03439806061360801,0.9994082116062598,0.7818314824680298,0.6234898018587336
2024-01-03,2,24,2024,1,3,2,Mercredi,False,1,0,0,0,20.0,20.0,3,1,True,False,False,0.051584366869408364,0.9986686402879997,0.9749279121818236,-0.22252093395631434
2024-01-04,2,0,2024,1,4,3,Jeudi,False,1,24,0,24,15.0,15.0,4,1,True,False,False,0.06875540848113941,0.9976335468520451,0.43388373911755823,-0.900968867902419
2024-01-05,2,29,2024,1,5,4,Vendredi,False,1,0,0,0,17.8,17.8,5,1,True,False,False,0.08590610426133272,0.9963032375991965,-0.433883739117558,-0.9009688679024191
2024-01-06,2,26,2024,1,6,5,Samedi,True,1,29,0,29,19.17,19.17,6,1,False,False,False,0.10303137904317879,0.9946781061893646,-0.9749279121818236,-0.2225209339563146
2024-01-07,2,20,2024,1,7,6,Dimanche,True,1,26,0,26,19.29,19.29,7,1,False,False,False,0.1201261651823505,0.9927586335250793,-0.7818314824680299,0.6234898018587334
2024-01-08,2,30,2024,1,8,0,Lundi,False,2,20,36,20,18.43,20.62,8,1,False,False,False,0.13718540405660057,0.9905453876091833,0.0,1.0
2024-01-09,2,31,2024,1,9,1,Mardi,False,2,30,0,30,22.86,21.78,9,1,False,False,False,0.1542040475626894,0.988039023376751,0.7818314824680298,0.6234898018587336
2024-01-10,2,36,2024,1,10,2,Mercredi,False,2,31,24,31,24.57,23.2,10,1,False,False,False,0.17117705961019986,0.985240282501282,0.9749279121818236,-0.22252093395631434
2024-01-11,2,29,2024,1,11,3,Jeudi,False,2,36,0,36,28.71,23.73,11,1,False,True,False,0.18809941761179758,0.9821499931752291,0.43388373911755823,-0.900968867902419
2024-01-12,2,27,2024,1,12,4,Vendredi,False,2,29,29,29,28.43,24.0,12,1,False,True,False,0.20496611396949532,0.9787690698649216,-0.433883739117558,-0.9009688679024191
2024-01-13,2,20,2024,1,13,5,Samedi,True,2,27,26,27,27.57,23.69,13,1,False,True,False,0.22177215755648186,0.975098513039961,-0.9749279121818236,-0.2225209339563146
2024-01-14,2,16,2024,1,14,6,Dimanche,True,2,20,20,20,27.0,23.14,14,1,False,True,False,0.23851257519407648,0.9711394088771653,-0.7818314824680299,0.6234898018587334
2024-01-15,2,41,2024,1,15,0,Lundi,False,3,16,30,16,28.57,24.33,15,1,False,True,False,0.2551824131233728,0.9668929289391521,0.0,1.0
2024-01-16,2,35,2024,1,16,1,Mardi,False,3,41,31,41,29.14,25.0,16,1,False,True,False,0.2717767384711357,0.9623603298276545,0.7818314824680298,0.6234898018587336
2024-01-17,2,32,2024,1,17,2,Mercredi,False,3,35,36,35,28.57,25.41,17,1,False,True,False,0.2882906407095177,0.9575429528116719,0.9749279121818236,-0.22252093395631434
2024-01-18,2,34,2024,1,18,3,Jeudi,False,3,32,29,32,29.29,25.89,18,1,False,True,False,0.3047192331091634,0.9524422234305676,0.43388373911755823,-0.900968867902419
2024-01-19,2,31,2024,1,19,4,Vendredi,False,3,34,27,34,29.86,26.16,19,1,False,True,False,0.321057654185271,0.9470596510722283,-0.433883739117558,-0.9009688679024191
2024-01-20,2,26,2024,1,20,5,Samedi,True,3,31,20,31,30.71,26.15,20,1,False,True,False,0.3373010691361842,0.9413968285264122,-0.9749279121818236,-0.2225209339563146
2024-01-21,2,23,2024,1,21,6,Dimanche,True,3,26,16,26,31.71,26.0,21,1,False,False,False,0.3534446712740877,0.9354554315134164,-0.7818314824680299,0.6234898018587334
2024-01-22,2,38,2024,1,22,0,Lundi,False,4,23,41,23,31.29,26.55,22,1,False,False,False,0.3694836834473831,0.9292372181882051,0.0,1.0
2024-01-23,2,39,2024,1,23,1,Mardi,False,4,38,35,38,31.86,27.09,23,1,False,False,False,0.38541335945432564,0.9227440286201427,0.7818314824680298,0.6234898018587336
2024-01-24,2,27,2024,1,24,2,Mercredi,False,4,39,32,39,31.14,27.08,24,1,False,False,False,0.4012289854475009,0.9159777842484877,0.9749279121818236,-0.22252093395631434
2024-01-25,2,27,2024,1,25,3,Jeudi,False,4,27,34,27,30.14,27.08,25,1,False,False,False,0.4169258813287287,0.908940487313808,0.43388373911755823,-0.900968867902419
2024-01-26,2,24,2024,1,26,4,Vendredi,False,4,27,31,27,29.14,26.96,26,1,False,False,True,0.4324994021339788,0.901634220265486,-0.433883739117558,-0.9009688679024191
2024-01-27,2,27,2024,1,27,5,Samedi,True,4,24,26,24,29.29,26.96,27,1,False,False,True,0.44794493940789115,0.8940611451454876,-0.9749279121818236,-0.2225209339563146
2024-01-28,2,22,2024,1,28,6,Dimanche,True,4,27,23,27,29.14,26.79,28,1,False,False,True,0.4632579225674917,0.88622350294858,-0.7818314824680299,0.6234898018587334
2024-01-29,2,0,2024,1,29,0,Lundi,False,5,22,38,22,23.71,25.86,29,1,False,False,True,0.4784338202547012,0.8781236129591848,0.0,1.0
2024-01-30,2,37,2024,1,30,1,Mardi,False,5,0,39,0,23.43,26.23,30,1,False,False,True,0.49346814167723735,0.8697638720650646,0.7818314824680298,0.6234898018587336
2024-01-31,2,24,2024,1,31,2,Mercredi,False,5,37,27,37,23.0,25.83,31,1,False,False,True,0.5083564379375122,0.8611467540480452,0.9749279121818236,-0.22252093395631434
2024-02-01,2,36,2024,2,1,3,Jeudi,False,5,24,27,24,24.29,27.03,32,1,True,False,False,0.5230943033491326,0.8522748088519838,0.43388373911755823,-0.900968867902419
2024-02-02,2,36,2024,2,2,4,Vendredi,False,5,36,24,36,26.0,27.43,33,1,True,False,False,0.5376773767406141,0.8431506618282,-0.433883739117558,-0.9009688679024191
2024-02-03,2,25,2024,2,3,5,Samedi,True,5,36,27,36,25.71,28.27,34,1,True,False,False,0.5521013427459208,0.8337770129585915,-0.9749279121818236,-0.2225209339563146
2024-02-04,2,28,2024,2,4,6,Dimanche,True,5,25,22,25,26.57,28.23,35,1,True,False,False,0.5663619330814524,0.8241566360566663,-0.7818314824680299,0.6234898018587334
2024-02-05,2,33,2024,2,5,0,Lundi,False,6,28,0,28,31.29,28.47,36,1,True,False,False,0.580454927809098,0.8142923779467267,0.0,1.0
2024-02-06,2,27,2024,2,6,1,Mardi,False,6,33,37,33,29.86,28.7,37,1,False,False,False,0.5943761565849831,0.804187157621448,0.7818314824680298,0.6234898018587336
2024-02-07,2,29,2024,2,7,2,Mercredi,False,6,27,24,27,30.57,28.67,38,1,False,False,False,0.6081214998935418,0.7938439653781019,0.9749279121818236,-0.22252093395631434
2024-02-08,2,39,2024,2,8,3,Jeudi,False,6,29,36,29,31.0,28.93,39,1,False,False,False,0.6216868902665479,0.7832658619336791,0.43388373911755823,-0.900968867902419
2024-02-09,2,33,2024,2,9,4,Vendredi,False,6,39,36,39,30.57,28.83,40,1,False,False,False,0.6350683134867438,0.7724559775191742,-0.433883739117558,-0.9009688679024191
2024-02-10,2,36,2024,2,10,5,Samedi,True,6,33,25,33,32.14,29.07,41,1,False,False,False,0.6482618097757122,0.7614175109532997,-0.9749279121818236,-0.2225209339563146
2024-02-11,2,28,2024,2,11,6,Dimanche,True,6,36,28,36,32.14,29.1,42,1,False,True,False,0.6612634749656386,0.7501537286959042,-0.7818314824680299,0.6234898018587334
2024-02-12,2,0,2024,2,12,0,Lundi,False,7,28,33,28,27.43,28.43,43,1,False,True,False,0.6740694616546161,0.7386679638813748,0.0,1.0
2024-02-13,2,26,2024,2,13,1,Mardi,False,7,0,27,0,27.29,28.77,44,1,False,True,False,0.6866759803451553,0.726963615332308,0.7818314824680298,0.6234898018587336
2024-02-14,2,27,2024,2,14,2,Mercredi,False,7,26,29,26,27.0,28.3,45,1,False,True,False,0.6990793005655562,0.7150441465537444,0.9749279121818236,-0.22252093395631434
2024-02-15,2,30,2024,2,15,3,Jeudi,False,7,27,39,27,25.71,28.13,46,1,False,True,False,0.7112757519738152,0.7029130847082615,0.43388373911755823,-0.900968867902419
2024-02-16,2,31,2024,2,16,4,Vendredi,False,7,30,33,30,25.43,28.1,47,1,False,True,False,0.7232617254437388,0.6905740195722293,-0.433883739117558,-0.9009688679024191
2024-02-17,2,18,2024,2,17,5,Samedi,True,7,31,36,31,22.86,27.57,48,1,False,True,False,0.7350336741329413,0.6780306024735382,-0.9749279121818236,-0.2225209339563146
2024-02-18,2,23,2024,2,18,6,Dimanche,True,7,18,28,18,22.14,27.3,49,1,False,True,False,0.746588114532413,0.6652865452111116,-0.7818314824680299,0.6234898018587334
2024-02-19,2,20,2024,2,19,0,Lundi,False,8,23,0,23,25.0,27.1,50,1,False,True,False,0.7579216274973472,0.6523456189565257,0.0,1.0
2024-02-20,2,26,2024,2,20,1,Mardi,False,8,20,26,20,25.0,27.2,51,1,False,True,False,0.7690308592589181,0.6392116531380588,0.7818314824680298,0.6234898018587336
2024-02-21,2,16,2024,2,21,2,Mercredi,False,8,26,27,26,23.43,26.47,52,1,False,False,False,0.7799125224167177,0.6258885343075018,0.9749279121818236,-0.22252093395631434
2024-02-22,2,31,2024,2,22,3,Jeudi,False,8,16,30,16,23.57,26.2,53,1,False,False,False,0.7905633969115482,0.612380204990065,0.43388373911755823,-0.900968867902419
2024-02-23,2,25,2024,2,23,4,Vendredi,False,8,31,31,31,22.71,26.13,54,1,False,False,False,0.8009803309782905,0.5986906625177214,-0.433883739117558,-0.9009688679024191
2024-02-24,2,32,2024,2,24,5,Samedi,True,8,25,18,25,24.71,26.3,55,1,False,False,False,0.8111602420785621,0.5848239578463322,-0.9749279121818236,-0.2225209339563146
2024-02-25,2,14,2024,2,25,6,Dimanche,True,8,32,23,32,23.43,25.97,56,1,False,False,False,0.8211001178128892,0.5707841943569036,-0.7818314824680299,0.6234898018587334
2024-02-26,2,35,2024,2,26,0,Lundi,False,9,14,20,14,25.57,26.23,57,1,False,False,True,0.8307970168121247,0.5565755266413303,0.0,1.0
2024-02-27,2,31,2024,2,27,1,Mardi,False,9,35,26,35,26.29,26.53,58,1,False,False,True,0.8402480696078469,0.5422021592729844,0.7818314824680298,0.6234898018587336
2024-02-28,2,42,2024,2,28,2,Mercredi,False,9,31,16,31,30.0,27.93,59,1,False,False,True,0.8494504794814806,0.527668345562516,0.9749279121818236,-0.22252093395631434
2024-02-29,2,32,2024,2,29,3,Jeudi,False,9,42,31,42,30.14,27.77,60,1,False,False,True,0.8584015232918917,0.512978386299228,0.43388373911755823,-0.900968867902419
2024-03-01,2,35,2024,3,1,4,Vendredi,False,9,32,25,32,31.57,28.13,61,1,True,False,False,0.8670985522812081,0.4981366284784055,-0.433883739117558,-0.9009688679024191
2024-03-02,2,29,2024,3,2,5,Samedi,True,9,35,32,35,31.14,27.9,62,1,True,False,False,0.8755389928586302,0.4831474640149687,-0.9749279121818236,-0.2225209339563146
2024-03-03,2,26,2024,3,3,6,Dimanche,True,9,29,14,29,32.86,27.57,63,1,True,False,False,0.8837203473619977,0.4680153284438345,-0.7818314824680299,0.6234898018587334
2024-03-04,2,49,2024,3,4,0,Lundi,False,10,26,35,26,34.86,28.37,64,1,True,False,False,0.8916401947968874,0.45274469960737107,0.0,1.0
2024-03-05,2,29,2024,3,5,1,Mardi,False,10,49,31,49,34.57,28.4,65,1,True,False,False,0.8992961915530253,0.4373400963303323,0.7818314824680298,0.6234898018587336
2024-03-06,2,23,2024,3,6,2,Mercredi,False,10,29,42,29,31.86,28.07,66,1,False,False,False,0.9066860720977985,0.4218060770826634,0.9749279121818236,-0.22252093395631434
2024-03-07,2,24,2024,3,7,3,Jeudi,False,10,23,32,23,30.71,27.97,67,1,False,False,False,0.9138076496466615,0.4061472386305789,0.43388373911755823,-0.900968867902419
2024-03-08,2,25,2024,3,8,4,Vendredi,False,10,24,35,24,29.29,27.83,68,1,False,False,False,0.9206588168102428,0.3903682146763026,-0.433883739117558,-0.9009688679024191
2024-03-09,2,28,2024,3,9,5,Samedi,True,10,25,29,25,29.14,27.47,69,1,False,False,False,0.9272375462179537,0.374473674486883,-0.9749279121818236,-0.2225209339563146
2024-03-10,2,26,2024,3,10,6,Dimanche,True,10,28,26,28,29.14,27.23,70,1,False,False,False,0.9335418911179212,0.35846832151248087,-0.7818314824680299,0.6234898018587334
2024-03-11,2,34,2024,3,11,0,Lundi,False,11,26,49,26,27.0,27.17,71,1,False,True,False,0.9395699859530622,0.342356891994542,0.0,1.0
2024-03-12,2,0,2024,3,12,1,Mardi,False,11,34,29,34,22.86,26.23,72,1,False,True,False,0.945320046913132,0.3261441535642696,0.7818314824680298,0.6234898018587336
2024-03-13,2,35,2024,3,13,2,Mercredi,False,11,0,23,0,24.57,27.4,73,1,False,True,False,0.9507903724625832,0.3098349038318025,0.9749279121818236,-0.22252093395631434
2024-03-14,2,32,2024,3,14,3,Jeudi,False,11,35,24,35,25.71,27.6,74,1,False,True,False,0.9559793438440766,0.2934339689665273,0.43388373911755823,-0.900968867902419
2024-03-15,2,31,2024,3,15,4,Vendredi,False,11,32,25,32,26.57,27.73,75,1,False,True,False,0.9608854255574977,0.27694620226893646,-0.433883739117558,-0.9009688679024191
2024-03-16,2,29,2024,3,16,5,Samedi,True,11,31,28,31,26.71,27.7,76,1,False,True,False,0.9655071658143364,0.2603764827344581,-0.9749279121818236,-0.2225209339563146
2024-03-17,2,26,2024,3,17,6,Dimanche,True,11,29,26,29,26.71,27.53,77,1,False,True,False,0.969843196967294,0.24372971360968387,-0.7818314824680299,0.6234898018587334
2024-03-18,2,41,2024,3,18,0,Lundi,False,12,26,34,26,27.71,28.3,78,1,False,True,False,0.9738922359149924,0.22701082094141847,0.0,1.0
2024-03-19,2,32,2024,3,19,1,Mardi,False,12,41,0,41,32.29,28.6,79,1,False,True,False,0.9776530844816641,0.2102247521189836,0.7818314824680298,0.6234898018587336
2024-03-20,2,31,2024,3,20,2,Mercredi,False,12,32,35,32,31.71,28.97,80,1,False,True,False,0.981124629771712,0.19337647441020586,0.9749279121818236,-0.22252093395631434
2024-03-21,2,21,2024,3,21,3,Jeudi,False,12,31,32,31,30.14,28.8,81,1,False,False,False,0.984305844499033,0.17647097349152166,0.43388373911755823,-0.900968867902419
2024-03-22,2,38,2024,3,22,4,Vendredi,False,12,21,31,21,31.14,29.53,82,1,False,False,False,0.9871957872910085,0.15951325197263655,-0.433883739117558,-0.9009688679024191
2024-03-23,2,25,2024,3,23,5,Samedi,True,12,38,29,38,30.57,29.33,83,1,False,False,False,0.9897936029670716,0.14250832791617088,-0.9749279121818236,-0.2225209339563146
2024-03-24,2,30,2024,3,24,6,Dimanche,True,12,25,26,25,31.14,29.5,84,1,False,False,False,0.992098522791769,0.12546123335273648,-0.7818314824680299,0.6234898018587334
2024-03-25,2,26,2024,3,25,0,Lundi,False,13,30,41,30,29.0,29.3,85,1,False,False,False,0.9941098647022418,0.10837701279187609,0.0,1.0
2024-03-26,2,40,2024,3,26,1,Mardi,False,13,26,32,26,30.14,30.17,86,1,False,False,True,0.9958270335100595,0.09126072172931188,0.7818314824680298,0.6234898018587336
2024-03-27,2,34,2024,3,27,2,Mercredi,False,13,40,31,40,30.57,30.13,87,1,False,False,True,0.9972495210773451,0.07411742515094437,0.9749279121818236,-0.22252093395631434
2024-03-28,2,35,2024,3,28,3,Jeudi,False,13,34,21,34,32.57,30.27,88,1,False,False,True,0.998376906467142,0.056952196034039754,0.43388373911755823,-0.900968867902419
2024-03-29,2,38,2024,3,29,4,Vendredi,False,13,35,38,35,32.57,30.13,89,1,False,False,True,0.9992088560679753,0.03977011384605572,-0.433883739117558,-0.9009688679024191
2024-03-30,2,30,2024,3,30,5,Samedi,True,13,38,25,38,33.29,30.07,90,1,False,False,True,0.9997451236925734,0.022576263041545485,-0.9749279121818236,-0.2225209339563146
2024-03-31,2,30,2024,3,31,6,Dimanche,True,13,30,30,30,33.29,29.9,91,1,False,False,True,0.9999855506507186,0.005375731557583884,-0.7818314824680299,0.6234898018587334
2024-04-01,2,27,2024,4,1,0,Lundi,False,14,30,26,30,33.43,29.83,92,2,True,False,False,0.9999300657962057,-0.011826390691832589,0.0,1.0
2024-04-02,2,41,2024,4,2,1,Mardi,False,14,27,40,27,33.57,30.33,93,2,True,False,False,0.9995786855478958,-0.029025013321975237,0.7818314824680298,0.6234898018587336
2024-04-03,2,29,2024,4,3,2,Mercredi,False,14,41,34,41,32.86,29.67,94,2,True,False,False,0.9989315138848577,-0.046215046983708354,0.9749279121818236,-0.22252093395631434
2024-04-04,2,29,2024,4,4,3,Jeudi,False,14,29,35,29,32.0,29.67,95,2,True,False,False,0.9979887423155984,-0.06339140486951038,0.43388373911755823,-0.900968867902419
2024-04-05,2,33,2024,4,5,4,Vendredi,False,14,29,38,29,31.29,30.0,96,2,True,False,False,0.9967506498213929,-0.08054900421874167,-0.433883739117558,-0.9009688679024191
2024-04-06,2,32,2024,4,6,5,Samedi,True,14,33,30,33,31.57,30.27,97,2,False,False,False,0.9952176027737294,-0.09768276782171598,-0.9749279121818236,-0.2225209339563146
2024-04-07,2,29,2024,4,7,6,Dimanche,True,14,32,30,32,31.43,30.4,98,2,False,False,False,0.9933900548258936,-0.11478762552212701,-0.7818314824680299,0.6234898018587334
2024-04-08,2,19,2024,4,8,0,Lundi,False,15,29,27,29,30.29,30.1,99,2,False,False,False,0.9912685467787256,-0.13185851571739118,0.0,1.0
2024-04-09,2,36,2024,4,9,1,Mardi,False,15,19,41,19,29.57,30.43,100,2,False,False,False,0.9888537064205885,-0.1488903868564548,0.7818314824680298,0.6234898018587336
2024-04-10,2,36,2024,4,10,2,Mercredi,False,15,36,29,36,30.57,30.5,101,2,False,False,False,0.986146248341595,-0.16587819893463143,0.9749279121818236,-0.22252093395631434
2024-04-11,2,32,2024,4,11,3,Jeudi,False,15,36,29,36,31.0,31.57,102,2,False,True,False,0.9831469737221499,-0.1828169249850199,0.43388373911755823,-0.900968867902419
2024-04-12,2,42,2024,4,12,4,Vendredi,False,15,32,33,32,32.29,31.8,103,2,False,True,False,0.9798567700958665,-0.1997015525660636,-0.433883739117558,-0.9009688679024191
2024-04-13,2,41,2024,4,13,5,Samedi,True,15,42,32,42,33.57,32.1,104,2,False,True,False,0.9762766110869321,-0.21652708524481437,-0.9749279121818236,-0.2225209339563146
2024-04-14,2,23,2024,4,14,6,Dimanche,True,15,41,29,41,32.71,31.83,105,2,False,True,False,0.9724075561219968,-0.23328854407545518,-0.7818314824680299,0.6234898018587334
2024-04-15,2,35,2024,4,15,0,Lundi,False,16,23,19,23,35.0,32.03,106,2,False,True,False,0.9682507501166718,-0.2499809690726521,0.0,1.0
2024-04-16,2,39,2024,4,16,1,Mardi,False,16,35,36,35,35.43,32.47,107,2,False,True,False,0.9638074231367307,-0.26659942067929354,0.7818314824680298,0.6234898018587336
2024-04-17,2,29,2024,4,17,2,Mercredi,False,16,39,36,39,34.43,32.07,108,2,False,True,False,0.9590788900341131,-0.28313898122818354,0.9749279121818236,-0.22252093395631434
2024-04-18,2,41,2024,4,18,3,Jeudi,False,16,29,32,29,35.71,32.37,109,2,False,True,False,0.9540665500578387,-0.2995947563972602,0.43388373911755823,-0.900968867902419
2024-04-19,2,0,2024,4,19,4,Vendredi,False,16,41,42,41,29.71,31.33,110,2,False,True,False,0.9487718864399473,-0.31596187665790293,-0.433883739117558,-0.9009688679024191
2024-04-20,2,27,2024,4,20,5,Samedi,True,16,0,41,0,27.71,31.53,111,2,False,True,False,0.9431964659565866,-0.33223549871590435,-0.9749279121818236,-0.2225209339563146
2024-04-21,2,34,2024,4,21,6,Dimanche,True,16,27,23,27,29.29,31.4,112,2,False,False,False,0.9373419384643772,-0.3484108069446808,-0.7818314824680299,0.6234898018587334
2024-04-22,2,36,2024,4,22,0,Lundi,False,17,34,35,34,29.43,31.77,113,2,False,False,False,0.9312100364121947,-0.3644830148102912,0.0,1.0
2024-04-23,2,35,2024,4,23,1,Mardi,False,17,36,39,36,28.86,31.93,114,2,False,False,False,0.9248025743285089,-0.38044736628785164,0.7818314824680298,0.6234898018587336
2024-04-24,2,32,2024,4,24,2,Mercredi,False,17,35,29,35,29.29,32.13,115,2,False,False,False,0.9181214482844364,-0.39629913726891813,0.9749279121818236,-0.22252093395631434
2024-04-25,2,35,2024,4,25,3,Jeudi,False,17,32,41,32,28.43,31.97,116,2,False,False,False,0.9111686353326631,-0.41203363695942635,0.43388373911755823,-0.900968867902419
2024-04-26,2,39,2024,4,26,4,Vendredi,False,17,35,0,35,34.0,32.13,117,2,False,False,True,0.9039461929224011,-0.42764620926777464,-0.433883739117558,-0.9009688679024191
2024-04-27,2,35,2024,4,27,5,Samedi,True,17,39,27,39,35.14,32.13,118,2,False,False,True,0.8964562582905575,-0.44313223418263453,-0.9749279121818236,-0.2225209339563146
2024-04-28,2,29,2024,4,28,6,Dimanche,True,17,35,34,35,34.43,31.83,119,2,False,False,True,0.8887010478292915,-0.45848712914008766,-0.7818314824680299,0.6234898018587334
2024-04-29,2,35,2024,4,29,0,Lundi,False,18,29,36,29,34.29,32.0,120,2,False,False,True,0.8806828564301475,-0.47370635037968,0.0,1.0
2024-04-30,2,37,2024,4,30,1,Mardi,False,18,35,35,35,34.57,32.23,121,2,False,False,True,0.8724040568049612,-0.48878539428899265,0.7818314824680298,0.6234898018587336
2024-05-01,2,43,2024,5,1,2,Mercredi,False,18,37,32,37,36.14,32.77,122,2,True,False,False,0.8638670987837349,-0.503719798736334,0.9749279121818236,-0.22252093395631434
2024-05-02,2,38,2024,5,2,3,Jeudi,False,18,43,35,43,36.57,32.67,123,2,True,False,False,0.8550745085896932,-0.518505144391157,0.43388373911755823,-0.900968867902419
2024-05-03,2,39,2024,5,3,4,Vendredi,False,18,38,39,38,36.57,33.0,124,2,True,False,False,0.8460288880917339,-0.533137056031809,-0.433883739117558,-0.9009688679024191
2024-05-04,2,30,2024,5,4,5,Samedi,True,18,39,35,39,35.86,33.03,125,2,True,False,False,0.8367329140344921,-0.5476112038402312,-0.9749279121818236,-0.2225209339563146
2024-05-05,2,38,2024,5,5,6,Dimanche,True,18,30,29,30,37.14,33.2,126,2,True,False,False,0.8271893372462497,-0.5619233046832195,-0.7818314824680299,0.6234898018587334
2024-05-06,2,46,2024,5,6,0,Lundi,False,19,38,35,38,38.71,33.67,127,2,False,False,False,0.8174009818249189,-0.5760691233798758,0.0,1.0
2024-05-07,2,46,2024,5,7,1,Mardi,False,19,46,37,46,40.0,34.23,128,2,False,False,False,0.8073707443023492,-0.5900444739548627,0.7818314824680298,0.6234898018587336
2024-05-08,2,40,2024,5,8,2,Mercredi,False,19,46,43,46,39.57,34.93,129,2,False,False,False,0.7971015927871943,-0.6038452208771035,0.9749279121818236,-0.22252093395631434
2024-05-09,2,39,2024,5,9,3,Jeudi,False,19,40,38,40,39.71,35.03,130,2,False,False,False,0.7865965660866021,-0.6174672802835514,0.43388373911755823,-0.900968867902419
2024-05-10,2,29,2024,5,10,4,Vendredi,False,19,39,39,39,38.29,34.8,131,2,False,False,False,0.7758587728069828,-0.6309066211876704,-0.433883739117558,-0.9009688679024191
2024-05-11,2,32,2024,5,11,5,Samedi,True,19,29,30,29,38.57,34.8,132,2,False,True,False,0.7648913904341225,-0.6441592666722685,-0.9749279121818236,-0.2225209339563146
2024-05-12,2,30,2024,5,12,6,Dimanche,True,19,32,38,32,37.43,34.4,133,2,False,True,False,0.753697664392914,-0.6572212950663319,-0.7818314824680299,0.6234898018587334
2024-05-13,2,44,2024,5,13,0,Lundi,False,20,30,46,30,37.14,34.5,134,2,False,True,False,0.742280907086982,-0.6700888411055113,0.0,1.0
2024-05-14,2,36,2024,5,14,1,Mardi,False,20,44,46,44,35.71,34.93,135,2,False,True,False,0.7306444969184916,-0.6827580970759147,0.7818314824680298,0.6234898018587336
2024-05-15,2,34,2024,5,15,2,Mercredi,False,20,36,40,36,34.86,34.9,136,2,False,True,False,0.7187918772884232,-0.6952253139408722,0.9749279121818236,-0.22252093395631434
2024-05-16,2,36,2024,5,16,3,Jeudi,False,20,34,39,34,34.43,34.8,137,2,False,True,False,0.7067265555776158,-0.7074868024503348,0.43388373911755823,-0.900968867902419
2024-05-17,2,44,2024,5,17,4,Vendredi,False,20,36,29,36,36.57,35.3,138,2,False,True,False,0.6944521021088763,-0.719538934232584,-0.433883739117558,-0.9009688679024191
2024-05-18,2,27,2024,5,18,5,Samedi,True,20,44,32,44,35.86,34.83,139,2,False,True,False,0.6819721490904629,-0.7313781428679254,-0.9749279121818236,-0.2225209339563146
2024-05-19,2,33,2024,5,19,6,Dimanche,True,20,27,30,27,36.29,35.93,140,2,False,True,False,0.6692903895412567,-0.7430009249440493,-0.7818314824680299,0.6234898018587334
2024-05-20,2,48,2024,5,20,0,Lundi,False,21,33,44,33,36.86,36.63,141,2,False,True,False,0.6564105761979381,-0.7544038410927472,0.0,1.0
2024-05-21,2,33,2024,5,21,1,Mardi,False,21,48,36,48,36.43,36.6,142,2,False,False,False,0.6433365204044917,-0.765583517007675,0.7818314824680298,0.6234898018587336
2024-05-22,2,24,2024,5,22,2,Mercredi,False,21,33,34,33,35.0,36.2,143,2,False,False,False,0.6300720909843687,-0.7765366444428655,0.9749279121818236,-0.22252093395631434
2024-05-23,2,40,2024,5,23,3,Jeudi,False,21,24,36,24,35.57,36.37,144,2,False,False,False,0.6166212130956382,-0.7872599821916922,0.43388373911755823,-0.900968867902419
2024-05-24,2,34,2024,5,24,4,Vendredi,False,21,40,44,40,34.14,36.43,145,2,False,False,False,0.6029878670694714,-0.7977503570459932,-0.433883739117558,-0.9009688679024191
2024-05-25,2,35,2024,5,25,5,Samedi,True,21,34,27,34,35.29,36.43,146,2,False,False,False,0.5891760872322963,-0.8080046647350754,-0.9749279121818236,-0.2225209339563146
2024-05-26,2,35,2024,5,26,6,Dimanche,True,21,35,33,35,35.57,36.3,147,2,False,False,True,0.5751899607119775,-0.8180198708443174,-0.7818314824680299,0.6234898018587334
2024-05-27,2,34,2024,5,27,0,Lundi,False,22,35,48,35,33.57,36.27,148,2,False,False,True,0.5610336262283677,-0.8277930117131022,0.0,1.0
2024-05-28,2,31,2024,5,28,1,Mardi,False,22,34,33,34,33.29,36.33,149,2,False,False,True,0.5467112728685939,-0.8373211953118121,0.7818314824680298,0.6234898018587336
2024-05-29,2,33,2024,5,29,2,Mercredi,False,22,31,24,31,34.57,36.27,150,2,False,False,True,0.5322271388474397,-0.8466016020976267,0.9749279121818236,-0.22252093395631434
2024-05-30,2,29,2024,5,30,3,Jeudi,False,22,33,40,33,33.0,36.0,151,2,False,False,True,0.5175855102531889,-0.8556314858488706,0.43388373911755823,-0.900968867902419
2024-05-31,2,37,2024,5,31,4,Vendredi,False,22,29,34,29,33.43,35.8,152,2,False,False,True,0.5027907197793043,-0.8644081744776648,-0.433883739117558,-0.9009688679024191
2024-06-01,2,32,2024,6,1,5,Samedi,True,22,37,35,37,33.0,35.6,153,2,True,False,False,0.4878471454423119,-0.8729290708206411,-0.9749279121818236,-0.2225209339563146
2024-06-02,2,29,2024,6,2,6,Dimanche,True,22,32,35,32,32.14,35.27,154,2,True,False,False,0.47275920928627757,-0.881191653407483,-0.7818314824680299,0.6234898018587334
2024-06-03,2,33,2024,6,3,0,Lundi,False,23,29,34,29,32.0,35.37,155,2,True,False,False,0.4575313760742512,-0.8891934772070711,0.0,1.0
2024-06-04,2,33,2024,6,4,1,Mardi,False,23,33,31,33,32.29,35.2,156,2,True,False,False,0.44216815196707204,-0.8969321743510065,0.7818314824680298,0.6234898018587336
2024-06-05,2,40,2024,6,5,2,Mercredi,False,23,33,33,33,33.29,35.0,157,2,True,False,False,0.42667408318992467,-0.9044054548343001,0.9749279121818236,-0.22252093395631434
2024-06-06,2,49,2024,6,6,3,Jeudi,False,23,40,29,40,36.14,35.1,158,2,False,False,False,0.4110537546870351,-0.9116111071930239,0.43388373911755823,-0.900968867902419
2024-06-07,2,43,2024,6,7,4,Vendredi,False,23,49,37,49,37.0,35.2,159,2,False,False,False,0.3953117887649151,-0.9185469991587165,-0.433883739117558,-0.9009688679024191
2024-06-08,2,19,2024,6,8,5,Samedi,True,23,43,32,43,35.14,34.53,160,2,False,False,False,0.37945284372454435,-0.925211078289358,-0.9749279121818236,-0.2225209339563146
2024-06-09,2,27,2024,6,9,6,Dimanche,True,23,19,29,19,34.86,34.47,161,2,False,False,False,0.36348161248290634,-0.9316013725767187,-0.7818314824680299,0.6234898018587334
2024-06-10,2,31,2024,6,10,0,Lundi,False,24,27,33,27,34.57,34.43,162,2,False,False,False,0.3474028211842774,-0.9377159910299093,0.0,1.0
2024-06-11,2,48,2024,6,11,1,Mardi,False,24,31,33,31,36.71,35.03,163,2,False,True,False,0.3312212278016865,-0.9435531242349544,0.7818314824680298,0.6234898018587336
2024-06-12,2,40,2024,6,12,2,Mercredi,False,24,48,40,48,36.71,34.9,164,2,False,True,False,0.31494162072895193,-0.9491110448902284,0.9749279121818236,-0.22252093395631434
2024-06-13,2,30,2024,6,13,3,Jeudi,False,24,40,49,40,34.0,34.7,165,2,False,True,False,0.2985688173637202,-0.9543881083175908,0.43388373911755823,-0.900968867902419
2024-06-14,2,33,2024,6,14,4,Vendredi,False,24,30,43,30,32.57,34.67,166,2,False,True,False,0.2821076626819194,-0.9593827529490743,-0.433883739117558,-0.9009688679024191
2024-06-15,2,28,2024,6,15,5,Samedi,True,24,33,19,33,33.86,34.4,167,2,False,True,False,0.26556302780405594,-0.9640935007889755,-0.9749279121818236,-0.2225209339563146
2024-06-16,2,32,2024,6,16,6,Dimanche,True,24,28,27,28,34.57,34.0,168,2,False,True,False,0.24893980855376657,-0.9685189578512204,-0.7818314824680299,0.6234898018587334
2024-06-17,2,25,2024,6,17,0,Lundi,False,25,32,31,32,33.71,33.93,169,2,False,True,False,0.23224292400907015,-0.9726578145718654,0.0,1.0
2024-06-18,2,46,2024,6,18,1,Mardi,False,25,25,48,25,33.43,34.37,170,2,False,True,False,0.21547731504673012,-0.976508846196619,0.7818314824680298,0.6234898018587336
2024-06-19,2,30,2024,6,19,2,Mercredi,False,25,46,40,46,32.0,33.77,171,2,False,True,False,0.19864794288017112,-0.9800709131432666,0.9749279121818236,-0.22252093395631434
2024-06-20,2,34,2024,6,20,3,Jeudi,False,25,30,30,30,32.57,33.8,172,2,False,True,False,0.18175978759137534,-0.9833429613388902,0.43388373911755823,-0.900968867902419
2024-06-21,2,35,2024,6,21,4,Vendredi,False,25,34,33,34,32.86,34.17,173,2,False,False,False,0.16481784665719793,-0.9863240225317866,-0.433883739117558,-0.9009688679024191
2024-06-22,2,28,2024,6,22,5,Samedi,True,25,35,28,35,32.86,33.77,174,2,False,False,False,0.14782713347053048,-0.9890132145779883,-0.9749279121818236,-0.2225209339563146
2024-06-23,2,26,2024,6,23,6,Dimanche,True,25,28,32,28,32.0,33.5,175,2,False,False,False,0.13079267585675922,-0.9914097417023038,-0.7818314824680299,0.6234898018587334
2024-06-24,2,36,2024,6,24,0,Lundi,False,26,26,25,26,33.57,33.53,176,2,False,False,False,0.11371951458594969,-0.9935128947338007,0.0,1.0
2024-06-25,2,35,2024,6,25,1,Mardi,False,26,36,46,36,32.0,33.53,177,2,False,False,False,0.0966127018812031,-0.9953220513156602,0.7818314824680298,0.6234898018587336
2024-06-26,2,39,2024,6,26,2,Mercredi,False,26,35,30,35,33.29,33.7,178,2,False,False,True,0.07947729992362097,-0.9968366760893436,0.9749279121818236,-0.22252093395631434
2024-06-27,2,35,2024,6,27,3,Jeudi,False,26,39,34,39,33.43,33.83,179,2,False,False,True,0.062318379354325076,-0.998056320853012,0.43388373911755823,-0.900968867902419
2024-06-28,2,60,2024,6,28,4,Vendredi,False,26,35,35,35,37.0,34.73,180,2,False,False,True,0.04514101777397193,-0.9989806246941579,-0.433883739117558,-0.9009688679024191
2024-06-29,2,30,2024,6,29,5,Samedi,True,26,60,28,60,37.29,34.77,181,2,False,False,True,0.02795029824021032,-0.999609314096404,-0.9749279121818236,-0.2225209339563146
2024-06-30,2,27,2024,6,30,6,Dimanche,True,26,30,26,30,37.43,34.43,182,2,False,False,True,0.01075130776352193,-0.9999422030204416,-0.7818314824680299,0.6234898018587334
2024-07-01,2,35,2024,7,1,0,Lundi,False,27,27,36,27,37.29,34.53,183,3,True,False,False,-0.00645086419810515,-0.9999791929590823,0.0,1.0
2024-07-02,2,41,2024,7,2,1,Mardi,False,27,35,35,35,38.14,34.93,184,3,True,False,False,-0.023651127245231586,-0.9997202729664083,0.7818314824680298,0.6234898018587336
2024-07-03,2,45,2024,7,3,2,Mercredi,False,27,41,39,41,39.0,35.33,185,3,True,False,False,-0.04084439154329611,-0.9991655196610109,0.9749279121818236,-0.22252093395631434
2024-07-04,2,30,2024,7,4,3,Jeudi,False,27,45,35,45,38.29,35.23,186,3,True,False,False,-0.05802556932878035,-0.9983150972033183,0.43388373911755823,-0.900968867902419
2024-07-05,2,37,2024,7,5,4,Vendredi,False,27,30,60,30,35.0,35.13,187,3,True,False,False,-0.07518957641475855,-0.9971692572470178,-0.433883739117558,-0.9009688679024191
2024-07-06,2,34,2024,7,6,5,Samedi,True,27,37,30,37,35.57,34.63,188,3,False,False,False,-0.09233133369539122,-0.9957283388645872,-0.9749279121818236,-0.2225209339563146
2024-07-07,2,38,2024,7,7,6,Dimanche,True,27,34,27,34,37.14,34.47,189,3,False,False,False,-0.10944576864891556,-0.993992768446958,-0.7818314824680299,0.6234898018587334
2024-07-08,2,43,2024,7,8,0,Lundi,False,28,38,35,38,38.29,35.27,190,3,False,False,False,-0.12652781683868314,-0.9919630595773397,0.0,1.0
2024-07-09,2,53,2024,7,9,1,Mardi,False,28,43,41,43,40.0,36.13,191,3,False,False,False,-0.1435724234118113,-0.9896398128792412,0.7818314824680298,0.6234898018587336
2024-07-10,2,42,2024,7,10,2,Mercredi,False,28,53,45,53,39.57,36.5,192,3,False,False,False,-0.16057454459499376,-0.9870237158387383,0.9749279121818236,-0.22252093395631434
2024-07-11,2,38,2024,7,11,3,Jeudi,False,28,42,30,42,40.71,36.17,193,3,False,True,False,-0.17752914918703497,-0.984115542601034,0.43388373911755823,-0.900968867902419
2024-07-12,2,26,2024,7,12,4,Vendredi,False,28,38,37,38,39.14,35.7,194,3,False,True,False,-0.19443122004766195,-0.9809161537413774,-0.433883739117558,-0.9009688679024191
2024-07-13,2,37,2024,7,13,5,Samedi,True,28,26,34,26,39.57,35.93,195,3,False,True,False,-0.2112757555821793,-0.9774264960104055,-0.9749279121818236,-0.2225209339563146
2024-07-14,2,42,2024,7,14,6,Dimanche,True,28,37,38,37,40.14,36.23,196,3,False,True,False,-0.2280577712215198,-0.9736476020539838,-0.7818314824680299,0.6234898018587334
2024-07-15,2,36,2024,7,15,0,Lundi,False,29,42,43,42,39.14,36.5,197,3,False,True,False,-0.24477230089725957,-0.9695805901076308,0.0,1.0
2024-07-16,2,38,2024,7,16,1,Mardi,False,29,36,53,36,37.0,36.7,198,3,False,True,False,-0.2614143985111562,-0.965226663665613,0.7818314824680298,0.6234898018587336
2024-07-17,2,40,2024,7,17,2,Mercredi,False,29,38,42,38,36.71,37.2,199,3,False,True,False,-0.2779791393987801,-0.9605871111248129,0.9749279121818236,-0.22252093395631434
2024-07-18,2,43,2024,7,18,3,Jeudi,False,29,40,38,40,37.43,37.1,200,3,False,True,False,-0.2944616217868012,-0.9556633054034704,0.43388373911755823,-0.900968867902419
2024-07-19,2,35,2024,7,19,4,Vendredi,False,29,43,26,43,38.71,37.27,201,3,False,True,False,-0.3108569682435036,-0.9504567035349151,-0.433883739117558,-0.9009688679024191
2024-07-20,2,26,2024,7,20,5,Samedi,True,29,35,37,35,37.14,37.0,202,3,False,True,False,-0.3271603271220951,-0.9449688462364056,-0.9749279121818236,-0.2225209339563146
2024-07-21,2,22,2024,7,21,6,Dimanche,True,29,26,42,26,34.29,36.57,203,3,False,False,False,-0.34336687399638804,-0.939201357453208,-0.7818314824680299,0.6234898018587334
2024-07-22,2,54,2024,7,22,0,Lundi,False,30,22,36,22,36.86,37.43,204,3,False,False,False,-0.3594718130884232,-0.9331559438780432,0.0,1.0
2024-07-23,2,42,2024,7,23,1,Mardi,False,30,54,38,54,37.43,37.97,205,3,False,False,False,-0.3754703786876202,-0.9268343944460494,0.7818314824680298,0.6234898018587336
2024-07-24,2,46,2024,7,24,2,Mercredi,False,30,42,40,42,38.29,38.3,206,3,False,False,False,-0.3913578365610259,-0.9202385798054075,0.9749279121818236,-0.22252093395631434
2024-07-25,2,49,2024,7,25,3,Jeudi,False,30,46,43,46,39.14,38.77,207,3,False,False,False,-0.4071294853542516,-0.9133704517637858,0.43388373911755823,-0.900968867902419
2024-07-26,2,28,2024,7,26,4,Vendredi,False,30,49,35,49,38.14,38.4,208,3,False,False,True,-0.4227806579826773,-0.9062320427107697,-0.433883739117558,-0.9009688679024191
2024-07-27,2,32,2024,7,27,5,Samedi,True,30,28,26,28,39.0,38.3,209,3,False,False,True,-0.4383067230125192,-0.898825465016444,-0.9749279121818236,-0.2225209339563146
2024-07-28,2,34,2024,7,28,6,Dimanche,True,30,32,22,32,40.71,37.43,210,3,False,False,True,-0.45370308603134424,-0.8911529104063088,-0.7818314824680299,0.6234898018587334
2024-07-29,2,38,2024,7,29,0,Lundi,False,31,34,54,34,38.43,37.7,211,3,False,False,True,-0.46896519100763184,-0.8832166493127127,0.0,1.0
2024-07-30,2,26,2024,7,30,1,Mardi,False,31,38,42,38,36.14,37.67,212,3,False,False,True,-0.48408852163897587,-0.8750190302029955,0.7818314824680298,0.6234898018587336
2024-07-31,2,42,2024,7,31,2,Mercredi,False,31,26,46,26,35.57,37.9,213,3,False,False,True,-0.4990686026885319,-0.8665624788845385,0.9749279121818236,-0.22252093395631434
2024-08-01,2,0,2024,8,1,3,Jeudi,False,31,42,49,42,28.57,36.53,214,3,True,False,False,-0.5139010013093103,-0.8578494977869301,0.43388373911755823,-0.900968867902419
2024-08-02,2,37,2024,8,2,4,Vendredi,False,31,0,28,0,29.86,36.27,215,3,True,False,False,-0.5285813283559292,-0.8488826652214553,-0.433883739117558,-0.9009688679024191
2024-08-03,2,30,2024,8,3,5,Samedi,True,31,37,32,37,29.57,36.27,216,3,True,False,False,-0.5431052396834317,-0.8396646346181327,-0.9749279121818236,-0.2225209339563146
2024-08-04,2,37,2024,8,4,6,Dimanche,True,31,30,34,30,30.0,36.27,217,3,True,False,False,-0.5574684374327892,-0.8301981337405212,-0.7818314824680299,0.6234898018587334
2024-08-05,2,38,2024,8,5,0,Lundi,False,32,37,38,37,30.0,36.4,218,3,True,False,False,-0.5716666713027052,-0.8204859638785327,0.0,1.0
2024-08-06,2,33,2024,8,6,1,Mardi,False,32,38,26,38,31.0,36.23,219,3,False,False,False,-0.5856957398073508,-0.8105309990194823,0.7818314824680298,0.6234898018587336
2024-08-07,2,32,2024,8,7,2,Mercredi,False,32,33,42,33,29.57,35.87,220,3,False,False,False,-0.5995514915196489,-0.8003361849976323,0.9749279121818236,-0.22252093395631434
2024-08-08,2,43,2024,8,8,3,Jeudi,False,32,32,0,32,35.71,35.53,221,3,False,False,False,-0.6132298262997502,-0.7899045386224707,0.43388373911755823,-0.900968867902419
2024-08-09,2,41,2024,8,9,4,Vendredi,False,32,43,37,43,36.29,35.5,222,3,False,False,False,-0.6267266965083301,-0.7792391467859886,-0.433883739117558,-0.9009688679024191
2024-08-10,2,35,2024,8,10,5,Samedi,True,32,41,30,41,37.0,35.4,223,3,False,False,False,-0.6400381082043503,-0.7683431655492202,-0.9749279121818236,-0.2225209339563146
2024-08-11,2,31,2024,8,11,6,Dimanche,True,32,35,37,35,36.14,35.57,224,3,False,True,False,-0.65316012232693,-0.7572198192083127,-0.7818314824680299,0.6234898018587334
2024-08-12,2,24,2024,8,12,0,Lundi,False,33,31,38,31,34.14,35.13,225,3,False,True,False,-0.666088855860977,-0.7458723993404063,0.0,1.0
2024-08-13,2,43,2024,8,13,1,Mardi,False,33,24,33,24,35.57,35.17,226,3,False,True,False,-0.6788204829862355,-0.734304263829602,0.7818314824680298,0.6234898018587336
2024-08-14,2,42,2024,8,14,2,Mercredi,False,33,43,32,43,37.0,35.37,227,3,False,True,False,-0.6913512362094071,-0.722518835873311,0.9749279121818236,-0.22252093395631434
2024-08-15,2,50,2024,8,15,3,Jeudi,False,33,42,43,42,38.0,35.77,228,3,False,True,False,-0.7036774074790128,-0.7105196029692745,0.43388373911755823,-0.900968867902419
2024-08-16,2,51,2024,8,16,4,Vendredi,False,33,50,41,50,39.43,36.13,229,3,False,True,False,-0.7157953492826642,-0.6983101158835584,-0.433883739117558,-0.9009688679024191
2024-08-17,2,26,2024,8,17,5,Samedi,True,33,51,35,51,38.14,35.57,230,3,False,True,False,-0.7277014757264236,-0.6858939875998223,-0.9749279121818236,-0.2225209339563146
2024-08-18,2,33,2024,8,18,6,Dimanche,True,33,26,31,26,38.43,35.5,231,3,False,True,False,-0.7393922635959241,-0.673274892250183,-0.7818314824680299,0.6234898018587334
2024-08-19,2,43,2024,8,19,0,Lundi,False,34,33,24,33,41.14,36.07,232,3,False,True,False,-0.7508642533989489,-0.6604565640279754,0.0,1.0
2024-08-20,2,51,2024,8,20,1,Mardi,False,34,43,43,43,42.29,37.03,233,3,False,True,False,-0.7621140503891487,-0.6474427960827475,0.7818314824680298,0.6234898018587336
2024-08-21,2,33,2024,8,21,2,Mercredi,False,34,51,42,51,41.0,36.33,234,3,False,False,False,-0.7731383255706026,-0.6342374393978054,0.9749279121818236,-0.22252093395631434
2024-08-22,2,40,2024,8,22,3,Jeudi,False,34,33,50,33,39.57,36.27,235,3,False,False,False,-0.7839338166829201,-0.620844401650647,0.43388373911755823,-0.900968867902419
2024-08-23,2,44,2024,8,23,4,Vendredi,False,34,40,51,40,38.57,36.2,236,3,False,False,False,-0.7944973291665992,-0.6072676460566135,-0.433883739117558,-0.9009688679024191
2024-08-24,2,30,2024,8,24,5,Samedi,True,34,44,26,44,39.14,35.57,237,3,False,False,False,-0.8048257371083452,-0.593511190196115,-0.9749279121818236,-0.2225209339563146
2024-08-25,2,36,2024,8,25,6,Dimanche,True,34,30,33,30,39.57,35.83,238,3,False,False,False,-0.8149159841660791,-0.5795791048257612,-0.7818314824680299,0.6234898018587334
2024-08-26,2,44,2024,8,26,0,Lundi,False,35,36,43,36,39.71,36.23,239,3,False,False,True,-0.8247650844733614,-0.5654755126737576,0.0,1.0
2024-08-27,2,28,2024,8,27,1,Mardi,False,35,44,51,44,36.43,36.03,240,3,False,False,True,-0.8343701235229538,-0.5512045872199277,0.7818314824680298,0.6234898018587336
2024-08-28,2,46,2024,8,28,2,Mercredi,False,35,28,33,28,38.29,36.3,241,3,False,False,True,-0.8437282590292712,-0.5367705514607103,0.9749279121818236,-0.22252093395631434
2024-08-29,2,45,2024,8,29,3,Jeudi,False,35,46,40,46,39.0,36.93,242,3,False,False,True,-0.8528367217694595,-0.522177676659508,0.43388373911755823,-0.900968867902419
2024-08-30,2,58,2024,8,30,4,Vendredi,False,35,45,44,45,41.0,37.47,243,3,False,False,True,-0.8616928164028522,-0.5074302810827518,-0.433883739117558,-0.9009688679024191
2024-08-31,2,30,2024,8,31,5,Samedi,True,35,58,30,58,41.0,38.47,244,3,False,False,True,-0.8702939222685674,-0.49253272872205434,-0.9749279121818236,-0.2225209339563146
2024-09-01,2,34,2024,9,1,6,Dimanche,True,35,30,36,30,40.71,38.37,245,3,True,False,False,-0.8786374941610001,-0.4774894280028391,-0.7818314824680299,0.6234898018587334
2024-09-02,2,37,2024,9,2,0,Lundi,False,36,34,44,34,39.71,38.6,246,3,True,False,False,-0.886721063082993,-0.46230483047981086,0.0,1.0
2024-09-03,2,44,2024,9,3,1,Mardi,False,36,37,28,37,42.0,38.83,247,3,True,False,False,-0.8945422369764496,-0.4469834295196741,0.7818314824680298,0.6234898018587336
2024-09-04,2,58,2024,9,4,2,Mercredi,False,36,44,46,44,43.71,39.5,248,3,True,False,False,-0.9020987014301837,-0.43152975897147144,0.9749279121818236,-0.22252093395631434
2024-09-05,2,44,2024,9,5,3,Jeudi,False,36,58,45,58,43.57,39.87,249,3,True,False,False,-0.9093882203647925,-0.4159483918249421,0.43388373911755823,-0.900968867902419
2024-09-06,2,49,2024,9,6,4,Vendredi,False,36,44,58,44,42.29,40.43,250,3,False,False,False,-0.9164086366943458,-0.4002439388573056,-0.433883739117558,-0.9009688679024191
2024-09-07,2,28,2024,9,7,5,Samedi,True,36,49,30,49,42.0,39.93,251,3,False,False,False,-0.9231578729647039,-0.38442104726885545,-0.9749279121818236,-0.2225209339563146
2024-09-08,2,35,2024,9,8,6,Dimanche,True,36,28,34,28,42.14,39.73,252,3,False,False,False,-0.9296339319682695,-0.3684843993077793,-0.7818314824680299,0.6234898018587334
2024-09-09,2,49,2024,9,9,0,Lundi,False,37,35,37,35,43.86,40.2,253,3,False,False,False,-0.9358348973349941,-0.35243871088460327,0.0,1.0
2024-09-10,2,68,2024,9,10,1,Mardi,False,37,49,44,49,47.29,41.43,254,3,False,False,False,-0.9417589340994617,-0.33628873017668287,0.7818314824680298,0.6234898018587336
2024-09-11,2,42,2024,9,11,2,Mercredi,False,37,68,58,68,45.0,42.03,255,3,False,True,False,-0.9474042892438845,-0.32003923622313857,0.9749279121818236,-0.22252093395631434
2024-09-12,2,0,2024,9,12,3,Jeudi,False,37,42,44,42,38.71,40.6,256,3,False,True,False,-0.9527692922168511,-0.30369503751065885,0.43388373911755823,-0.900968867902419
2024-09-13,2,56,2024,9,13,4,Vendredi,False,37,0,49,0,39.71,41.07,257,3,False,True,False,-0.9578523554276669,-0.28726097055059635,-0.433883739117558,-0.9009688679024191
2024-09-14,2,32,2024,9,14,5,Samedi,True,37,56,28,56,40.29,40.47,258,3,False,True,False,-0.9626519747161487,-0.2707418984477642,-0.9749279121818236,-0.2225209339563146
2024-09-15,2,47,2024,9,15,6,Dimanche,True,37,32,35,32,42.0,40.33,259,3,False,True,False,-0.9671667297977312,-0.2541427094613622,-0.7818314824680299,0.6234898018587334
2024-09-16,2,58,2024,9,16,0,Lundi,False,38,47,49,47,43.29,41.4,260,3,False,True,False,-0.97139528468375,-0.23746831555846842,0.0,1.0
2024-09-17,2,48,2024,9,17,1,Mardi,False,38,58,68,58,40.43,41.9,261,3,False,True,False,-0.9753363880767837,-0.2207236509605022,0.7818314824680298,0.6234898018587336
2024-09-18,2,34,2024,9,18,2,Mercredi,False,38,48,42,48,39.29,41.6,262,3,False,True,False,-0.9789888737409319,-0.20391367068311472,0.9749279121818236,-0.22252093395631434
2024-09-19,2,47,2024,9,19,3,Jeudi,False,38,34,0,34,46.0,41.47,263,3,False,True,False,-0.9823516608469237,-0.18704334906991657,0.43388373911755823,-0.900968867902419
2024-09-20,2,27,2024,9,20,4,Vendredi,False,38,47,56,47,41.86,41.27,264,3,False,True,False,-0.9854237542919524,-0.17011767832049052,-0.433883739117558,-0.9009688679024191
2024-09-21,2,25,2024,9,21,5,Samedi,True,38,27,32,27,40.86,40.77,265,3,False,False,False,-0.9882042449941422,-0.15314166701312007,-0.9749279121818236,-0.2225209339563146
2024-09-22,2,36,2024,9,22,6,Dimanche,True,38,25,47,25,39.29,40.5,266,3,False,False,False,-0.9906923101615609,-0.13612033862266704,-0.7818314824680299,0.6234898018587334
2024-09-23,2,52,2024,9,23,0,Lundi,False,39,36,58,36,38.43,41.23,267,3,False,False,False,-0.9928872135356962,-0.11905873003404988,0.0,1.0
2024-09-24,2,46,2024,9,24,1,Mardi,False,39,52,48,52,38.14,41.57,268,3,False,False,False,-0.994788305609327,-0.10196189005174576,0.7818314824680298,0.6234898018587336
2024-09-25,2,40,2024,9,25,2,Mercredi,False,39,46,34,46,39.0,41.43,269,3,False,False,False,-0.9963950238187231,-0.08483487790576538,0.9749279121818236,-0.22252093395631434
2024-09-26,2,32,2024,9,26,3,Jeudi,False,39,40,47,40,36.86,41.57,270,3,False,False,True,-0.9977068927101168,-0.06768276175455162,0.43388373911755823,-0.900968867902419
2024-09-27,2,36,2024,9,27,4,Vendredi,False,39,32,27,32,38.14,41.23,271,3,False,False,True,-0.9987235240803972,-0.050510617185222886,-0.433883739117558,-0.9009688679024191
2024-09-28,2,39,2024,9,28,5,Samedi,True,39,36,25,36,40.14,41.03,272,3,False,False,True,-0.9994446170919858,-0.033323525711631344,-0.9749279121818236,-0.2225209339563146
2024-09-29,2,34,2024,9,29,6,Dimanche,True,39,39,36,39,39.86,40.23,273,3,False,False,True,-0.9998699583618592,-0.016126573270657762,-0.7818314824680299,0.6234898018587334
2024-09-30,2,49,2024,9,30,0,Lundi,False,40,34,52,34,39.43,40.87,274,3,False,False,True,-0.9999994220246925,0.001075151282798226,0.0,1.0
2024-10-01,2,56,2024,10,1,1,Mardi,False,40,49,46,49,40.86,41.6,275,4,True,False,False,-0.999832969770105,0.018276557681691223,0.7818314824680298,0.6234898018587336
2024-10-02,2,39,2024,10,2,2,Mercredi,False,40,56,40,56,40.71,41.67,276,4,True,False,False,-0.9993706508539969,0.03547255575312556,0.9749279121818236,-0.22252093395631434
2024-10-03,2,55,2024,10,3,3,Jeudi,False,40,39,32,39,44.0,42.03,277,4,True,False,False,-0.9986126020839734,0.052658056924614005,0.43388373911755823,-0.900968867902419
2024-10-04,2,51,2024,10,4,4,Vendredi,False,40,55,36,55,46.14,41.8,278,4,True,False,False,-0.9975590477788613,0.06982797572987089,-0.433883739117558,-0.9009688679024191
2024-10-05,2,36,2024,10,5,5,Samedi,True,40,51,39,51,45.71,41.53,279,4,True,False,False,-0.9962102997023297,0.0869772313136861,-0.9749279121818236,-0.2225209339563146
2024-10-06,2,42,2024,10,6,6,Dimanche,True,40,36,34,36,46.86,41.3,280,4,False,False,False,-0.9945667569706337,0.1041007489354256,-0.7818314824680299,0.6234898018587334
2024-10-07,2,47,2024,10,7,0,Lundi,False,41,42,49,42,46.57,41.93,281,4,False,False,False,-0.9926289059345095,0.121193461470736,0.0,1.0
2024-10-08,2,47,2024,10,8,1,Mardi,False,41,47,56,47,45.29,42.33,282,4,False,False,False,-0.9903973200352558,0.1382503109109819,0.7818314824680298,0.6234898018587336
2024-10-09,2,45,2024,10,9,2,Mercredi,False,41,47,39,47,46.14,42.2,283,4,False,False,False,-0.9878726596350429,0.15526624985999563,0.9749279121818236,-0.22252093395631434
2024-10-10,2,55,2024,10,10,3,Jeudi,False,41,45,55,45,46.14,41.77,284,4,False,False,False,-0.9850556718215013,0.172236243027682,0.43388373911755823,-0.900968867902419
2024-10-11,2,58,2024,10,11,4,Vendredi,False,41,55,51,55,47.14,42.3,285,4,False,True,False,-0.981947190186646,0.18915526872004093,-0.433883739117558,-0.9009688679024191
2024-10-12,2,38,2024,10,12,5,Samedi,True,41,58,36,58,47.43,43.57,286,4,False,True,False,-0.9785481345802031,0.20601832032517084,-0.9749279121818236,-0.2225209339563146
2024-10-13,2,37,2024,10,13,6,Dimanche,True,41,38,42,38,46.71,42.93,287,4,False,True,False,-0.9748595108374125,0.22282040779479959,-0.7818314824680299,0.6234898018587334
2024-10-14,2,51,2024,10,14,0,Lundi,False,42,37,47,37,47.29,43.57,288,4,False,True,False,-0.9708824104813836,0.23955655912092708,0.0,1.0
2024-10-15,2,51,2024,10,15,1,Mardi,False,42,51,47,51,47.86,43.7,289,4,False,True,False,-0.9666180104000972,0.2562218218071163,0.7818314824680298,0.6234898018587336
2024-10-16,2,67,2024,10,16,2,Mercredi,False,42,51,45,51,51.0,44.0,290,4,False,True,False,-0.9620675724981452,0.27281126433401914,0.9749279121818236,-0.22252093395631434
2024-10-17,2,51,2024,10,17,3,Jeudi,False,42,67,55,67,50.43,44.1,291,4,False,True,False,-0.957232443323312,0.28931997761869527,0.43388373911755823,-0.900968867902419
2024-10-18,2,49,2024,10,18,4,Vendredi,False,42,51,58,51,49.14,44.6,292,4,False,True,False,-0.9521140536681102,0.3057430764672831,-0.433883739117558,-0.9009688679024191
2024-10-19,2,57,2024,10,19,5,Samedi,True,42,49,38,49,51.86,44.93,293,4,False,True,False,-0.9467139181463862,0.3220757010206104,-0.9749279121818236,-0.2225209339563146
2024-10-20,2,30,2024,10,20,6,Dimanche,True,42,57,37,57,50.86,45.03,294,4,False,True,False,-0.9410336347451197,0.3383130181923076,-0.7818314824680299,0.6234898018587334
2024-10-21,2,50,2024,10,21,0,Lundi,False,43,30,51,30,50.71,45.87,295,4,False,False,False,-0.9350748843515574,0.3544502230989869,0.0,1.0
2024-10-22,2,31,2024,10,22,1,Mardi,False,43,50,51,50,47.86,45.7,296,4,False,False,False,-0.9288394302558068,0.3704825404820963,0.7818314824680298,0.6234898018587336
2024-10-23,2,31,2024,10,23,2,Mercredi,False,43,31,67,31,42.71,45.0,297,4,False,False,False,-0.9223291176290545,0.3864052261209853,0.9749279121818236,-0.22252093395631434
2024-10-24,2,48,2024,10,24,3,Jeudi,False,43,31,51,31,42.29,45.07,298,4,False,False,False,-0.9155458729775467,0.40221356823680365,0.43388373911755823,-0.900968867902419
2024-10-25,2,39,2024,10,25,4,Vendredi,False,43,48,49,48,40.86,45.03,299,4,False,False,False,-0.9084917035725082,0.41790288888678667,-0.433883739117558,-0.9009688679024191
2024-10-26,2,41,2024,10,26,5,Samedi,True,43,39,57,39,38.57,45.33,300,4,False,False,True,-0.9011686968561569,0.4334685453485363,-0.9749279121818236,-0.2225209339563146
2024-10-27,2,44,2024,10,27,6,Dimanche,True,43,41,30,41,40.57,45.6,301,4,False,False,True,-0.8935790198239952,0.4489059314938798,-0.7818314824680299,0.6234898018587334
2024-10-28,2,45,2024,10,28,0,Lundi,False,44,44,50,44,39.86,45.8,302,4,False,False,True,-0.8857249183835637,0.4642104791518923,0.0,1.0
2024-10-29,2,51,2024,10,29,1,Mardi,False,44,45,31,45,42.71,46.37,303,4,False,False,True,-0.8776087166898392,0.4793776594606945,0.7818314824680298,0.6234898018587336
2024-10-30,2,56,2024,10,30,2,Mercredi,False,44,51,31,51,46.29,46.6,304,4,False,False,True,-0.8692328164574792,0.49440298420761813,0.9749279121818236,-0.22252093395631434
2024-10-31,2,0,2024,10,31,3,Jeudi,False,44,56,48,56,39.43,44.73,305,4,False,False,True,-0.8605996962501181,0.5092820071573356,0.43388373911755823,-0.900968867902419
2024-11-01,2,44,2024,11,1,4,Vendredi,False,44,0,39,0,40.14,44.9,306,4,True,False,False,-0.8517119107469189,0.5240103253675756,-0.433883739117558,-0.9009688679024191
2024-11-02,2,32,2024,11,2,5,Samedi,True,44,44,41,44,38.86,44.13,307,4,True,False,False,-0.8425720899866032,0.5385835804920232,-0.9749279121818236,-0.2225209339563146
2024-11-03,2,53,2024,11,3,6,Dimanche,True,44,32,44,32,40.14,44.2,308,4,True,False,False,-0.8331829385891785,0.5529974600700271,-0.7818314824680299,0.6234898018587334
2024-11-04,2,26,2024,11,4,0,Lundi,False,45,53,45,53,37.43,43.87,309,4,True,False,False,-0.8235472349556007,0.5672476988027229,0.0,1.0
2024-11-05,2,60,2024,11,5,1,Mardi,False,45,26,51,26,38.71,44.47,310,4,True,False,False,-0.8136678304455991,0.5813300798152042,0.7818314824680298,0.6234898018587336
2024-11-06,2,45,2024,11,6,2,Mercredi,False,45,60,56,60,37.14,44.4,311,4,False,False,False,-0.8035476485339116,0.5952404359043674,0.9749279121818236,-0.22252093395631434
2024-11-07,2,51,2024,11,7,3,Jeudi,False,45,45,0,45,44.43,44.53,312,4,False,False,False,-0.7931896839451843,0.6089746507720486,0.43388373911755823,-0.900968867902419
2024-11-08,2,41,2024,11,8,4,Vendredi,False,45,51,44,51,44.0,44.4,313,4,False,False,False,-0.7825970017677834,0.6225286602431057,-0.433883739117558,-0.9009688679024191
2024-11-09,2,28,2024,11,9,5,Samedi,True,45,41,32,41,43.43,43.5,314,4,False,False,False,-0.7717727365467836,0.6358984534680745,-0.9749279121818236,-0.2225209339563146
2024-11-10,2,30,2024,11,10,6,Dimanche,True,45,28,53,28,40.14,42.57,315,4,False,False,False,-0.7607200913564104,0.6490800741100398,-0.7818314824680299,0.6234898018587334
2024-11-11,2,27,2024,11,11,0,Lundi,False,46,30,26,30,40.29,42.2,316,4,False,True,False,-0.7494423368521954,0.6620696215153815,0.0,1.0
2024-11-12,2,45,2024,11,12,1,Mardi,False,46,27,60,27,38.14,42.47,317,4,False,True,False,-0.7379428103031386,0.6748632518680403,0.7818314824680298,0.6234898018587336
2024-11-13,2,36,2024,11,13,2,Mercredi,False,46,45,45,45,36.86,41.97,318,4,False,True,False,-0.7262249146041543,0.6874571793269664,0.9749279121818236,-0.22252093395631434
2024-11-14,2,54,2024,11,14,3,Jeudi,False,46,36,51,36,37.29,42.07,319,4,False,True,False,-0.7142921172691032,0.699847677146407,0.43388373911755823,-0.900968867902419
2024-11-15,2,25,2024,11,15,4,Vendredi,False,46,54,41,54,35.0,40.67,320,4,False,True,False,-0.7021479494046978,0.7120310787787131,-0.433883739117558,-0.9009688679024191
2024-11-16,2,42,2024,11,16,5,Samedi,True,46,25,28,25,37.0,40.37,321,4,False,True,False,-0.6897960046655887,0.7240037789593305,-0.9749279121818236,-0.2225209339563146
2024-11-17,2,30,2024,11,17,6,Dimanche,True,46,42,30,42,37.0,39.73,322,4,False,True,False,-0.6772399381909491,0.7357622347736527,-0.7818314824680299,0.6234898018587334
2024-11-18,2,41,2024,11,18,0,Lundi,False,47,30,27,30,39.0,39.2,323,4,False,True,False,-0.6644834655228552,0.7473029667054296,0.0,1.0
2024-11-19,2,57,2024,11,19,1,Mardi,False,47,41,45,41,40.71,40.1,324,4,False,True,False,-0.6515303615068021,0.75862255966641,0.7818314824680298,0.6234898018587336
2024-11-20,2,59,2024,11,20,2,Mercredi,False,47,57,36,57,44.0,40.4,325,4,False,True,False,-0.6383844591746642,0.7697176640069211,0.9749279121818236,-0.22252093395631434
2024-11-21,2,55,2024,11,21,3,Jeudi,False,47,59,54,59,44.14,41.2,326,4,False,False,False,-0.6250496486104377,0.7805849965070866,0.43388373911755823,-0.900968867902419
2024-11-22,2,57,2024,11,22,4,Vendredi,False,47,55,25,55,48.71,42.07,327,4,False,False,False,-0.6115298757991053,0.7912213413483807,-0.433883739117558,-0.9009688679024191
2024-11-23,2,32,2024,11,23,5,Samedi,True,47,57,42,57,47.29,41.53,328,4,False,False,False,-0.5978291414589552,0.801623551065242,-0.9749279121818236,-0.2225209339563146
2024-11-24,2,29,2024,11,24,6,Dimanche,True,47,32,30,32,47.14,41.2,329,4,False,False,False,-0.5839514998576998,0.8117885474764613,-0.7818314824680299,0.6234898018587334
2024-11-25,2,50,2024,11,25,0,Lundi,False,48,29,41,29,48.43,41.5,330,4,False,False,False,-0.5699010576127624,0.8217133225960589,0.0,1.0
2024-11-26,2,35,2024,11,26,1,Mardi,False,48,50,57,50,45.29,41.2,331,4,False,False,True,-0.5556819724760489,0.8313949395234058,0.7818314824680298,0.6234898018587336
2024-11-27,2,49,2024,11,27,2,Mercredi,False,48,35,59,35,43.86,41.33,332,4,False,False,True,-0.5412984521036173,0.8408305333122887,0.9749279121818236,-0.22252093395631434
2024-11-28,2,52,2024,11,28,3,Jeudi,False,48,49,55,49,43.43,41.37,333,4,False,False,True,-0.5267547528105542,0.8500173118187018,0.43388373911755823,-0.900968867902419
2024-11-29,2,41,2024,11,29,4,Vendredi,False,48,52,57,52,41.14,40.87,334,4,False,False,True,-0.5120551783114646,0.8589525565270845,-0.433883739117558,-0.9009688679024191
2024-11-30,2,40,2024,11,30,5,Samedi,True,48,41,32,41,42.29,42.2,335,4,False,False,True,-0.4972040784469378,0.8676336233547726,-0.9749279121818236,-0.2225209339563146
2024-01-01,3,32,2024,1,1,0,Lundi,False,1,0,0,0,32.0,32.0,1,1,True,False,False,0.017201575418260506,0.9998520419557735,0.0,1.0
2024-01-02,3,54,2024,1,2,1,Mardi,False,1,32,0,32,43.0,43.0,2,1,True,False,False,0.03439806061360801,0.9994082116062598,0.7818314824680298,0.6234898018587336
2024-01-03,3,50,2024,1,3,2,Mercredi,False,1,54,0,54,45.33,45.33,3,1,True,False,False,0.051584366869408364,0.9986686402879997,0.9749279121818236,-0.22252093395631434
2024-01-04,3,34,2024,1,4,3,Jeudi,False,1,50,0,50,42.5,42.5,4,1,True,False,False,0.06875540848113941,0.9976335468520451,0.43388373911755823,-0.900968867902419
2024-01-05,3,32,2024,1,5,4,Vendredi,False,1,34,0,34,40.4,40.4,5,1,True,False,False,0.08590610426133272,0.9963032375991965,-0.433883739117558,-0.9009688679024191
2024-01-06,3,26,2024,1,6,5,Samedi,True,1,32,0,32,38.0,38.0,6,1,False,False,False,0.10303137904317879,0.9946781061893646,-0.9749279121818236,-0.2225209339563146
2024-01-07,3,30,2024,1,7,6,Dimanche,True,1,26,0,26,36.86,36.86,7,1,False,False,False,0.1201261651823505,0.9927586335250793,-0.7818314824680299,0.6234898018587334
2024-01-08,3,35,2024,1,8,0,Lundi,False,2,30,32,30,37.29,36.62,8,1,False,False,False,0.13718540405660057,0.9905453876091833,0.0,1.0
2024-01-09,3,50,2024,1,9,1,Mardi,False,2,35,54,35,36.71,38.11,9,1,False,False,False,0.1542040475626894,0.988039023376751,0.7818314824680298,0.6234898018587336
2024-01-10,3,26,2024,1,10,2,Mercredi,False,2,50,50,50,33.29,36.9,10,1,False,False,False,0.17117705961019986,0.985240282501282,0.9749279121818236,-0.22252093395631434
2024-01-11,3,40,2024,1,11,3,Jeudi,False,2,26,34,26,34.14,37.18,11,1,False,True,False,0.18809941761179758,0.9821499931752291,0.43388373911755823,-0.900968867902419
2024-01-12,3,44,2024,1,12,4,Vendredi,False,2,40,32,40,35.86,37.75,12,1,False,True,False,0.20496611396949532,0.9787690698649216,-0.433883739117558,-0.9009688679024191
2024-01-13,3,21,2024,1,13,5,Samedi,True,2,44,26,44,35.14,36.46,13,1,False,True,False,0.22177215755648186,0.975098513039961,-0.9749279121818236,-0.2225209339563146
2024-01-14,3,22,2024,1,14,6,Dimanche,True,2,21,30,21,34.0,35.43,14,1,False,True,False,0.23851257519407648,0.9711394088771653,-0.7818314824680299,0.6234898018587334
2024-01-15,3,26,2024,1,15,0,Lundi,False,3,22,35,22,32.71,34.8,15,1,False,True,False,0.2551824131233728,0.9668929289391521,0.0,1.0
2024-01-16,3,29,2024,1,16,1,Mardi,False,3,26,50,26,29.71,34.44,16,1,False,True,False,0.2717767384711357,0.9623603298276545,0.7818314824680298,0.6234898018587336
2024-01-17,3,28,2024,1,17,2,Mercredi,False,3,29,26,29,30.0,34.06,17,1,False,True,False,0.2882906407095177,0.9575429528116719,0.9749279121818236,-0.22252093395631434
2024-01-18,3,30,2024,1,18,3,Jeudi,False,3,28,40,28,28.57,33.83,18,1,False,True,False,0.3047192331091634,0.9524422234305676,0.43388373911755823,-0.900968867902419
2024-01-19,3,27,2024,1,19,4,Vendredi,False,3,30,44,30,26.14,33.47,19,1,False,True,False,0.321057654185271,0.9470596510722283,-0.433883739117558,-0.9009688679024191
2024-01-20,3,19,2024,1,20,5,Samedi,True,3,27,21,27,25.86,32.75,20,1,False,True,False,0.3373010691361842,0.9413968285264122,-0.9749279121818236,-0.2225209339563146
2024-01-21,3,24,2024,1,21,6,Dimanche,True,3,19,22,19,26.14,32.33,21,1,False,False,False,0.3534446712740877,0.9354554315134164,-0.7818314824680299,0.6234898018587334
2024-01-22,3,31,2024,1,22,0,Lundi,False,4,24,26,24,26.86,32.27,22,1,False,False,False,0.3694836834473831,0.9292372181882051,0.0,1.0
2024-01-23,3,47,2024,1,23,1,Mardi,False,4,31,29,31,29.43,32.91,23,1,False,False,False,0.38541335945432564,0.9227440286201427,0.7818314824680298,0.6234898018587336
2024-01-24,3,35,2024,1,24,2,Mercredi,False,4,47,28,47,30.43,33.0,24,1,False,False,False,0.4012289854475009,0.9159777842484877,0.9749279121818236,-0.22252093395631434
2024-01-25,3,30,2024,1,25,3,Jeudi,False,4,35,30,35,30.43,32.88,25,1,False,False,False,0.4169258813287287,0.908940487313808,0.43388373911755823,-0.900968867902419
2024-01-26,3,38,2024,1,26,4,Vendredi,False,4,30,27,30,32.0,33.08,26,1,False,False,True,0.4324994021339788,0.901634220265486,-0.433883739117558,-0.9009688679024191
2024-01-27,3,21,2024,1,27,5,Samedi,True,4,38,19,38,32.29,32.63,27,1,False,False,True,0.44794493940789115,0.8940611451454876,-0.9749279121818236,-0.2225209339563146
2024-01-28,3,28,2024,1,28,6,Dimanche,True,4,21,24,21,32.86,32.46,28,1,False,False,True,0.4632579225674917,0.88622350294858,-0.7818314824680299,0.6234898018587334
2024-01-29,3,22,2024,1,29,0,Lundi,False,5,28,31,28,31.57,32.1,29,1,False,False,True,0.4784338202547012,0.8781236129591848,0.0,1.0
2024-01-30,3,44,2024,1,30,1,Mardi,False,5,22,47,22,31.14,32.5,30,1,False,False,True,0.49346814167723735,0.8697638720650646,0.7818314824680298,0.6234898018587336
2024-01-31,3,45,2024,1,31,2,Mercredi,False,5,44,35,44,32.57,32.93,31,1,False,False,True,0.5083564379375122,0.8611467540480452,0.9749279121818236,-0.22252093395631434
2024-02-01,3,32,2024,2,1,3,Jeudi,False,5,45,30,45,32.86,32.2,32,1,True,False,False,0.5230943033491326,0.8522748088519838,0.43388373911755823,-0.900968867902419
2024-02-02,3,29,2024,2,2,4,Vendredi,False,5,32,38,32,31.57,31.5,33,1,True,False,False,0.5376773767406141,0.8431506618282,-0.433883739117558,-0.9009688679024191
2024-02-03,3,23,2024,2,3,5,Samedi,True,5,29,21,29,31.86,31.13,34,1,True,False,False,0.5521013427459208,0.8337770129585915,-0.9749279121818236,-0.2225209339563146
2024-02-04,3,27,2024,2,4,6,Dimanche,True,5,23,28,23,31.71,30.97,35,1,True,False,False,0.5663619330814524,0.8241566360566663,-0.7818314824680299,0.6234898018587334
2024-02-05,3,37,2024,2,5,0,Lundi,False,6,27,22,27,33.86,31.33,36,1,True,False,False,0.580454927809098,0.8142923779467267,0.0,1.0
2024-02-06,3,0,2024,2,6,1,Mardi,False,6,37,44,37,27.57,30.33,37,1,False,False,False,0.5943761565849831,0.804187157621448,0.7818314824680298,0.6234898018587336
2024-02-07,3,38,2024,2,7,2,Mercredi,False,6,0,45,0,26.57,30.43,38,1,False,False,False,0.6081214998935418,0.7938439653781019,0.9749279121818236,-0.22252093395631434
2024-02-08,3,29,2024,2,8,3,Jeudi,False,6,38,32,38,26.14,29.73,39,1,False,False,False,0.6216868902665479,0.7832658619336791,0.43388373911755823,-0.900968867902419
2024-02-09,3,45,2024,2,9,4,Vendredi,False,6,29,29,29,28.43,30.37,40,1,False,False,False,0.6350683134867438,0.7724559775191742,-0.433883739117558,-0.9009688679024191
2024-02-10,3,26,2024,2,10,5,Samedi,True,6,45,23,45,28.86,29.9,41,1,False,False,False,0.6482618097757122,0.7614175109532997,-0.9749279121818236,-0.2225209339563146
2024-02-11,3,38,2024,2,11,6,Dimanche,True,6,26,27,26,30.43,29.7,42,1,False,True,False,0.6612634749656386,0.7501537286959042,-0.7818314824680299,0.6234898018587334
2024-02-12,3,47,2024,2,12,0,Lundi,False,7,38,37,38,31.86,30.57,43,1,False,True,False,0.6740694616546161,0.7386679638813748,0.0,1.0
2024-02-13,3,55,2024,2,13,1,Mardi,False,7,47,0,47,39.71,31.67,44,1,False,True,False,0.6866759803451553,0.726963615332308,0.7818314824680298,0.6234898018587336
2024-02-14,3,24,2024,2,14,2,Mercredi,False,7,55,38,55,37.71,31.6,45,1,False,True,False,0.6990793005655562,0.7150441465537444,0.9749279121818236,-0.22252093395631434
2024-02-15,3,43,2024,2,15,3,Jeudi,False,7,24,29,24,39.71,32.07,46,1,False,True,False,0.7112757519738152,0.7029130847082615,0.43388373911755823,-0.900968867902419
2024-02-16,3,61,2024,2,16,4,Vendredi,False,7,43,45,43,42.0,33.17,47,1,False,True,False,0.7232617254437388,0.6905740195722293,-0.433883739117558,-0.9009688679024191
2024-02-17,3,27,2024,2,17,5,Samedi,True,7,61,26,61,42.14,33.07,48,1,False,True,False,0.7350336741329413,0.6780306024735382,-0.9749279121818236,-0.2225209339563146
2024-02-18,3,23,2024,2,18,6,Dimanche,True,7,27,38,27,40.0,32.93,49,1,False,True,False,0.746588114532413,0.6652865452111116,-0.7818314824680299,0.6234898018587334
2024-02-19,3,39,2024,2,19,0,Lundi,False,8,23,47,23,38.86,33.6,50,1,False,True,False,0.7579216274973472,0.6523456189565257,0.0,1.0
2024-02-20,3,33,2024,2,20,1,Mardi,False,8,39,55,39,35.71,33.9,51,1,False,True,False,0.7690308592589181,0.6392116531380588,0.7818314824680298,0.6234898018587336
2024-02-21,3,42,2024,2,21,2,Mercredi,False,8,33,24,33,38.29,34.27,52,1,False,False,False,0.7799125224167177,0.6258885343075018,0.9749279121818236,-0.22252093395631434
2024-02-22,3,60,2024,2,22,3,Jeudi,False,8,42,43,42,40.71,34.7,53,1,False,False,False,0.7905633969115482,0.612380204990065,0.43388373911755823,-0.900968867902419
2024-02-23,3,0,2024,2,23,4,Vendredi,False,8,60,61,60,32.0,33.53,54,1,False,False,False,0.8009803309782905,0.5986906625177214,-0.433883739117558,-0.9009688679024191
2024-02-24,3,29,2024,2,24,5,Samedi,True,8,0,27,0,32.29,33.5,55,1,False,False,False,0.8111602420785621,0.5848239578463322,-0.9749279121818236,-0.2225209339563146
2024-02-25,3,23,2024,2,25,6,Dimanche,True,8,29,23,29,32.29,33.0,56,1,False,False,False,0.8211001178128892,0.5707841943569036,-0.7818314824680299,0.6234898018587334
2024-02-26,3,45,2024,2,26,0,Lundi,False,9,23,39,23,33.14,33.8,57,1,False,False,True,0.8307970168121247,0.5565755266413303,0.0,1.0
2024-02-27,3,42,2024,2,27,1,Mardi,False,9,45,33,45,34.43,34.27,58,1,False,False,True,0.8402480696078469,0.5422021592729844,0.7818314824680298,0.6234898018587336
2024-02-28,3,35,2024,2,28,2,Mercredi,False,9,42,42,42,33.43,34.7,59,1,False,False,True,0.8494504794814806,0.527668345562516,0.9749279121818236,-0.22252093395631434
2024-02-29,3,49,2024,2,29,3,Jeudi,False,9,35,60,35,31.86,34.87,60,1,False,False,True,0.8584015232918917,0.512978386299228,0.43388373911755823,-0.900968867902419
2024-03-01,3,43,2024,3,1,4,Vendredi,False,9,49,0,49,38.0,34.8,61,1,True,False,False,0.8670985522812081,0.4981366284784055,-0.433883739117558,-0.9009688679024191
2024-03-02,3,19,2024,3,2,5,Samedi,True,9,43,29,43,36.57,34.37,62,1,True,False,False,0.8755389928586302,0.4831474640149687,-0.9749279121818236,-0.2225209339563146
2024-03-03,3,28,2024,3,3,6,Dimanche,True,9,19,23,19,37.29,34.33,63,1,True,False,False,0.8837203473619977,0.4680153284438345,-0.7818314824680299,0.6234898018587334
2024-03-04,3,42,2024,3,4,0,Lundi,False,10,28,45,28,36.86,34.97,64,1,True,False,False,0.8916401947968874,0.45274469960737107,0.0,1.0
2024-03-05,3,34,2024,3,5,1,Mardi,False,10,42,42,42,35.71,35.2,65,1,True,False,False,0.8992961915530253,0.4373400963303323,0.7818314824680298,0.6234898018587336
2024-03-06,3,42,2024,3,6,2,Mercredi,False,10,34,35,34,36.71,35.37,66,1,False,False,False,0.9066860720977985,0.4218060770826634,0.9749279121818236,-0.22252093395631434
2024-03-07,3,39,2024,3,7,3,Jeudi,False,10,42,49,42,35.29,36.67,67,1,False,False,False,0.9138076496466615,0.4061472386305789,0.43388373911755823,-0.900968867902419
2024-03-08,3,53,2024,3,8,4,Vendredi,False,10,39,43,39,36.71,37.17,68,1,False,False,False,0.9206588168102428,0.3903682146763026,-0.433883739117558,-0.9009688679024191
2024-03-09,3,33,2024,3,9,5,Samedi,True,10,53,19,53,38.71,37.3,69,1,False,False,False,0.9272375462179537,0.374473674486883,-0.9749279121818236,-0.2225209339563146
2024-03-10,3,26,2024,3,10,6,Dimanche,True,10,33,28,33,38.43,36.67,70,1,False,False,False,0.9335418911179212,0.35846832151248087,-0.7818314824680299,0.6234898018587334
2024-03-11,3,51,2024,3,11,0,Lundi,False,11,26,42,26,39.71,37.5,71,1,False,True,False,0.9395699859530622,0.342356891994542,0.0,1.0
2024-03-12,3,41,2024,3,12,1,Mardi,False,11,51,34,51,40.71,37.6,72,1,False,True,False,0.945320046913132,0.3261441535642696,0.7818314824680298,0.6234898018587336
2024-03-13,3,56,2024,3,13,2,Mercredi,False,11,41,42,41,42.71,37.9,73,1,False,True,False,0.9507903724625832,0.3098349038318025,0.9749279121818236,-0.22252093395631434
2024-03-14,3,26,2024,3,14,3,Jeudi,False,11,56,39,56,40.86,36.93,74,1,False,True,False,0.9559793438440766,0.2934339689665273,0.43388373911755823,-0.900968867902419
2024-03-15,3,50,2024,3,15,4,Vendredi,False,11,26,53,26,40.43,37.8,75,1,False,True,False,0.9608854255574977,0.27694620226893646,-0.433883739117558,-0.9009688679024191
2024-03-16,3,24,2024,3,16,5,Samedi,True,11,50,33,50,39.14,37.17,76,1,False,True,False,0.9655071658143364,0.2603764827344581,-0.9749279121818236,-0.2225209339563146
2024-03-17,3,19,2024,3,17,6,Dimanche,True,11,24,26,24,38.14,35.77,77,1,False,True,False,0.969843196967294,0.24372971360968387,-0.7818314824680299,0.6234898018587334
2024-03-18,3,41,2024,3,18,0,Lundi,False,12,19,51,19,36.71,36.23,78,1,False,True,False,0.9738922359149924,0.22701082094141847,0.0,1.0
2024-03-19,3,41,2024,3,19,1,Mardi,False,12,41,41,41,36.71,36.83,79,1,False,True,False,0.9776530844816641,0.2102247521189836,0.7818314824680298,0.6234898018587336
2024-03-20,3,38,2024,3,20,2,Mercredi,False,12,41,56,41,34.14,36.8,80,1,False,True,False,0.981124629771712,0.19337647441020586,0.9749279121818236,-0.22252093395631434
2024-03-21,3,41,2024,3,21,3,Jeudi,False,12,38,26,38,36.29,37.07,81,1,False,False,False,0.984305844499033,0.17647097349152166,0.43388373911755823,-0.900968867902419
2024-03-22,3,38,2024,3,22,4,Vendredi,False,12,41,50,41,34.57,36.93,82,1,False,False,False,0.9871957872910085,0.15951325197263655,-0.433883739117558,-0.9009688679024191
2024-03-23,3,27,2024,3,23,5,Samedi,True,12,38,24,38,35.0,35.83,83,1,False,False,False,0.9897936029670716,0.14250832791617088,-0.9749279121818236,-0.2225209339563146
2024-03-24,3,23,2024,3,24,6,Dimanche,True,12,27,19,27,35.57,36.6,84,1,False,False,False,0.992098522791769,0.12546123335273648,-0.7818314824680299,0.6234898018587334
2024-03-25,3,0,2024,3,25,0,Lundi,False,13,23,41,23,29.71,35.63,85,1,False,False,False,0.9941098647022418,0.10837701279187609,0.0,1.0
2024-03-26,3,44,2024,3,26,1,Mardi,False,13,0,41,0,30.14,36.33,86,1,False,False,True,0.9958270335100595,0.09126072172931188,0.7818314824680298,0.6234898018587336
2024-03-27,3,46,2024,3,27,2,Mercredi,False,13,44,38,44,31.29,36.37,87,1,False,False,True,0.9972495210773451,0.07411742515094437,0.9749279121818236,-0.22252093395631434
2024-03-28,3,53,2024,3,28,3,Jeudi,False,13,46,41,46,33.0,36.73,88,1,False,False,True,0.998376906467142,0.056952196034039754,0.43388373911755823,-0.900968867902419
2024-03-29,3,32,2024,3,29,4,Vendredi,False,13,53,38,53,32.14,36.63,89,1,False,False,True,0.9992088560679753,0.03977011384605572,-0.433883739117558,-0.9009688679024191
2024-03-30,3,32,2024,3,30,5,Samedi,True,13,32,27,32,32.86,36.07,90,1,False,False,True,0.9997451236925734,0.022576263041545485,-0.9749279121818236,-0.2225209339563146
2024-03-31,3,34,2024,3,31,6,Dimanche,True,13,32,23,32,34.43,35.77,91,1,False,False,True,0.9999855506507186,0.005375731557583884,-0.7818314824680299,0.6234898018587334
2024-04-01,3,48,2024,4,1,0,Lundi,False,14,34,0,34,41.29,36.73,92,2,True,False,False,0.9999300657962057,-0.011826390691832589,0.0,1.0
2024-04-02,3,60,2024,4,2,1,Mardi,False,14,48,44,48,43.57,37.8,93,2,True,False,False,0.9995786855478958,-0.029025013321975237,0.7818314824680298,0.6234898018587336
2024-04-03,3,52,2024,4,3,2,Mercredi,False,14,60,46,60,44.43,38.13,94,2,True,False,False,0.9989315138848577,-0.046215046983708354,0.9749279121818236,-0.22252093395631434
2024-04-04,3,30,2024,4,4,3,Jeudi,False,14,52,53,52,41.14,38.0,95,2,True,False,False,0.9979887423155984,-0.06339140486951038,0.43388373911755823,-0.900968867902419
2024-04-05,3,40,2024,4,5,4,Vendredi,False,14,30,32,30,42.29,37.93,96,2,True,False,False,0.9967506498213929,-0.08054900421874167,-0.433883739117558,-0.9009688679024191
2024-04-06,3,38,2024,4,6,5,Samedi,True,14,40,32,40,43.14,37.9,97,2,False,False,False,0.9952176027737294,-0.09768276782171598,-0.9749279121818236,-0.2225209339563146
2024-04-07,3,26,2024,4,7,6,Dimanche,True,14,38,34,38,42.0,37.0,98,2,False,False,False,0.9933900548258936,-0.11478762552212701,-0.7818314824680299,0.6234898018587334
2024-04-08,3,47,2024,4,8,0,Lundi,False,15,26,48,26,41.86,37.47,99,2,False,False,False,0.9912685467787256,-0.13185851571739118,0.0,1.0
2024-04-09,3,30,2024,4,9,1,Mardi,False,15,47,60,47,37.57,37.6,100,2,False,False,False,0.9888537064205885,-0.1488903868564548,0.7818314824680298,0.6234898018587336
2024-04-10,3,41,2024,4,10,2,Mercredi,False,15,30,52,30,36.0,37.27,101,2,False,False,False,0.986146248341595,-0.16587819893463143,0.9749279121818236,-0.22252093395631434
2024-04-11,3,37,2024,4,11,3,Jeudi,False,15,41,30,41,37.0,37.13,102,2,False,True,False,0.9831469737221499,-0.1828169249850199,0.43388373911755823,-0.900968867902419
2024-04-12,3,34,2024,4,12,4,Vendredi,False,15,37,40,37,36.14,36.4,103,2,False,True,False,0.9798567700958665,-0.1997015525660636,-0.433883739117558,-0.9009688679024191
2024-04-13,3,33,2024,4,13,5,Samedi,True,15,34,38,34,35.43,36.63,104,2,False,True,False,0.9762766110869321,-0.21652708524481437,-0.9749279121818236,-0.2225209339563146
2024-04-14,3,23,2024,4,14,6,Dimanche,True,15,33,26,33,35.0,35.73,105,2,False,True,False,0.9724075561219968,-0.23328854407545518,-0.7818314824680299,0.6234898018587334
2024-04-15,3,57,2024,4,15,0,Lundi,False,16,23,47,23,36.43,36.83,106,2,False,True,False,0.9682507501166718,-0.2499809690726521,0.0,1.0
2024-04-16,3,38,2024,4,16,1,Mardi,False,16,57,30,57,37.57,37.47,107,2,False,True,False,0.9638074231367307,-0.26659942067929354,0.7818314824680298,0.6234898018587336
2024-04-17,3,51,2024,4,17,2,Mercredi,False,16,38,41,38,39.0,37.8,108,2,False,True,False,0.9590788900341131,-0.28313898122818354,0.9749279121818236,-0.22252093395631434
2024-04-18,3,20,2024,4,18,3,Jeudi,False,16,51,37,51,36.57,37.1,109,2,False,True,False,0.9540665500578387,-0.2995947563972602,0.43388373911755823,-0.900968867902419
2024-04-19,3,57,2024,4,19,4,Vendredi,False,16,20,34,20,39.86,37.73,110,2,False,True,False,0.9487718864399473,-0.31596187665790293,-0.433883739117558,-0.9009688679024191
2024-04-20,3,30,2024,4,20,5,Samedi,True,16,57,33,57,39.43,37.37,111,2,False,True,False,0.9431964659565866,-0.33223549871590435,-0.9749279121818236,-0.2225209339563146
2024-04-21,3,0,2024,4,21,6,Dimanche,True,16,30,23,30,36.14,36.1,112,2,False,False,False,0.9373419384643772,-0.3484108069446808,-0.7818314824680299,0.6234898018587334
2024-04-22,3,35,2024,4,22,0,Lundi,False,17,0,57,0,33.0,36.37,113,2,False,False,False,0.9312100364121947,-0.3644830148102912,0.0,1.0
2024-04-23,3,48,2024,4,23,1,Mardi,False,17,35,38,35,34.43,37.2,114,2,False,False,False,0.9248025743285089,-0.38044736628785164,0.7818314824680298,0.6234898018587336
2024-04-24,3,60,2024,4,24,2,Mercredi,False,17,48,51,48,35.71,39.2,115,2,False,False,False,0.9181214482844364,-0.39629913726891813,0.9749279121818236,-0.22252093395631434
2024-04-25,3,59,2024,4,25,3,Jeudi,False,17,60,20,60,41.29,39.7,116,2,False,False,False,0.9111686353326631,-0.41203363695942635,0.43388373911755823,-0.900968867902419
2024-04-26,3,0,2024,4,26,4,Vendredi,False,17,59,57,59,33.14,38.17,117,2,False,False,True,0.9039461929224011,-0.42764620926777464,-0.433883739117558,-0.9009688679024191
2024-04-27,3,0,2024,4,27,5,Samedi,True,17,0,30,0,28.86,36.4,118,2,False,False,True,0.8964562582905575,-0.44313223418263453,-0.9749279121818236,-0.2225209339563146
2024-04-28,3,13,2024,4,28,6,Dimanche,True,17,0,0,0,30.71,35.77,119,2,False,False,True,0.8887010478292915,-0.45848712914008766,-0.7818314824680299,0.6234898018587334
2024-04-29,3,43,2024,4,29,0,Lundi,False,18,13,35,13,31.86,36.13,120,2,False,False,True,0.8806828564301475,-0.47370635037968,0.0,1.0
2024-04-30,3,39,2024,4,30,1,Mardi,False,18,43,48,43,30.57,36.3,121,2,False,False,True,0.8724040568049612,-0.48878539428899265,0.7818314824680298,0.6234898018587336
2024-05-01,3,38,2024,5,1,2,Mercredi,False,18,39,60,39,27.43,35.97,122,2,True,False,False,0.8638670987837349,-0.503719798736334,0.9749279121818236,-0.22252093395631434
2024-05-02,3,48,2024,5,2,3,Jeudi,False,18,38,59,38,25.86,35.57,123,2,True,False,False,0.8550745085896932,-0.518505144391157,0.43388373911755823,-0.900968867902419
2024-05-03,3,44,2024,5,3,4,Vendredi,False,18,48,0,48,32.14,35.3,124,2,True,False,False,0.8460288880917339,-0.533137056031809,-0.433883739117558,-0.9009688679024191
2024-05-04,3,23,2024,5,4,5,Samedi,True,18,44,0,44,35.43,35.07,125,2,True,False,False,0.8367329140344921,-0.5476112038402312,-0.9749279121818236,-0.2225209339563146
2024-05-05,3,35,2024,5,5,6,Dimanche,True,18,23,13,23,38.57,34.9,126,2,True,False,False,0.8271893372462497,-0.5619233046832195,-0.7818314824680299,0.6234898018587334
2024-05-06,3,0,2024,5,6,0,Lundi,False,19,35,43,35,32.43,33.63,127,2,False,False,False,0.8174009818249189,-0.5760691233798758,0.0,1.0
2024-05-07,3,0,2024,5,7,1,Mardi,False,19,0,39,0,26.86,32.77,128,2,False,False,False,0.8073707443023492,-0.5900444739548627,0.7818314824680298,0.6234898018587336
2024-05-08,3,48,2024,5,8,2,Mercredi,False,19,0,38,0,28.29,32.8,129,2,False,False,False,0.7971015927871943,-0.6038452208771035,0.9749279121818236,-0.22252093395631434
2024-05-09,3,49,2024,5,9,3,Jeudi,False,19,48,48,48,28.43,33.43,130,2,False,False,False,0.7865965660866021,-0.6174672802835514,0.43388373911755823,-0.900968867902419
2024-05-10,3,72,2024,5,10,4,Vendredi,False,19,49,44,49,32.43,34.47,131,2,False,False,False,0.7758587728069828,-0.6309066211876704,-0.433883739117558,-0.9009688679024191
2024-05-11,3,22,2024,5,11,5,Samedi,True,19,72,23,72,32.29,33.97,132,2,False,True,False,0.7648913904341225,-0.6441592666722685,-0.9749279121818236,-0.2225209339563146
2024-05-12,3,32,2024,5,12,6,Dimanche,True,19,22,35,22,31.86,33.9,133,2,False,True,False,0.753697664392914,-0.6572212950663319,-0.7818314824680299,0.6234898018587334
2024-05-13,3,42,2024,5,13,0,Lundi,False,20,32,0,32,37.86,34.2,134,2,False,True,False,0.742280907086982,-0.6700888411055113,0.0,1.0
2024-05-14,3,56,2024,5,14,1,Mardi,False,20,42,0,42,45.86,35.3,135,2,False,True,False,0.7306444969184916,-0.6827580970759147,0.7818314824680298,0.6234898018587336
2024-05-15,3,16,2024,5,15,2,Mercredi,False,20,56,48,56,41.29,33.93,136,2,False,True,False,0.7187918772884232,-0.6952253139408722,0.9749279121818236,-0.22252093395631434
2024-05-16,3,0,2024,5,16,3,Jeudi,False,20,16,49,16,34.29,32.67,137,2,False,True,False,0.7067265555776158,-0.7074868024503348,0.43388373911755823,-0.900968867902419
2024-05-17,3,70,2024,5,17,4,Vendredi,False,20,0,72,0,34.0,33.3,138,2,False,True,False,0.6944521021088763,-0.719538934232584,-0.433883739117558,-0.9009688679024191
2024-05-18,3,20,2024,5,18,5,Samedi,True,20,70,22,70,33.71,33.3,139,2,False,True,False,0.6819721490904629,-0.7313781428679254,-0.9749279121818236,-0.2225209339563146
2024-05-19,3,32,2024,5,19,6,Dimanche,True,20,20,32,20,33.71,32.47,140,2,False,True,False,0.6692903895412567,-0.7430009249440493,-0.7818314824680299,0.6234898018587334
2024-05-20,3,41,2024,5,20,0,Lundi,False,21,32,42,32,33.57,32.83,141,2,False,True,False,0.6564105761979381,-0.7544038410927472,0.0,1.0
2024-05-21,3,52,2024,5,21,1,Mardi,False,21,41,56,41,33.0,34.57,142,2,False,False,False,0.6433365204044917,-0.765583517007675,0.7818314824680298,0.6234898018587336
2024-05-22,3,39,2024,5,22,2,Mercredi,False,21,52,16,52,36.29,34.7,143,2,False,False,False,0.6300720909843687,-0.7765366444428655,0.9749279121818236,-0.22252093395631434
2024-05-23,3,50,2024,5,23,3,Jeudi,False,21,39,0,39,43.43,34.77,144,2,False,False,False,0.6166212130956382,-0.7872599821916922,0.43388373911755823,-0.900968867902419
2024-05-24,3,53,2024,5,24,4,Vendredi,False,21,50,70,50,41.0,34.53,145,2,False,False,False,0.6029878670694714,-0.7977503570459932,-0.433883739117558,-0.9009688679024191
2024-05-25,3,33,2024,5,25,5,Samedi,True,21,53,20,53,42.86,33.67,146,2,False,False,False,0.5891760872322963,-0.8080046647350754,-0.9749279121818236,-0.2225209339563146
2024-05-26,3,15,2024,5,26,6,Dimanche,True,21,33,32,33,40.43,34.17,147,2,False,False,True,0.5751899607119775,-0.8180198708443174,-0.7818314824680299,0.6234898018587334
2024-05-27,3,54,2024,5,27,0,Lundi,False,22,15,41,15,42.29,35.97,148,2,False,False,True,0.5610336262283677,-0.8277930117131022,0.0,1.0
2024-05-28,3,47,2024,5,28,1,Mardi,False,22,54,52,54,41.57,37.1,149,2,False,False,True,0.5467112728685939,-0.8373211953118121,0.7818314824680298,0.6234898018587336
2024-05-29,3,50,2024,5,29,2,Mercredi,False,22,47,39,47,43.14,37.33,150,2,False,False,True,0.5322271388474397,-0.8466016020976267,0.9749279121818236,-0.22252093395631434
2024-05-30,3,36,2024,5,30,3,Jeudi,False,22,50,50,50,41.14,37.23,151,2,False,False,True,0.5175855102531889,-0.8556314858488706,0.43388373911755823,-0.900968867902419
2024-05-31,3,46,2024,5,31,4,Vendredi,False,22,36,53,36,40.14,37.5,152,2,False,False,True,0.5027907197793043,-0.8644081744776648,-0.433883739117558,-0.9009688679024191
2024-06-01,3,23,2024,6,1,5,Samedi,True,22,46,33,46,38.71,36.67,153,2,True,False,False,0.4878471454423119,-0.8729290708206411,-0.9749279121818236,-0.2225209339563146
2024-06-02,3,31,2024,6,2,6,Dimanche,True,22,23,15,23,41.0,36.23,154,2,True,False,False,0.47275920928627757,-0.881191653407483,-0.7818314824680299,0.6234898018587334
2024-06-03,3,75,2024,6,3,0,Lundi,False,23,31,54,31,44.0,37.97,155,2,True,False,False,0.4575313760742512,-0.8891934772070711,0.0,1.0
2024-06-04,3,58,2024,6,4,1,Mardi,False,23,75,47,75,45.57,38.73,156,2,True,False,False,0.44216815196707204,-0.8969321743510065,0.7818314824680298,0.6234898018587336
2024-06-05,3,46,2024,6,5,2,Mercredi,False,23,58,50,58,45.0,40.27,157,2,True,False,False,0.42667408318992467,-0.9044054548343001,0.9749279121818236,-0.22252093395631434
2024-06-06,3,53,2024,6,6,3,Jeudi,False,23,46,36,46,47.43,42.03,158,2,False,False,False,0.4110537546870351,-0.9116111071930239,0.43388373911755823,-0.900968867902419
2024-06-07,3,45,2024,6,7,4,Vendredi,False,23,53,46,53,47.29,41.93,159,2,False,False,False,0.3953117887649151,-0.9185469991587165,-0.433883739117558,-0.9009688679024191
2024-06-08,3,0,2024,6,8,5,Samedi,True,23,45,23,45,44.0,40.3,160,2,False,False,False,0.37945284372454435,-0.925211078289358,-0.9749279121818236,-0.2225209339563146
2024-06-09,3,22,2024,6,9,6,Dimanche,True,23,0,31,0,42.71,38.63,161,2,False,False,False,0.36348161248290634,-0.9316013725767187,-0.7818314824680299,0.6234898018587334
2024-06-10,3,47,2024,6,10,0,Lundi,False,24,22,75,22,38.71,39.47,162,2,False,False,False,0.3474028211842774,-0.9377159910299093,0.0,1.0
2024-06-11,3,69,2024,6,11,1,Mardi,False,24,47,58,47,40.29,40.7,163,2,False,True,False,0.3312212278016865,-0.9435531242349544,0.7818314824680298,0.6234898018587336
2024-06-12,3,32,2024,6,12,2,Mercredi,False,24,69,46,69,38.29,40.37,164,2,False,True,False,0.31494162072895193,-0.9491110448902284,0.9749279121818236,-0.22252093395631434
2024-06-13,3,38,2024,6,13,3,Jeudi,False,24,32,53,32,36.14,39.77,165,2,False,True,False,0.2985688173637202,-0.9543881083175908,0.43388373911755823,-0.900968867902419
2024-06-14,3,43,2024,6,14,4,Vendredi,False,24,38,45,38,35.86,40.67,166,2,False,True,False,0.2821076626819194,-0.9593827529490743,-0.433883739117558,-0.9009688679024191
2024-06-15,3,29,2024,6,15,5,Samedi,True,24,43,0,43,40.0,41.63,167,2,False,True,False,0.26556302780405594,-0.9640935007889755,-0.9749279121818236,-0.2225209339563146
2024-06-16,3,31,2024,6,16,6,Dimanche,True,24,29,22,29,41.29,40.33,168,2,False,True,False,0.24893980855376657,-0.9685189578512204,-0.7818314824680299,0.6234898018587334
2024-06-17,3,0,2024,6,17,0,Lundi,False,25,31,47,31,34.57,39.67,169,2,False,True,False,0.23224292400907015,-0.9726578145718654,0.0,1.0
2024-06-18,3,49,2024,6,18,1,Mardi,False,25,0,69,0,31.71,40.23,170,2,False,True,False,0.21547731504673012,-0.976508846196619,0.7818314824680298,0.6234898018587336
2024-06-19,3,51,2024,6,19,2,Mercredi,False,25,49,32,49,34.43,40.57,171,2,False,True,False,0.19864794288017112,-0.9800709131432666,0.9749279121818236,-0.22252093395631434
2024-06-20,3,39,2024,6,20,3,Jeudi,False,25,51,38,51,34.57,40.13,172,2,False,True,False,0.18175978759137534,-0.9833429613388902,0.43388373911755823,-0.900968867902419
2024-06-21,3,39,2024,6,21,4,Vendredi,False,25,39,43,39,34.0,40.13,173,2,False,False,False,0.16481784665719793,-0.9863240225317866,-0.433883739117558,-0.9009688679024191
2024-06-22,3,20,2024,6,22,5,Samedi,True,25,39,29,39,32.71,39.13,174,2,False,False,False,0.14782713347053048,-0.9890132145779883,-0.9749279121818236,-0.2225209339563146
2024-06-23,3,0,2024,6,23,6,Dimanche,True,25,20,31,20,28.29,37.37,175,2,False,False,False,0.13079267585675922,-0.9914097417023038,-0.7818314824680299,0.6234898018587334
2024-06-24,3,70,2024,6,24,0,Lundi,False,26,0,0,0,38.29,38.6,176,2,False,False,False,0.11371951458594969,-0.9935128947338007,0.0,1.0
2024-06-25,3,48,2024,6,25,1,Mardi,False,26,70,49,70,38.14,39.7,177,2,False,False,False,0.0966127018812031,-0.9953220513156602,0.7818314824680298,0.6234898018587336
2024-06-26,3,55,2024,6,26,2,Mercredi,False,26,48,51,48,38.71,39.73,178,2,False,False,True,0.07947729992362097,-0.9968366760893436,0.9749279121818236,-0.22252093395631434
2024-06-27,3,45,2024,6,27,3,Jeudi,False,26,55,39,55,39.57,39.67,179,2,False,False,True,0.062318379354325076,-0.998056320853012,0.43388373911755823,-0.900968867902419
2024-06-28,3,28,2024,6,28,4,Vendredi,False,26,45,39,45,38.0,38.93,180,2,False,False,True,0.04514101777397193,-0.9989806246941579,-0.433883739117558,-0.9009688679024191
2024-06-29,3,22,2024,6,29,5,Samedi,True,26,28,20,28,38.29,38.47,181,2,False,False,True,0.02795029824021032,-0.999609314096404,-0.9749279121818236,-0.2225209339563146
2024-06-30,3,34,2024,6,30,6,Dimanche,True,26,22,0,22,43.14,38.07,182,2,False,False,True,0.01075130776352193,-0.9999422030204416,-0.7818314824680299,0.6234898018587334
2024-07-01,3,47,2024,7,1,0,Lundi,False,27,34,70,34,39.86,38.87,183,3,True,False,False,-0.00645086419810515,-0.9999791929590823,0.0,1.0
2024-07-02,3,41,2024,7,2,1,Mardi,False,27,47,48,47,38.86,39.2,184,3,True,False,False,-0.023651127245231586,-0.9997202729664083,0.7818314824680298,0.6234898018587336
2024-07-03,3,55,2024,7,3,2,Mercredi,False,27,41,55,41,38.86,38.53,185,3,True,False,False,-0.04084439154329611,-0.9991655196610109,0.9749279121818236,-0.22252093395631434
2024-07-04,3,55,2024,7,4,3,Jeudi,False,27,55,45,55,40.29,38.43,186,3,True,False,False,-0.05802556932878035,-0.9983150972033183,0.43388373911755823,-0.900968867902419
2024-07-05,3,63,2024,7,5,4,Vendredi,False,27,55,28,55,45.29,39.0,187,3,True,False,False,-0.07518957641475855,-0.9971692572470178,-0.433883739117558,-0.9009688679024191
2024-07-06,3,32,2024,7,6,5,Samedi,True,27,63,22,63,46.71,38.3,188,3,False,False,False,-0.09233133369539122,-0.9957283388645872,-0.9749279121818236,-0.2225209339563146
2024-07-07,3,0,2024,7,7,6,Dimanche,True,27,32,34,32,41.86,36.8,189,3,False,False,False,-0.10944576864891556,-0.993992768446958,-0.7818314824680299,0.6234898018587334
2024-07-08,3,56,2024,7,8,0,Lundi,False,28,0,47,0,43.14,38.67,190,3,False,False,False,-0.12652781683868314,-0.9919630595773397,0.0,1.0
2024-07-09,3,41,2024,7,9,1,Mardi,False,28,56,41,56,43.14,39.3,191,3,False,False,False,-0.1435724234118113,-0.9896398128792412,0.7818314824680298,0.6234898018587336
2024-07-10,3,58,2024,7,10,2,Mercredi,False,28,41,55,41,43.57,39.67,192,3,False,False,False,-0.16057454459499376,-0.9870237158387383,0.9749279121818236,-0.22252093395631434
2024-07-11,3,28,2024,7,11,3,Jeudi,False,28,58,55,58,39.71,38.3,193,3,False,True,False,-0.17752914918703497,-0.984115542601034,0.43388373911755823,-0.900968867902419
2024-07-12,3,37,2024,7,12,4,Vendredi,False,28,28,63,28,36.0,38.47,194,3,False,True,False,-0.19443122004766195,-0.9809161537413774,-0.433883739117558,-0.9009688679024191
2024-07-13,3,28,2024,7,13,5,Samedi,True,28,37,32,37,35.43,38.13,195,3,False,True,False,-0.2112757555821793,-0.9774264960104055,-0.9749279121818236,-0.2225209339563146
2024-07-14,3,30,2024,7,14,6,Dimanche,True,28,28,0,28,39.71,37.7,196,3,False,True,False,-0.2280577712215198,-0.9736476020539838,-0.7818314824680299,0.6234898018587334
2024-07-15,3,30,2024,7,15,0,Lundi,False,29,30,56,30,36.0,37.73,197,3,False,True,False,-0.24477230089725957,-0.9695805901076308,0.0,1.0
2024-07-16,3,48,2024,7,16,1,Mardi,False,29,30,41,30,37.0,38.3,198,3,False,True,False,-0.2614143985111562,-0.965226663665613,0.7818314824680298,0.6234898018587336
2024-07-17,3,55,2024,7,17,2,Mercredi,False,29,48,58,48,36.57,40.13,199,3,False,True,False,-0.2779791393987801,-0.9605871111248129,0.9749279121818236,-0.22252093395631434
2024-07-18,3,0,2024,7,18,3,Jeudi,False,29,55,28,55,32.57,38.5,200,3,False,True,False,-0.2944616217868012,-0.9556633054034704,0.43388373911755823,-0.900968867902419
2024-07-19,3,39,2024,7,19,4,Vendredi,False,29,0,37,0,32.86,38.1,201,3,False,True,False,-0.3108569682435036,-0.9504567035349151,-0.433883739117558,-0.9009688679024191
2024-07-20,3,27,2024,7,20,5,Samedi,True,29,39,28,39,32.71,37.7,202,3,False,True,False,-0.3271603271220951,-0.9449688462364056,-0.9749279121818236,-0.2225209339563146
2024-07-21,3,33,2024,7,21,6,Dimanche,True,29,27,30,27,33.14,37.5,203,3,False,False,False,-0.34336687399638804,-0.939201357453208,-0.7818314824680299,0.6234898018587334
2024-07-22,3,65,2024,7,22,0,Lundi,False,30,33,30,33,38.14,39.0,204,3,False,False,False,-0.3594718130884232,-0.9331559438780432,0.0,1.0
2024-07-23,3,46,2024,7,23,1,Mardi,False,30,65,48,65,37.86,40.53,205,3,False,False,False,-0.3754703786876202,-0.9268343944460494,0.7818314824680298,0.6234898018587336
2024-07-24,3,26,2024,7,24,2,Mercredi,False,30,46,55,46,33.71,39.07,206,3,False,False,False,-0.3913578365610259,-0.9202385798054075,0.9749279121818236,-0.22252093395631434
2024-07-25,3,54,2024,7,25,3,Jeudi,False,30,26,0,26,41.43,39.27,207,3,False,False,False,-0.4071294853542516,-0.9133704517637858,0.43388373911755823,-0.900968867902419
2024-07-26,3,50,2024,7,26,4,Vendredi,False,30,54,39,54,43.0,39.1,208,3,False,False,True,-0.4227806579826773,-0.9062320427107697,-0.433883739117558,-0.9009688679024191
2024-07-27,3,33,2024,7,27,5,Samedi,True,30,50,27,50,43.86,38.7,209,3,False,False,True,-0.4383067230125192,-0.898825465016444,-0.9749279121818236,-0.2225209339563146
2024-07-28,3,29,2024,7,28,6,Dimanche,True,30,33,33,33,43.29,38.73,210,3,False,False,True,-0.45370308603134424,-0.8911529104063088,-0.7818314824680299,0.6234898018587334
2024-07-29,3,41,2024,7,29,0,Lundi,False,31,29,65,29,39.86,39.37,211,3,False,False,True,-0.46896519100763184,-0.8832166493127127,0.0,1.0
2024-07-30,3,49,2024,7,30,1,Mardi,False,31,41,46,41,40.29,39.87,212,3,False,False,True,-0.48408852163897587,-0.8750190302029955,0.7818314824680298,0.6234898018587336
2024-07-31,3,59,2024,7,31,2,Mercredi,False,31,49,26,49,45.0,40.27,213,3,False,False,True,-0.4990686026885319,-0.8665624788845385,0.9749279121818236,-0.22252093395631434
2024-08-01,3,57,2024,8,1,3,Jeudi,False,31,59,54,59,45.43,40.8,214,3,True,False,False,-0.5139010013093103,-0.8578494977869301,0.43388373911755823,-0.900968867902419
2024-08-02,3,44,2024,8,2,4,Vendredi,False,31,57,50,57,44.57,40.43,215,3,True,False,False,-0.5285813283559292,-0.8488826652214553,-0.433883739117558,-0.9009688679024191
2024-08-03,3,38,2024,8,3,5,Samedi,True,31,44,33,44,45.29,39.87,216,3,True,False,False,-0.5431052396834317,-0.8396646346181327,-0.9749279121818236,-0.2225209339563146
2024-08-04,3,39,2024,8,4,6,Dimanche,True,31,38,29,38,46.71,39.07,217,3,True,False,False,-0.5574684374327892,-0.8301981337405212,-0.7818314824680299,0.6234898018587334
2024-08-05,3,70,2024,8,5,0,Lundi,False,32,39,41,39,50.86,40.33,218,3,True,False,False,-0.5716666713027052,-0.8204859638785327,0.0,1.0
2024-08-06,3,58,2024,8,6,1,Mardi,False,32,70,49,70,52.14,42.27,219,3,False,False,False,-0.5856957398073508,-0.8105309990194823,0.7818314824680298,0.6234898018587336
2024-08-07,3,38,2024,8,7,2,Mercredi,False,32,58,59,58,49.14,41.67,220,3,False,False,False,-0.5995514915196489,-0.8003361849976323,0.9749279121818236,-0.22252093395631434
2024-08-08,3,57,2024,8,8,3,Jeudi,False,32,38,57,38,49.14,42.2,221,3,False,False,False,-0.6132298262997502,-0.7899045386224707,0.43388373911755823,-0.900968867902419
2024-08-09,3,40,2024,8,9,4,Vendredi,False,32,57,44,57,48.57,41.6,222,3,False,False,False,-0.6267266965083301,-0.7792391467859886,-0.433883739117558,-0.9009688679024191
2024-08-10,3,27,2024,8,10,5,Samedi,True,32,40,38,40,47.0,41.57,223,3,False,False,False,-0.6400381082043503,-0.7683431655492202,-0.9749279121818236,-0.2225209339563146
2024-08-11,3,35,2024,8,11,6,Dimanche,True,32,27,39,27,46.43,41.5,224,3,False,True,False,-0.65316012232693,-0.7572198192083127,-0.7818314824680299,0.6234898018587334
2024-08-12,3,67,2024,8,12,0,Lundi,False,33,35,70,35,46.0,42.8,225,3,False,True,False,-0.666088855860977,-0.7458723993404063,0.0,1.0
2024-08-13,3,50,2024,8,13,1,Mardi,False,33,67,58,67,44.86,43.47,226,3,False,True,False,-0.6788204829862355,-0.734304263829602,0.7818314824680298,0.6234898018587336
2024-08-14,3,81,2024,8,14,2,Mercredi,False,33,50,38,50,51.0,45.17,227,3,False,True,False,-0.6913512362094071,-0.722518835873311,0.9749279121818236,-0.22252093395631434
2024-08-15,3,57,2024,8,15,3,Jeudi,False,33,81,57,81,51.0,45.47,228,3,False,True,False,-0.7036774074790128,-0.7105196029692745,0.43388373911755823,-0.900968867902419
2024-08-16,3,65,2024,8,16,4,Vendredi,False,33,57,40,57,54.57,45.8,229,3,False,True,False,-0.7157953492826642,-0.6983101158835584,-0.433883739117558,-0.9009688679024191
2024-08-17,3,18,2024,8,17,5,Samedi,True,33,65,27,65,53.29,46.4,230,3,False,True,False,-0.7277014757264236,-0.6858939875998223,-0.9749279121818236,-0.2225209339563146
2024-08-18,3,32,2024,8,18,6,Dimanche,True,33,18,35,18,52.86,46.17,231,3,False,True,False,-0.7393922635959241,-0.673274892250183,-0.7818314824680299,0.6234898018587334
2024-08-19,3,60,2024,8,19,0,Lundi,False,34,32,67,32,51.86,47.27,232,3,False,True,False,-0.7508642533989489,-0.6604565640279754,0.0,1.0
2024-08-20,3,55,2024,8,20,1,Mardi,False,34,60,50,60,52.57,48.0,233,3,False,True,False,-0.7621140503891487,-0.6474427960827475,0.7818314824680298,0.6234898018587336
2024-08-21,3,48,2024,8,21,2,Mercredi,False,34,55,81,55,47.86,47.43,234,3,False,False,False,-0.7731383255706026,-0.6342374393978054,0.9749279121818236,-0.22252093395631434
2024-08-22,3,49,2024,8,22,3,Jeudi,False,34,48,57,48,46.71,47.53,235,3,False,False,False,-0.7839338166829201,-0.620844401650647,0.43388373911755823,-0.900968867902419
2024-08-23,3,66,2024,8,23,4,Vendredi,False,34,49,65,49,46.86,48.87,236,3,False,False,False,-0.7944973291665992,-0.6072676460566135,-0.433883739117558,-0.9009688679024191
2024-08-24,3,30,2024,8,24,5,Samedi,True,34,66,18,66,48.57,48.07,237,3,False,False,False,-0.8048257371083452,-0.593511190196115,-0.9749279121818236,-0.2225209339563146
2024-08-25,3,30,2024,8,25,6,Dimanche,True,34,30,32,30,48.29,47.4,238,3,False,False,False,-0.8149159841660791,-0.5795791048257612,-0.7818314824680299,0.6234898018587334
2024-08-26,3,52,2024,8,26,0,Lundi,False,35,30,60,30,47.14,48.03,239,3,False,False,True,-0.8247650844733614,-0.5654755126737576,0.0,1.0
2024-08-27,3,0,2024,8,27,1,Mardi,False,35,52,55,52,39.29,47.07,240,3,False,False,True,-0.8343701235229538,-0.5512045872199277,0.7818314824680298,0.6234898018587336
2024-08-28,3,52,2024,8,28,2,Mercredi,False,35,0,48,0,39.86,47.43,241,3,False,False,True,-0.8437282590292712,-0.5367705514607103,0.9749279121818236,-0.22252093395631434
2024-08-29,3,46,2024,8,29,3,Jeudi,False,35,52,49,52,39.43,47.33,242,3,False,False,True,-0.8528367217694595,-0.522177676659508,0.43388373911755823,-0.900968867902419
2024-08-30,3,38,2024,8,30,4,Vendredi,False,35,46,66,46,35.43,46.63,243,3,False,False,True,-0.8616928164028522,-0.5074302810827518,-0.433883739117558,-0.9009688679024191
2024-08-31,3,34,2024,8,31,5,Samedi,True,35,38,30,38,36.0,45.87,244,3,False,False,True,-0.8702939222685674,-0.49253272872205434,-0.9749279121818236,-0.2225209339563146
2024-09-01,3,14,2024,9,1,6,Dimanche,True,35,34,30,34,33.71,44.87,245,3,True,False,False,-0.8786374941610001,-0.4774894280028391,-0.7818314824680299,0.6234898018587334
2024-09-02,3,66,2024,9,2,0,Lundi,False,36,14,52,14,35.71,45.8,246,3,True,False,False,-0.886721063082993,-0.46230483047981086,0.0,1.0
2024-09-03,3,57,2024,9,3,1,Mardi,False,36,66,0,66,43.86,46.4,247,3,True,False,False,-0.8945422369764496,-0.4469834295196741,0.7818314824680298,0.6234898018587336
2024-09-04,3,39,2024,9,4,2,Mercredi,False,36,57,52,57,42.0,45.37,248,3,True,False,False,-0.9020987014301837,-0.43152975897147144,0.9749279121818236,-0.22252093395631434
2024-09-05,3,53,2024,9,5,3,Jeudi,False,36,39,46,39,43.0,45.2,249,3,True,False,False,-0.9093882203647925,-0.4159483918249421,0.43388373911755823,-0.900968867902419
2024-09-06,3,61,2024,9,6,4,Vendredi,False,36,53,38,53,46.29,45.97,250,3,False,False,False,-0.9164086366943458,-0.4002439388573056,-0.433883739117558,-0.9009688679024191
2024-09-07,3,31,2024,9,7,5,Samedi,True,36,61,34,61,45.86,45.1,251,3,False,False,False,-0.9231578729647039,-0.38442104726885545,-0.9749279121818236,-0.2225209339563146
2024-09-08,3,35,2024,9,8,6,Dimanche,True,36,31,14,31,48.86,44.93,252,3,False,False,False,-0.9296339319682695,-0.3684843993077793,-0.7818314824680299,0.6234898018587334
2024-09-09,3,60,2024,9,9,0,Lundi,False,37,35,66,35,48.0,46.03,253,3,False,False,False,-0.9358348973349941,-0.35243871088460327,0.0,1.0
2024-09-10,3,43,2024,9,10,1,Mardi,False,37,60,57,60,46.0,46.3,254,3,False,False,False,-0.9417589340994617,-0.33628873017668287,0.7818314824680298,0.6234898018587336
2024-09-11,3,50,2024,9,11,2,Mercredi,False,37,43,39,43,47.57,45.73,255,3,False,True,False,-0.9474042892438845,-0.32003923622313857,0.9749279121818236,-0.22252093395631434
2024-09-12,3,65,2024,9,12,3,Jeudi,False,37,50,53,50,49.29,46.23,256,3,False,True,False,-0.9527692922168511,-0.30369503751065885,0.43388373911755823,-0.900968867902419
2024-09-13,3,37,2024,9,13,4,Vendredi,False,37,65,61,65,45.86,44.77,257,3,False,True,False,-0.9578523554276669,-0.28726097055059635,-0.433883739117558,-0.9009688679024191
2024-09-14,3,26,2024,9,14,5,Samedi,True,37,37,31,37,45.14,43.73,258,3,False,True,False,-0.9626519747161487,-0.2707418984477642,-0.9749279121818236,-0.2225209339563146
2024-09-15,3,0,2024,9,15,6,Dimanche,True,37,26,35,26,40.14,41.57,259,3,False,True,False,-0.9671667297977312,-0.2541427094613622,-0.7818314824680299,0.6234898018587334
2024-09-16,3,51,2024,9,16,0,Lundi,False,38,0,60,0,38.86,42.67,260,3,False,True,False,-0.97139528468375,-0.23746831555846842,0.0,1.0
2024-09-17,3,58,2024,9,17,1,Mardi,False,38,51,43,51,41.0,43.53,261,3,False,True,False,-0.9753363880767837,-0.2207236509605022,0.7818314824680298,0.6234898018587336
2024-09-18,3,58,2024,9,18,2,Mercredi,False,38,58,50,58,42.14,43.47,262,3,False,True,False,-0.9789888737409319,-0.20391367068311472,0.9749279121818236,-0.22252093395631434
2024-09-19,3,51,2024,9,19,3,Jeudi,False,38,58,65,58,40.14,43.33,263,3,False,True,False,-0.9823516608469237,-0.18704334906991657,0.43388373911755823,-0.900968867902419
2024-09-20,3,41,2024,9,20,4,Vendredi,False,38,51,37,51,40.71,43.1,264,3,False,True,False,-0.9854237542919524,-0.17011767832049052,-0.433883739117558,-0.9009688679024191
2024-09-21,3,42,2024,9,21,5,Samedi,True,38,41,26,41,43.0,42.87,265,3,False,False,False,-0.9882042449941422,-0.15314166701312007,-0.9749279121818236,-0.2225209339563146
2024-09-22,3,28,2024,9,22,6,Dimanche,True,38,42,0,42,47.0,41.6,266,3,False,False,False,-0.9906923101615609,-0.13612033862266704,-0.7818314824680299,0.6234898018587334
2024-09-23,3,55,2024,9,23,0,Lundi,False,39,28,51,28,47.57,42.43,267,3,False,False,False,-0.9928872135356962,-0.11905873003404988,0.0,1.0
2024-09-24,3,51,2024,9,24,1,Mardi,False,39,55,58,55,46.57,43.13,268,3,False,False,False,-0.994788305609327,-0.10196189005174576,0.7818314824680298,0.6234898018587336
2024-09-25,3,56,2024,9,25,2,Mercredi,False,39,51,58,51,46.29,43.27,269,3,False,False,False,-0.9963950238187231,-0.08483487790576538,0.9749279121818236,-0.22252093395631434
2024-09-26,3,50,2024,9,26,3,Jeudi,False,39,56,51,56,46.14,44.93,270,3,False,False,True,-0.9977068927101168,-0.06768276175455162,0.43388373911755823,-0.900968867902419
2024-09-27,3,54,2024,9,27,4,Vendredi,False,39,50,41,50,48.0,45.0,271,3,False,False,True,-0.9987235240803972,-0.050510617185222886,-0.433883739117558,-0.9009688679024191
2024-09-28,3,29,2024,9,28,5,Samedi,True,39,54,42,54,46.14,44.43,272,3,False,False,True,-0.9994446170919858,-0.033323525711631344,-0.9749279121818236,-0.2225209339563146
2024-09-29,3,30,2024,9,29,6,Dimanche,True,39,29,28,29,46.43,44.17,273,3,False,False,True,-0.9998699583618592,-0.016126573270657762,-0.7818314824680299,0.6234898018587334
2024-09-30,3,56,2024,9,30,0,Lundi,False,40,30,55,30,46.57,44.9,274,3,False,False,True,-0.9999994220246925,0.001075151282798226,0.0,1.0
2024-10-01,3,66,2024,10,1,1,Mardi,False,40,56,51,56,48.71,46.63,275,4,True,False,False,-0.999832969770105,0.018276557681691223,0.7818314824680298,0.6234898018587336
2024-10-02,3,55,2024,10,2,2,Mercredi,False,40,66,56,66,48.57,46.27,276,4,True,False,False,-0.9993706508539969,0.03547255575312556,0.9749279121818236,-0.22252093395631434
2024-10-03,3,41,2024,10,3,3,Jeudi,False,40,55,50,55,47.29,45.73,277,4,True,False,False,-0.9986126020839734,0.052658056924614005,0.43388373911755823,-0.900968867902419
2024-10-04,3,63,2024,10,4,4,Vendredi,False,40,41,54,41,48.57,46.53,278,4,True,False,False,-0.9975590477788613,0.06982797572987089,-0.433883739117558,-0.9009688679024191
2024-10-05,3,37,2024,10,5,5,Samedi,True,40,63,29,63,49.71,46.0,279,4,True,False,False,-0.9962102997023297,0.0869772313136861,-0.9749279121818236,-0.2225209339563146
2024-10-06,3,49,2024,10,6,6,Dimanche,True,40,37,30,37,52.43,45.6,280,4,False,False,False,-0.9945667569706337,0.1041007489354256,-0.7818314824680299,0.6234898018587334
2024-10-07,3,71,2024,10,7,0,Lundi,False,41,49,56,49,54.57,46.93,281,4,False,False,False,-0.9926289059345095,0.121193461470736,0.0,1.0
2024-10-08,3,55,2024,10,8,1,Mardi,False,41,71,66,71,53.0,47.6,282,4,False,False,False,-0.9903973200352558,0.1382503109109819,0.7818314824680298,0.6234898018587336
2024-10-09,3,49,2024,10,9,2,Mercredi,False,41,55,55,55,52.14,47.23,283,4,False,False,False,-0.9878726596350429,0.15526624985999563,0.9749279121818236,-0.22252093395631434
2024-10-10,3,61,2024,10,10,3,Jeudi,False,41,49,41,49,55.0,47.83,284,4,False,False,False,-0.9850556718215013,0.172236243027682,0.43388373911755823,-0.900968867902419
2024-10-11,3,53,2024,10,11,4,Vendredi,False,41,61,63,61,53.57,47.93,285,4,False,True,False,-0.981947190186646,0.18915526872004093,-0.433883739117558,-0.9009688679024191
2024-10-12,3,40,2024,10,12,5,Samedi,True,41,53,37,53,54.0,47.1,286,4,False,True,False,-0.9785481345802031,0.20601832032517084,-0.9749279121818236,-0.2225209339563146
2024-10-13,3,32,2024,10,13,6,Dimanche,True,41,40,49,40,51.57,46.93,287,4,False,True,False,-0.9748595108374125,0.22282040779479959,-0.7818314824680299,0.6234898018587334
2024-10-14,3,89,2024,10,14,0,Lundi,False,42,32,71,32,54.14,49.03,288,4,False,True,False,-0.9708824104813836,0.23955655912092708,0.0,1.0
2024-10-15,3,79,2024,10,15,1,Mardi,False,42,89,55,89,57.57,51.67,289,4,False,True,False,-0.9666180104000972,0.2562218218071163,0.7818314824680298,0.6234898018587336
2024-10-16,3,41,2024,10,16,2,Mercredi,False,42,79,49,79,56.43,51.33,290,4,False,True,False,-0.9620675724981452,0.27281126433401914,0.9749279121818236,-0.22252093395631434
2024-10-17,3,66,2024,10,17,3,Jeudi,False,42,41,61,41,57.14,51.6,291,4,False,True,False,-0.957232443323312,0.28931997761869527,0.43388373911755823,-0.900968867902419
2024-10-18,3,50,2024,10,18,4,Vendredi,False,42,66,53,66,56.71,51.33,292,4,False,True,False,-0.9521140536681102,0.3057430764672831,-0.433883739117558,-0.9009688679024191
2024-10-19,3,25,2024,10,19,5,Samedi,True,42,50,40,50,54.57,50.47,293,4,False,True,False,-0.9467139181463862,0.3220757010206104,-0.9749279121818236,-0.2225209339563146
2024-10-20,3,40,2024,10,20,6,Dimanche,True,42,25,32,25,55.71,50.43,294,4,False,True,False,-0.9410336347451197,0.3383130181923076,-0.7818314824680299,0.6234898018587334
2024-10-21,3,42,2024,10,21,0,Lundi,False,43,40,89,40,49.0,50.43,295,4,False,False,False,-0.9350748843515574,0.3544502230989869,0.0,1.0
2024-10-22,3,41,2024,10,22,1,Mardi,False,43,42,79,42,43.57,50.87,296,4,False,False,False,-0.9288394302558068,0.3704825404820963,0.7818314824680298,0.6234898018587336
2024-10-23,3,47,2024,10,23,2,Mercredi,False,43,41,41,41,44.43,50.6,297,4,False,False,False,-0.9223291176290545,0.3864052261209853,0.9749279121818236,-0.22252093395631434
2024-10-24,3,65,2024,10,24,3,Jeudi,False,43,47,66,47,44.29,51.07,298,4,False,False,False,-0.9155458729775467,0.40221356823680365,0.43388373911755823,-0.900968867902419
2024-10-25,3,66,2024,10,25,4,Vendredi,False,43,65,50,65,46.57,51.4,299,4,False,False,False,-0.9084917035725082,0.41790288888678667,-0.433883739117558,-0.9009688679024191
2024-10-26,3,40,2024,10,26,5,Samedi,True,43,66,25,66,48.71,51.07,300,4,False,False,True,-0.9011686968561569,0.4334685453485363,-0.9749279121818236,-0.2225209339563146
2024-10-27,3,41,2024,10,27,6,Dimanche,True,43,40,40,40,48.86,50.63,301,4,False,False,True,-0.8935790198239952,0.4489059314938798,-0.7818314824680299,0.6234898018587334
2024-10-28,3,70,2024,10,28,0,Lundi,False,44,41,42,41,52.86,52.0,302,4,False,False,True,-0.8857249183835637,0.4642104791518923,0.0,1.0
2024-10-29,3,40,2024,10,29,1,Mardi,False,44,70,41,70,52.71,52.33,303,4,False,False,True,-0.8776087166898392,0.4793776594606945,0.7818314824680298,0.6234898018587336
2024-10-30,3,47,2024,10,30,2,Mercredi,False,44,40,47,40,52.71,52.03,304,4,False,False,True,-0.8692328164574792,0.49440298420761813,0.9749279121818236,-0.22252093395631434
2024-10-31,3,35,2024,10,31,3,Jeudi,False,44,47,65,47,48.43,51.0,305,4,False,False,True,-0.8605996962501181,0.5092820071573356,0.43388373911755823,-0.900968867902419
2024-11-01,3,65,2024,11,1,4,Vendredi,False,44,35,66,35,48.29,51.33,306,4,True,False,False,-0.8517119107469189,0.5240103253675756,-0.433883739117558,-0.9009688679024191
2024-11-02,3,27,2024,11,2,5,Samedi,True,44,65,40,65,46.43,50.87,307,4,True,False,False,-0.8425720899866032,0.5385835804920232,-0.9749279121818236,-0.2225209339563146
2024-11-03,3,35,2024,11,3,6,Dimanche,True,44,27,41,27,45.57,49.93,308,4,True,False,False,-0.8331829385891785,0.5529974600700271,-0.7818314824680299,0.6234898018587334
2024-11-04,3,72,2024,11,4,0,Lundi,False,45,35,70,35,45.86,51.1,309,4,True,False,False,-0.8235472349556007,0.5672476988027229,0.0,1.0
2024-11-05,3,53,2024,11,5,1,Mardi,False,45,72,40,72,47.71,51.23,310,4,True,False,False,-0.8136678304455991,0.5813300798152042,0.7818314824680298,0.6234898018587336
2024-11-06,3,65,2024,11,6,2,Mercredi,False,45,53,47,53,50.29,51.03,311,4,False,False,False,-0.8035476485339116,0.5952404359043674,0.9749279121818236,-0.22252093395631434
2024-11-07,3,78,2024,11,7,3,Jeudi,False,45,65,35,65,56.43,51.8,312,4,False,False,False,-0.7931896839451843,0.6089746507720486,0.43388373911755823,-0.900968867902419
2024-11-08,3,50,2024,11,8,4,Vendredi,False,45,78,65,78,54.29,51.83,313,4,False,False,False,-0.7825970017677834,0.6225286602431057,-0.433883739117558,-0.9009688679024191
2024-11-09,3,38,2024,11,9,5,Samedi,True,45,50,27,50,55.86,51.07,314,4,False,False,False,-0.7717727365467836,0.6358984534680745,-0.9749279121818236,-0.2225209339563146
2024-11-10,3,37,2024,11,10,6,Dimanche,True,45,38,35,38,56.14,50.53,315,4,False,False,False,-0.7607200913564104,0.6490800741100398,-0.7818314824680299,0.6234898018587334
2024-11-11,3,57,2024,11,11,0,Lundi,False,46,37,72,37,54.0,51.1,316,4,False,True,False,-0.7494423368521954,0.6620696215153815,0.0,1.0
2024-11-12,3,86,2024,11,12,1,Mardi,False,46,57,53,57,58.71,52.9,317,4,False,True,False,-0.7379428103031386,0.6748632518680403,0.7818314824680298,0.6234898018587336
2024-11-13,3,69,2024,11,13,2,Mercredi,False,46,86,65,86,59.29,52.23,318,4,False,True,False,-0.7262249146041543,0.6874571793269664,0.9749279121818236,-0.22252093395631434
2024-11-14,3,53,2024,11,14,3,Jeudi,False,46,69,78,69,55.71,51.37,319,4,False,True,False,-0.7142921172691032,0.699847677146407,0.43388373911755823,-0.900968867902419
2024-11-15,3,83,2024,11,15,4,Vendredi,False,46,53,50,53,60.43,52.77,320,4,False,True,False,-0.7021479494046978,0.7120310787787131,-0.433883739117558,-0.9009688679024191
2024-11-16,3,32,2024,11,16,5,Samedi,True,46,83,38,83,59.57,51.63,321,4,False,True,False,-0.6897960046655887,0.7240037789593305,-0.9749279121818236,-0.2225209339563146
2024-11-17,3,34,2024,11,17,6,Dimanche,True,46,32,37,32,59.14,51.1,322,4,False,True,False,-0.6772399381909491,0.7357622347736527,-0.7818314824680299,0.6234898018587334
2024-11-18,3,64,2024,11,18,0,Lundi,False,47,34,57,34,60.14,52.4,323,4,False,True,False,-0.6644834655228552,0.7473029667054296,0.0,1.0
2024-11-19,3,38,2024,11,19,1,Mardi,False,47,64,86,64,53.29,52.33,324,4,False,True,False,-0.6515303615068021,0.75862255966641,0.7818314824680298,0.6234898018587336
2024-11-20,3,55,2024,11,20,2,Mercredi,False,47,38,69,38,51.29,52.77,325,4,False,True,False,-0.6383844591746642,0.7697176640069211,0.9749279121818236,-0.22252093395631434
2024-11-21,3,68,2024,11,21,3,Jeudi,False,47,55,53,55,53.43,53.67,326,4,False,False,False,-0.6250496486104377,0.7805849965070866,0.43388373911755823,-0.900968867902419
2024-11-22,3,63,2024,11,22,4,Vendredi,False,47,68,83,68,50.57,54.2,327,4,False,False,False,-0.6115298757991053,0.7912213413483807,-0.433883739117558,-0.9009688679024191
2024-11-23,3,50,2024,11,23,5,Samedi,True,47,63,32,63,53.14,53.7,328,4,False,False,False,-0.5978291414589552,0.801623551065242,-0.9749279121818236,-0.2225209339563146
2024-11-24,3,31,2024,11,24,6,Dimanche,True,47,50,34,50,52.71,52.53,329,4,False,False,False,-0.5839514998576998,0.8117885474764613,-0.7818314824680299,0.6234898018587334
2024-11-25,3,57,2024,11,25,0,Lundi,False,48,31,64,31,51.71,53.1,330,4,False,False,False,-0.5699010576127624,0.8217133225960589,0.0,1.0
2024-11-26,3,39,2024,11,26,1,Mardi,False,48,57,38,57,51.86,53.03,331,4,False,False,True,-0.5556819724760489,0.8313949395234058,0.7818314824680298,0.6234898018587336
2024-11-27,3,73,2024,11,27,2,Mercredi,False,48,39,55,39,54.43,53.13,332,4,False,False,True,-0.5412984521036173,0.8408305333122887,0.9749279121818236,-0.22252093395631434
2024-11-28,3,63,2024,11,28,3,Jeudi,False,48,73,68,73,53.71,53.9,333,4,False,False,True,-0.5267547528105542,0.8500173118187018,0.43388373911755823,-0.900968867902419
2024-11-29,3,69,2024,11,29,4,Vendredi,False,48,63,63,63,54.57,54.63,334,4,False,False,True,-0.5120551783114646,0.8589525565270845,-0.433883739117558,-0.9009688679024191
2024-11-30,3,42,2024,11,30,5,Samedi,True,48,69,50,69,53.43,54.87,335,4,False,False,True,-0.4972040784469378,0.8676336233547726,-0.9749279121818236,-0.2225209339563146
2024-01-01,4,27,2024,1,1,0,Lundi,False,1,0,0,0,27.0,27.0,1,1,True,False,False,0.017201575418260506,0.9998520419557735,0.0,1.0
2024-01-02,4,27,2024,1,2,1,Mardi,False,1,27,0,27,27.0,27.0,2,1,True,False,False,0.03439806061360801,0.9994082116062598,0.7818314824680298,0.6234898018587336
2024-01-03,4,27,2024,1,3,2,Mercredi,False,1,27,0,27,27.0,27.0,3,1,True,False,False,0.051584366869408364,0.9986686402879997,0.9749279121818236,-0.22252093395631434
2024-01-04,4,22,2024,1,4,3,Jeudi,False,1,27,0,27,25.75,25.75,4,1,True,False,False,0.06875540848113941,0.9976335468520451,0.43388373911755823,-0.900968867902419
2024-01-05,4,20,2024,1,5,4,Vendredi,False,1,22,0,22,24.6,24.6,5,1,True,False,False,0.08590610426133272,0.9963032375991965,-0.433883739117558,-0.9009688679024191
2024-01-06,4,20,2024,1,6,5,Samedi,True,1,20,0,20,23.83,23.83,6,1,False,False,False,0.10303137904317879,0.9946781061893646,-0.9749279121818236,-0.2225209339563146
2024-01-07,4,20,2024,1,7,6,Dimanche,True,1,20,0,20,23.29,23.29,7,1,False,False,False,0.1201261651823505,0.9927586335250793,-0.7818314824680299,0.6234898018587334
2024-01-08,4,16,2024,1,8,0,Lundi,False,2,20,27,20,21.71,22.38,8,1,False,False,False,0.13718540405660057,0.9905453876091833,0.0,1.0
2024-01-09,4,21,2024,1,9,1,Mardi,False,2,16,27,16,20.86,22.22,9,1,False,False,False,0.1542040475626894,0.988039023376751,0.7818314824680298,0.6234898018587336
2024-01-10,4,17,2024,1,10,2,Mercredi,False,2,21,27,21,19.43,21.7,10,1,False,False,False,0.17117705961019986,0.985240282501282,0.9749279121818236,-0.22252093395631434
2024-01-11,4,28,2024,1,11,3,Jeudi,False,2,17,22,17,20.29,22.27,11,1,False,True,False,0.18809941761179758,0.9821499931752291,0.43388373911755823,-0.900968867902419
2024-01-12,4,18,2024,1,12,4,Vendredi,False,2,28,20,28,20.0,21.92,12,1,False,True,False,0.20496611396949532,0.9787690698649216,-0.433883739117558,-0.9009688679024191
2024-01-13,4,19,2024,1,13,5,Samedi,True,2,18,20,18,19.86,21.69,13,1,False,True,False,0.22177215755648186,0.975098513039961,-0.9749279121818236,-0.2225209339563146
2024-01-14,4,24,2024,1,14,6,Dimanche,True,2,19,20,19,20.43,21.86,14,1,False,True,False,0.23851257519407648,0.9711394088771653,-0.7818314824680299,0.6234898018587334
2024-01-15,4,16,2024,1,15,0,Lundi,False,3,24,16,24,20.43,21.47,15,1,False,True,False,0.2551824131233728,0.9668929289391521,0.0,1.0
2024-01-16,4,31,2024,1,16,1,Mardi,False,3,16,21,16,21.86,22.06,16,1,False,True,False,0.2717767384711357,0.9623603298276545,0.7818314824680298,0.6234898018587336
2024-01-17,4,13,2024,1,17,2,Mercredi,False,3,31,17,31,21.29,21.53,17,1,False,True,False,0.2882906407095177,0.9575429528116719,0.9749279121818236,-0.22252093395631434
2024-01-18,4,26,2024,1,18,3,Jeudi,False,3,13,28,13,21.0,21.78,18,1,False,True,False,0.3047192331091634,0.9524422234305676,0.43388373911755823,-0.900968867902419
2024-01-19,4,0,2024,1,19,4,Vendredi,False,3,26,18,26,18.43,20.63,19,1,False,True,False,0.321057654185271,0.9470596510722283,-0.433883739117558,-0.9009688679024191
2024-01-20,4,0,2024,1,20,5,Samedi,True,3,0,19,0,15.71,19.6,20,1,False,True,False,0.3373010691361842,0.9413968285264122,-0.9749279121818236,-0.2225209339563146
2024-01-21,4,18,2024,1,21,6,Dimanche,True,3,0,24,0,14.86,19.52,21,1,False,False,False,0.3534446712740877,0.9354554315134164,-0.7818314824680299,0.6234898018587334
2024-01-22,4,0,2024,1,22,0,Lundi,False,4,18,16,18,12.57,18.64,22,1,False,False,False,0.3694836834473831,0.9292372181882051,0.0,1.0
2024-01-23,4,26,2024,1,23,1,Mardi,False,4,0,31,0,11.86,18.96,23,1,False,False,False,0.38541335945432564,0.9227440286201427,0.7818314824680298,0.6234898018587336
2024-01-24,4,27,2024,1,24,2,Mercredi,False,4,26,13,26,13.86,19.29,24,1,False,False,False,0.4012289854475009,0.9159777842484877,0.9749279121818236,-0.22252093395631434
2024-01-25,4,25,2024,1,25,3,Jeudi,False,4,27,26,27,13.71,19.52,25,1,False,False,False,0.4169258813287287,0.908940487313808,0.43388373911755823,-0.900968867902419
2024-01-26,4,0,2024,1,26,4,Vendredi,False,4,25,0,25,13.71,18.77,26,1,False,False,True,0.4324994021339788,0.901634220265486,-0.433883739117558,-0.9009688679024191
2024-01-27,4,22,2024,1,27,5,Samedi,True,4,0,0,0,16.86,18.89,27,1,False,False,True,0.44794493940789115,0.8940611451454876,-0.9749279121818236,-0.2225209339563146
2024-01-28,4,29,2024,1,28,6,Dimanche,True,4,22,18,22,18.43,19.25,28,1,False,False,True,0.4632579225674917,0.88622350294858,-0.7818314824680299,0.6234898018587334
2024-01-29,4,19,2024,1,29,0,Lundi,False,5,29,0,29,21.14,19.24,29,1,False,False,True,0.4784338202547012,0.8781236129591848,0.0,1.0
2024-01-30,4,23,2024,1,30,1,Mardi,False,5,19,26,19,20.71,19.37,30,1,False,False,True,0.49346814167723735,0.8697638720650646,0.7818314824680298,0.6234898018587336
2024-01-31,4,13,2024,1,31,2,Mercredi,False,5,23,27,23,18.71,18.9,31,1,False,False,True,0.5083564379375122,0.8611467540480452,0.9749279121818236,-0.22252093395631434
2024-02-01,4,23,2024,2,1,3,Jeudi,False,5,13,25,13,18.43,18.77,32,1,True,False,False,0.5230943033491326,0.8522748088519838,0.43388373911755823,-0.900968867902419
2024-02-02,4,31,2024,2,2,4,Vendredi,False,5,23,0,23,22.86,18.9,33,1,True,False,False,0.5376773767406141,0.8431506618282,-0.433883739117558,-0.9009688679024191
2024-02-03,4,28,2024,2,3,5,Samedi,True,5,31,22,31,23.71,19.1,34,1,True,False,False,0.5521013427459208,0.8337770129585915,-0.9749279121818236,-0.2225209339563146
2024-02-04,4,21,2024,2,4,6,Dimanche,True,5,28,29,28,22.57,19.13,35,1,True,False,False,0.5663619330814524,0.8241566360566663,-0.7818314824680299,0.6234898018587334
2024-02-05,4,28,2024,2,5,0,Lundi,False,6,21,19,21,23.86,19.4,36,1,True,False,False,0.580454927809098,0.8142923779467267,0.0,1.0
2024-02-06,4,28,2024,2,6,1,Mardi,False,6,28,23,28,24.57,19.67,37,1,False,False,False,0.5943761565849831,0.804187157621448,0.7818314824680298,0.6234898018587336
2024-02-07,4,31,2024,2,7,2,Mercredi,False,6,28,13,28,27.14,20.17,38,1,False,False,False,0.6081214998935418,0.7938439653781019,0.9749279121818236,-0.22252093395631434
2024-02-08,4,27,2024,2,8,3,Jeudi,False,6,31,23,31,27.71,20.37,39,1,False,False,False,0.6216868902665479,0.7832658619336791,0.43388373911755823,-0.900968867902419
2024-02-09,4,30,2024,2,9,4,Vendredi,False,6,27,31,27,27.57,20.8,40,1,False,False,False,0.6350683134867438,0.7724559775191742,-0.433883739117558,-0.9009688679024191
2024-02-10,4,27,2024,2,10,5,Samedi,True,6,30,28,30,27.43,20.77,41,1,False,False,False,0.6482618097757122,0.7614175109532997,-0.9749279121818236,-0.2225209339563146
2024-02-11,4,27,2024,2,11,6,Dimanche,True,6,27,21,27,28.29,21.07,42,1,False,True,False,0.6612634749656386,0.7501537286959042,-0.7818314824680299,0.6234898018587334
2024-02-12,4,22,2024,2,12,0,Lundi,False,7,27,28,27,27.43,21.17,43,1,False,True,False,0.6740694616546161,0.7386679638813748,0.0,1.0
2024-02-13,4,30,2024,2,13,1,Mardi,False,7,22,28,22,27.71,21.37,44,1,False,True,False,0.6866759803451553,0.726963615332308,0.7818314824680298,0.6234898018587336
2024-02-14,4,22,2024,2,14,2,Mercredi,False,7,30,31,30,26.43,21.57,45,1,False,True,False,0.6990793005655562,0.7150441465537444,0.9749279121818236,-0.22252093395631434
2024-02-15,4,27,2024,2,15,3,Jeudi,False,7,22,27,22,26.43,21.43,46,1,False,True,False,0.7112757519738152,0.7029130847082615,0.43388373911755823,-0.900968867902419
2024-02-16,4,26,2024,2,16,4,Vendredi,False,7,27,30,27,25.86,21.87,47,1,False,True,False,0.7232617254437388,0.6905740195722293,-0.433883739117558,-0.9009688679024191
2024-02-17,4,0,2024,2,17,5,Samedi,True,7,26,27,26,22.0,21.0,48,1,False,True,False,0.7350336741329413,0.6780306024735382,-0.9749279121818236,-0.2225209339563146
2024-02-18,4,29,2024,2,18,6,Dimanche,True,7,0,27,0,22.29,21.97,49,1,False,True,False,0.746588114532413,0.6652865452111116,-0.7818314824680299,0.6234898018587334
2024-02-19,4,30,2024,2,19,0,Lundi,False,8,29,22,29,23.43,22.97,50,1,False,True,False,0.7579216274973472,0.6523456189565257,0.0,1.0
2024-02-20,4,41,2024,2,20,1,Mardi,False,8,30,30,30,25.0,23.73,51,1,False,True,False,0.7690308592589181,0.6392116531380588,0.7818314824680298,0.6234898018587336
2024-02-21,4,29,2024,2,21,2,Mercredi,False,8,41,22,41,26.0,24.7,52,1,False,False,False,0.7799125224167177,0.6258885343075018,0.9749279121818236,-0.22252093395631434
2024-02-22,4,26,2024,2,22,3,Jeudi,False,8,29,27,29,25.86,24.7,53,1,False,False,False,0.7905633969115482,0.612380204990065,0.43388373911755823,-0.900968867902419
2024-02-23,4,32,2024,2,23,4,Vendredi,False,8,26,26,26,26.71,24.87,54,1,False,False,False,0.8009803309782905,0.5986906625177214,-0.433883739117558,-0.9009688679024191
2024-02-24,4,24,2024,2,24,5,Samedi,True,8,32,0,32,30.14,24.83,55,1,False,False,False,0.8111602420785621,0.5848239578463322,-0.9749279121818236,-0.2225209339563146
2024-02-25,4,18,2024,2,25,6,Dimanche,True,8,24,29,24,28.57,25.43,56,1,False,False,False,0.8211001178128892,0.5707841943569036,-0.7818314824680299,0.6234898018587334
2024-02-26,4,24,2024,2,26,0,Lundi,False,9,18,30,18,27.71,25.5,57,1,False,False,True,0.8307970168121247,0.5565755266413303,0.0,1.0
2024-02-27,4,32,2024,2,27,1,Mardi,False,9,24,41,24,26.43,25.6,58,1,False,False,True,0.8402480696078469,0.5422021592729844,0.7818314824680298,0.6234898018587336
2024-02-28,4,34,2024,2,28,2,Mercredi,False,9,32,29,32,27.14,26.1,59,1,False,False,True,0.8494504794814806,0.527668345562516,0.9749279121818236,-0.22252093395631434
2024-02-29,4,20,2024,2,29,3,Jeudi,False,9,34,26,34,26.29,26.0,60,1,False,False,True,0.8584015232918917,0.512978386299228,0.43388373911755823,-0.900968867902419
2024-03-01,4,26,2024,3,1,4,Vendredi,False,9,20,32,20,25.43,26.43,61,1,True,False,False,0.8670985522812081,0.4981366284784055,-0.433883739117558,-0.9009688679024191
2024-03-02,4,23,2024,3,2,5,Samedi,True,9,26,24,26,25.29,26.43,62,1,True,False,False,0.8755389928586302,0.4831474640149687,-0.9749279121818236,-0.2225209339563146
2024-03-03,4,17,2024,3,3,6,Dimanche,True,9,23,18,23,25.14,25.97,63,1,True,False,False,0.8837203473619977,0.4680153284438345,-0.7818314824680299,0.6234898018587334
2024-03-04,4,14,2024,3,4,0,Lundi,False,10,17,24,17,23.71,25.5,64,1,True,False,False,0.8916401947968874,0.45274469960737107,0.0,1.0
2024-03-05,4,25,2024,3,5,1,Mardi,False,10,14,32,14,22.71,25.63,65,1,True,False,False,0.8992961915530253,0.4373400963303323,0.7818314824680298,0.6234898018587336
2024-03-06,4,26,2024,3,6,2,Mercredi,False,10,25,34,25,21.57,25.57,66,1,False,False,False,0.9066860720977985,0.4218060770826634,0.9749279121818236,-0.22252093395631434
2024-03-07,4,24,2024,3,7,3,Jeudi,False,10,26,20,26,22.14,25.43,67,1,False,False,False,0.9138076496466615,0.4061472386305789,0.43388373911755823,-0.900968867902419
2024-03-08,4,26,2024,3,8,4,Vendredi,False,10,24,26,24,22.14,25.27,68,1,False,False,False,0.9206588168102428,0.3903682146763026,-0.433883739117558,-0.9009688679024191
2024-03-09,4,20,2024,3,9,5,Samedi,True,10,26,23,26,21.71,25.03,69,1,False,False,False,0.9272375462179537,0.374473674486883,-0.9749279121818236,-0.2225209339563146
2024-03-10,4,29,2024,3,10,6,Dimanche,True,10,20,17,20,23.43,25.0,70,1,False,False,False,0.9335418911179212,0.35846832151248087,-0.7818314824680299,0.6234898018587334
2024-03-11,4,22,2024,3,11,0,Lundi,False,11,29,14,29,24.57,24.83,71,1,False,True,False,0.9395699859530622,0.342356891994542,0.0,1.0
2024-03-12,4,34,2024,3,12,1,Mardi,False,11,22,25,22,25.86,25.07,72,1,False,True,False,0.945320046913132,0.3261441535642696,0.7818314824680298,0.6234898018587336
2024-03-13,4,32,2024,3,13,2,Mercredi,False,11,34,26,34,26.71,25.4,73,1,False,True,False,0.9507903724625832,0.3098349038318025,0.9749279121818236,-0.22252093395631434
2024-03-14,4,21,2024,3,14,3,Jeudi,False,11,32,24,32,26.29,25.1,74,1,False,True,False,0.9559793438440766,0.2934339689665273,0.43388373911755823,-0.900968867902419
2024-03-15,4,21,2024,3,15,4,Vendredi,False,11,21,26,21,25.57,25.07,75,1,False,True,False,0.9608854255574977,0.27694620226893646,-0.433883739117558,-0.9009688679024191
2024-03-16,4,23,2024,3,16,5,Samedi,True,11,21,20,21,26.0,24.93,76,1,False,True,False,0.9655071658143364,0.2603764827344581,-0.9749279121818236,-0.2225209339563146
2024-03-17,4,24,2024,3,17,6,Dimanche,True,11,23,29,23,25.29,24.87,77,1,False,True,False,0.969843196967294,0.24372971360968387,-0.7818314824680299,0.6234898018587334
2024-03-18,4,31,2024,3,18,0,Lundi,False,12,24,22,24,26.57,25.9,78,1,False,True,False,0.9738922359149924,0.22701082094141847,0.0,1.0
2024-03-19,4,24,2024,3,19,1,Mardi,False,12,31,34,31,25.14,25.73,79,1,False,True,False,0.9776530844816641,0.2102247521189836,0.7818314824680298,0.6234898018587336
2024-03-20,4,21,2024,3,20,2,Mercredi,False,12,24,32,24,23.57,25.43,80,1,False,True,False,0.981124629771712,0.19337647441020586,0.9749279121818236,-0.22252093395631434
2024-03-21,4,21,2024,3,21,3,Jeudi,False,12,21,21,21,23.57,24.77,81,1,False,False,False,0.984305844499033,0.17647097349152166,0.43388373911755823,-0.900968867902419
2024-03-22,4,26,2024,3,22,4,Vendredi,False,12,21,21,21,24.29,24.67,82,1,False,False,False,0.9871957872910085,0.15951325197263655,-0.433883739117558,-0.9009688679024191
2024-03-23,4,20,2024,3,23,5,Samedi,True,12,26,23,26,23.86,24.47,83,1,False,False,False,0.9897936029670716,0.14250832791617088,-0.9749279121818236,-0.2225209339563146
2024-03-24,4,32,2024,3,24,6,Dimanche,True,12,20,24,20,25.0,24.47,84,1,False,False,False,0.992098522791769,0.12546123335273648,-0.7818314824680299,0.6234898018587334
2024-03-25,4,43,2024,3,25,0,Lundi,False,13,32,31,32,26.71,25.1,85,1,False,False,False,0.9941098647022418,0.10837701279187609,0.0,1.0
2024-03-26,4,26,2024,3,26,1,Mardi,False,13,43,24,43,27.0,25.37,86,1,False,False,True,0.9958270335100595,0.09126072172931188,0.7818314824680298,0.6234898018587336
2024-03-27,4,35,2024,3,27,2,Mercredi,False,13,26,21,26,29.0,25.73,87,1,False,False,True,0.9972495210773451,0.07411742515094437,0.9749279121818236,-0.22252093395631434
2024-03-28,4,29,2024,3,28,3,Jeudi,False,13,35,21,35,30.14,25.63,88,1,False,False,True,0.998376906467142,0.056952196034039754,0.43388373911755823,-0.900968867902419
2024-03-29,4,25,2024,3,29,4,Vendredi,False,13,29,26,29,30.0,25.33,89,1,False,False,True,0.9992088560679753,0.03977011384605572,-0.433883739117558,-0.9009688679024191
2024-03-30,4,0,2024,3,30,5,Samedi,True,13,25,20,25,27.14,24.67,90,1,False,False,True,0.9997451236925734,0.022576263041545485,-0.9749279121818236,-0.2225209339563146
2024-03-31,4,31,2024,3,31,6,Dimanche,True,13,0,32,0,27.0,24.83,91,1,False,False,True,0.9999855506507186,0.005375731557583884,-0.7818314824680299,0.6234898018587334
2024-04-01,4,26,2024,4,1,0,Lundi,False,14,31,43,31,24.57,24.93,92,2,True,False,False,0.9999300657962057,-0.011826390691832589,0.0,1.0
2024-04-02,4,27,2024,4,2,1,Mardi,False,14,26,26,26,24.71,25.27,93,2,True,False,False,0.9995786855478958,-0.029025013321975237,0.7818314824680298,0.6234898018587336
2024-04-03,4,29,2024,4,3,2,Mercredi,False,14,27,35,27,23.86,25.77,94,2,True,False,False,0.9989315138848577,-0.046215046983708354,0.9749279121818236,-0.22252093395631434
2024-04-04,4,28,2024,4,4,3,Jeudi,False,14,29,29,29,23.71,25.87,95,2,True,False,False,0.9979887423155984,-0.06339140486951038,0.43388373911755823,-0.900968867902419
2024-04-05,4,26,2024,4,5,4,Vendredi,False,14,28,25,28,23.86,25.87,96,2,True,False,False,0.9967506498213929,-0.08054900421874167,-0.433883739117558,-0.9009688679024191
2024-04-06,4,26,2024,4,6,5,Samedi,True,14,26,0,26,27.57,25.93,97,2,False,False,False,0.9952176027737294,-0.09768276782171598,-0.9749279121818236,-0.2225209339563146
2024-04-07,4,25,2024,4,7,6,Dimanche,True,14,26,31,26,26.71,25.9,98,2,False,False,False,0.9933900548258936,-0.11478762552212701,-0.7818314824680299,0.6234898018587334
2024-04-08,4,21,2024,4,8,0,Lundi,False,15,25,26,25,26.0,25.93,99,2,False,False,False,0.9912685467787256,-0.13185851571739118,0.0,1.0
2024-04-09,4,39,2024,4,9,1,Mardi,False,15,21,27,21,27.71,26.27,100,2,False,False,False,0.9888537064205885,-0.1488903868564548,0.7818314824680298,0.6234898018587336
2024-04-10,4,28,2024,4,10,2,Mercredi,False,15,39,29,39,27.57,26.47,101,2,False,False,False,0.986146248341595,-0.16587819893463143,0.9749279121818236,-0.22252093395631434
2024-04-11,4,31,2024,4,11,3,Jeudi,False,15,28,28,28,28.0,26.37,102,2,False,True,False,0.9831469737221499,-0.1828169249850199,0.43388373911755823,-0.900968867902419
2024-04-12,4,36,2024,4,12,4,Vendredi,False,15,31,26,31,29.43,26.5,103,2,False,True,False,0.9798567700958665,-0.1997015525660636,-0.433883739117558,-0.9009688679024191
2024-04-13,4,27,2024,4,13,5,Samedi,True,15,36,26,36,29.57,26.7,104,2,False,True,False,0.9762766110869321,-0.21652708524481437,-0.9749279121818236,-0.2225209339563146
2024-04-14,4,29,2024,4,14,6,Dimanche,True,15,27,25,27,30.14,26.97,105,2,False,True,False,0.9724075561219968,-0.23328854407545518,-0.7818314824680299,0.6234898018587334
2024-04-15,4,34,2024,4,15,0,Lundi,False,16,29,21,29,32.0,27.33,106,2,False,True,False,0.9682507501166718,-0.2499809690726521,0.0,1.0
2024-04-16,4,33,2024,4,16,1,Mardi,False,16,34,39,34,31.14,27.63,107,2,False,True,False,0.9638074231367307,-0.26659942067929354,0.7818314824680298,0.6234898018587336
2024-04-17,4,26,2024,4,17,2,Mercredi,False,16,33,28,33,30.86,27.47,108,2,False,True,False,0.9590788900341131,-0.28313898122818354,0.9749279121818236,-0.22252093395631434
2024-04-18,4,30,2024,4,18,3,Jeudi,False,16,26,31,26,30.71,27.67,109,2,False,True,False,0.9540665500578387,-0.2995947563972602,0.43388373911755823,-0.900968867902419
2024-04-19,4,36,2024,4,19,4,Vendredi,False,16,30,36,30,30.71,28.17,110,2,False,True,False,0.9487718864399473,-0.31596187665790293,-0.433883739117558,-0.9009688679024191
2024-04-20,4,28,2024,4,20,5,Samedi,True,16,36,27,36,30.86,28.4,111,2,False,True,False,0.9431964659565866,-0.33223549871590435,-0.9749279121818236,-0.2225209339563146
2024-04-21,4,18,2024,4,21,6,Dimanche,True,16,28,29,28,29.29,28.13,112,2,False,False,False,0.9373419384643772,-0.3484108069446808,-0.7818314824680299,0.6234898018587334
2024-04-22,4,34,2024,4,22,0,Lundi,False,17,18,34,18,29.29,28.6,113,2,False,False,False,0.9312100364121947,-0.3644830148102912,0.0,1.0
2024-04-23,4,24,2024,4,23,1,Mardi,False,17,34,33,34,28.0,28.33,114,2,False,False,False,0.9248025743285089,-0.38044736628785164,0.7818314824680298,0.6234898018587336
2024-04-24,4,0,2024,4,24,2,Mercredi,False,17,24,26,24,24.29,26.9,115,2,False,False,False,0.9181214482844364,-0.39629913726891813,0.9749279121818236,-0.22252093395631434
2024-04-25,4,0,2024,4,25,3,Jeudi,False,17,0,30,0,20.0,26.03,116,2,False,False,False,0.9111686353326631,-0.41203363695942635,0.43388373911755823,-0.900968867902419
2024-04-26,4,34,2024,4,26,4,Vendredi,False,17,0,36,0,19.71,26.0,117,2,False,False,True,0.9039461929224011,-0.42764620926777464,-0.433883739117558,-0.9009688679024191
2024-04-27,4,35,2024,4,27,5,Samedi,True,17,34,28,34,20.71,26.2,118,2,False,False,True,0.8964562582905575,-0.44313223418263453,-0.9749279121818236,-0.2225209339563146
2024-04-28,4,28,2024,4,28,6,Dimanche,True,17,35,18,35,22.14,26.3,119,2,False,False,True,0.8887010478292915,-0.45848712914008766,-0.7818314824680299,0.6234898018587334
2024-04-29,4,22,2024,4,29,0,Lundi,False,18,28,34,28,20.43,27.03,120,2,False,False,True,0.8806828564301475,-0.47370635037968,0.0,1.0
2024-04-30,4,31,2024,4,30,1,Mardi,False,18,22,24,22,21.43,27.03,121,2,False,False,True,0.8724040568049612,-0.48878539428899265,0.7818314824680298,0.6234898018587336
2024-05-01,4,28,2024,5,1,2,Mercredi,False,18,31,0,31,25.43,27.1,122,2,True,False,False,0.8638670987837349,-0.503719798736334,0.9749279121818236,-0.22252093395631434
2024-05-02,4,27,2024,5,2,3,Jeudi,False,18,28,0,28,29.29,27.1,123,2,True,False,False,0.8550745085896932,-0.518505144391157,0.43388373911755823,-0.900968867902419
2024-05-03,4,25,2024,5,3,4,Vendredi,False,18,27,34,27,28.0,26.97,124,2,True,False,False,0.8460288880917339,-0.533137056031809,-0.433883739117558,-0.9009688679024191
2024-05-04,4,28,2024,5,4,5,Samedi,True,18,25,35,25,27.0,26.97,125,2,True,False,False,0.8367329140344921,-0.5476112038402312,-0.9749279121818236,-0.2225209339563146
2024-05-05,4,36,2024,5,5,6,Dimanche,True,18,28,28,28,28.14,27.3,126,2,True,False,False,0.8271893372462497,-0.5619233046832195,-0.7818314824680299,0.6234898018587334
2024-05-06,4,22,2024,5,6,0,Lundi,False,19,36,22,36,28.14,27.17,127,2,False,False,False,0.8174009818249189,-0.5760691233798758,0.0,1.0
2024-05-07,4,30,2024,5,7,1,Mardi,False,19,22,31,22,28.0,27.33,128,2,False,False,False,0.8073707443023492,-0.5900444739548627,0.7818314824680298,0.6234898018587336
2024-05-08,4,38,2024,5,8,2,Mercredi,False,19,30,28,30,29.43,27.9,129,2,False,False,False,0.7971015927871943,-0.6038452208771035,0.9749279121818236,-0.22252093395631434
2024-05-09,4,33,2024,5,9,3,Jeudi,False,19,38,27,38,30.29,27.7,130,2,False,False,False,0.7865965660866021,-0.6174672802835514,0.43388373911755823,-0.900968867902419
2024-05-10,4,22,2024,5,10,4,Vendredi,False,19,33,25,33,29.86,27.5,131,2,False,False,False,0.7758587728069828,-0.6309066211876704,-0.433883739117558,-0.9009688679024191
2024-05-11,4,18,2024,5,11,5,Samedi,True,19,22,28,22,28.43,27.07,132,2,False,True,False,0.7648913904341225,-0.6441592666722685,-0.9749279121818236,-0.2225209339563146
2024-05-12,4,23,2024,5,12,6,Dimanche,True,19,18,36,18,26.57,26.63,133,2,False,True,False,0.753697664392914,-0.6572212950663319,-0.7818314824680299,0.6234898018587334
2024-05-13,4,22,2024,5,13,0,Lundi,False,20,23,22,23,26.57,26.47,134,2,False,True,False,0.742280907086982,-0.6700888411055113,0.0,1.0
2024-05-14,4,30,2024,5,14,1,Mardi,False,20,22,30,22,26.57,26.5,135,2,False,True,False,0.7306444969184916,-0.6827580970759147,0.7818314824680298,0.6234898018587336
2024-05-15,4,27,2024,5,15,2,Mercredi,False,20,30,38,30,25.0,26.27,136,2,False,True,False,0.7187918772884232,-0.6952253139408722,0.9749279121818236,-0.22252093395631434
2024-05-16,4,30,2024,5,16,3,Jeudi,False,20,27,33,27,24.57,26.17,137,2,False,True,False,0.7067265555776158,-0.7074868024503348,0.43388373911755823,-0.900968867902419
2024-05-17,4,30,2024,5,17,4,Vendredi,False,20,30,22,30,25.71,26.3,138,2,False,True,False,0.6944521021088763,-0.719538934232584,-0.433883739117558,-0.9009688679024191
2024-05-18,4,20,2024,5,18,5,Samedi,True,20,30,18,30,26.0,25.97,139,2,False,True,False,0.6819721490904629,-0.7313781428679254,-0.9749279121818236,-0.2225209339563146
2024-05-19,4,28,2024,5,19,6,Dimanche,True,20,20,23,20,26.71,25.7,140,2,False,True,False,0.6692903895412567,-0.7430009249440493,-0.7818314824680299,0.6234898018587334
2024-05-20,4,35,2024,5,20,0,Lundi,False,21,28,22,28,28.57,25.93,141,2,False,True,False,0.6564105761979381,-0.7544038410927472,0.0,1.0
2024-05-21,4,29,2024,5,21,1,Mardi,False,21,35,30,35,28.43,26.3,142,2,False,False,False,0.6433365204044917,-0.765583517007675,0.7818314824680298,0.6234898018587336
2024-05-22,4,41,2024,5,22,2,Mercredi,False,21,29,27,29,30.43,26.53,143,2,False,False,False,0.6300720909843687,-0.7765366444428655,0.9749279121818236,-0.22252093395631434
2024-05-23,4,30,2024,5,23,3,Jeudi,False,21,41,30,41,30.43,26.73,144,2,False,False,False,0.6166212130956382,-0.7872599821916922,0.43388373911755823,-0.900968867902419
2024-05-24,4,23,2024,5,24,4,Vendredi,False,21,30,30,30,29.43,27.5,145,2,False,False,False,0.6029878670694714,-0.7977503570459932,-0.433883739117558,-0.9009688679024191
2024-05-25,4,36,2024,5,25,5,Samedi,True,21,23,20,23,31.71,28.7,146,2,False,False,False,0.5891760872322963,-0.8080046647350754,-0.9749279121818236,-0.2225209339563146
2024-05-26,4,24,2024,5,26,6,Dimanche,True,21,36,28,36,31.14,28.37,147,2,False,False,True,0.5751899607119775,-0.8180198708443174,-0.7818314824680299,0.6234898018587334
2024-05-27,4,28,2024,5,27,0,Lundi,False,22,24,35,24,30.14,28.13,148,2,False,False,True,0.5610336262283677,-0.8277930117131022,0.0,1.0
2024-05-28,4,37,2024,5,28,1,Mardi,False,22,28,29,28,31.29,28.43,149,2,False,False,True,0.5467112728685939,-0.8373211953118121,0.7818314824680298,0.6234898018587336
2024-05-29,4,37,2024,5,29,2,Mercredi,False,22,37,41,37,30.71,28.93,150,2,False,False,True,0.5322271388474397,-0.8466016020976267,0.9749279121818236,-0.22252093395631434
2024-05-30,4,29,2024,5,30,3,Jeudi,False,22,37,30,37,30.57,28.87,151,2,False,False,True,0.5175855102531889,-0.8556314858488706,0.43388373911755823,-0.900968867902419
2024-05-31,4,31,2024,5,31,4,Vendredi,False,22,29,23,29,31.71,28.97,152,2,False,False,True,0.5027907197793043,-0.8644081744776648,-0.433883739117558,-0.9009688679024191
2024-06-01,4,32,2024,6,1,5,Samedi,True,22,31,36,31,31.14,29.13,153,2,True,False,False,0.4878471454423119,-0.8729290708206411,-0.9749279121818236,-0.2225209339563146
2024-06-02,4,15,2024,6,2,6,Dimanche,True,22,32,24,32,29.86,28.8,154,2,True,False,False,0.47275920928627757,-0.881191653407483,-0.7818314824680299,0.6234898018587334
2024-06-03,4,33,2024,6,3,0,Lundi,False,23,15,28,15,30.57,28.97,155,2,True,False,False,0.4575313760742512,-0.8891934772070711,0.0,1.0
2024-06-04,4,36,2024,6,4,1,Mardi,False,23,33,37,33,30.43,28.97,156,2,True,False,False,0.44216815196707204,-0.8969321743510065,0.7818314824680298,0.6234898018587336
2024-06-05,4,22,2024,6,5,2,Mercredi,False,23,36,37,36,28.29,28.97,157,2,True,False,False,0.42667408318992467,-0.9044054548343001,0.9749279121818236,-0.22252093395631434
2024-06-06,4,30,2024,6,6,3,Jeudi,False,23,22,29,22,28.43,28.97,158,2,False,False,False,0.4110537546870351,-0.9116111071930239,0.43388373911755823,-0.900968867902419
2024-06-07,4,35,2024,6,7,4,Vendredi,False,23,30,31,30,29.0,28.87,159,2,False,False,False,0.3953117887649151,-0.9185469991587165,-0.433883739117558,-0.9009688679024191
2024-06-08,4,28,2024,6,8,5,Samedi,True,23,35,32,35,28.43,28.7,160,2,False,False,False,0.37945284372454435,-0.925211078289358,-0.9749279121818236,-0.2225209339563146
2024-06-09,4,35,2024,6,9,6,Dimanche,True,23,28,15,28,31.29,29.13,161,2,False,False,False,0.36348161248290634,-0.9316013725767187,-0.7818314824680299,0.6234898018587334
2024-06-10,4,30,2024,6,10,0,Lundi,False,24,35,33,35,30.86,29.53,162,2,False,False,False,0.3474028211842774,-0.9377159910299093,0.0,1.0
2024-06-11,4,48,2024,6,11,1,Mardi,False,24,30,36,30,32.57,30.37,163,2,False,True,False,0.3312212278016865,-0.9435531242349544,0.7818314824680298,0.6234898018587336
2024-06-12,4,39,2024,6,12,2,Mercredi,False,24,48,22,48,35.0,30.93,164,2,False,True,False,0.31494162072895193,-0.9491110448902284,0.9749279121818236,-0.22252093395631434
2024-06-13,4,31,2024,6,13,3,Jeudi,False,24,39,30,39,35.14,30.97,165,2,False,True,False,0.2985688173637202,-0.9543881083175908,0.43388373911755823,-0.900968867902419
2024-06-14,4,35,2024,6,14,4,Vendredi,False,24,31,35,31,35.14,31.23,166,2,False,True,False,0.2821076626819194,-0.9593827529490743,-0.433883739117558,-0.9009688679024191
2024-06-15,4,24,2024,6,15,5,Samedi,True,24,35,28,35,34.57,31.03,167,2,False,True,False,0.26556302780405594,-0.9640935007889755,-0.9749279121818236,-0.2225209339563146
2024-06-16,4,31,2024,6,16,6,Dimanche,True,24,24,35,24,34.0,31.07,168,2,False,True,False,0.24893980855376657,-0.9685189578512204,-0.7818314824680299,0.6234898018587334
2024-06-17,4,36,2024,6,17,0,Lundi,False,25,31,30,31,34.86,31.6,169,2,False,True,False,0.23224292400907015,-0.9726578145718654,0.0,1.0
2024-06-18,4,31,2024,6,18,1,Mardi,False,25,36,48,36,32.43,31.7,170,2,False,True,False,0.21547731504673012,-0.976508846196619,0.7818314824680298,0.6234898018587336
2024-06-19,4,34,2024,6,19,2,Mercredi,False,25,31,39,31,31.71,31.67,171,2,False,True,False,0.19864794288017112,-0.9800709131432666,0.9749279121818236,-0.22252093395631434
2024-06-20,4,34,2024,6,20,3,Jeudi,False,25,34,31,34,32.14,31.83,172,2,False,True,False,0.18175978759137534,-0.9833429613388902,0.43388373911755823,-0.900968867902419
2024-06-21,4,24,2024,6,21,4,Vendredi,False,25,34,35,34,30.57,31.27,173,2,False,False,False,0.16481784665719793,-0.9863240225317866,-0.433883739117558,-0.9009688679024191
2024-06-22,4,25,2024,6,22,5,Samedi,True,25,24,24,24,30.71,31.1,174,2,False,False,False,0.14782713347053048,-0.9890132145779883,-0.9749279121818236,-0.2225209339563146
2024-06-23,4,34,2024,6,23,6,Dimanche,True,25,25,31,25,31.14,31.47,175,2,False,False,False,0.13079267585675922,-0.9914097417023038,-0.7818314824680299,0.6234898018587334
2024-06-24,4,24,2024,6,24,0,Lundi,False,26,34,36,34,29.43,31.07,176,2,False,False,False,0.11371951458594969,-0.9935128947338007,0.0,1.0
2024-06-25,4,0,2024,6,25,1,Mardi,False,26,24,31,24,25.0,30.27,177,2,False,False,False,0.0966127018812031,-0.9953220513156602,0.7818314824680298,0.6234898018587336
2024-06-26,4,37,2024,6,26,2,Mercredi,False,26,0,34,0,25.43,30.57,178,2,False,False,True,0.07947729992362097,-0.9968366760893436,0.9749279121818236,-0.22252093395631434
2024-06-27,4,29,2024,6,27,3,Jeudi,False,26,37,34,37,24.71,30.3,179,2,False,False,True,0.062318379354325076,-0.998056320853012,0.43388373911755823,-0.900968867902419
2024-06-28,4,25,2024,6,28,4,Vendredi,False,26,29,24,29,24.86,29.9,180,2,False,False,True,0.04514101777397193,-0.9989806246941579,-0.433883739117558,-0.9009688679024191
2024-06-29,4,38,2024,6,29,5,Samedi,True,26,25,25,25,26.71,30.2,181,2,False,False,True,0.02795029824021032,-0.999609314096404,-0.9749279121818236,-0.2225209339563146
2024-06-30,4,33,2024,6,30,6,Dimanche,True,26,38,34,38,26.57,30.27,182,2,False,False,True,0.01075130776352193,-0.9999422030204416,-0.7818314824680299,0.6234898018587334
2024-07-01,4,31,2024,7,1,0,Lundi,False,27,33,24,33,27.57,30.23,183,3,True,False,False,-0.00645086419810515,-0.9999791929590823,0.0,1.0
2024-07-02,4,39,2024,7,2,1,Mardi,False,27,31,0,31,33.14,31.03,184,3,True,False,False,-0.023651127245231586,-0.9997202729664083,0.7818314824680298,0.6234898018587336
2024-07-03,4,26,2024,7,3,2,Mercredi,False,27,39,37,39,31.57,30.8,185,3,True,False,False,-0.04084439154329611,-0.9991655196610109,0.9749279121818236,-0.22252093395631434
2024-07-04,4,37,2024,7,4,3,Jeudi,False,27,26,29,26,32.71,30.83,186,3,True,False,False,-0.05802556932878035,-0.9983150972033183,0.43388373911755823,-0.900968867902419
2024-07-05,4,30,2024,7,5,4,Vendredi,False,27,37,25,37,33.43,31.1,187,3,True,False,False,-0.07518957641475855,-0.9971692572470178,-0.433883739117558,-0.9009688679024191
2024-07-06,4,18,2024,7,6,5,Samedi,True,27,30,38,30,30.57,30.7,188,3,False,False,False,-0.09233133369539122,-0.9957283388645872,-0.9749279121818236,-0.2225209339563146
2024-07-07,4,28,2024,7,7,6,Dimanche,True,27,18,33,18,29.86,30.47,189,3,False,False,False,-0.10944576864891556,-0.993992768446958,-0.7818314824680299,0.6234898018587334
2024-07-08,4,34,2024,7,8,0,Lundi,False,28,28,31,28,30.29,30.67,190,3,False,False,False,-0.12652781683868314,-0.9919630595773397,0.0,1.0
2024-07-09,4,34,2024,7,9,1,Mardi,False,28,34,39,34,29.57,30.63,191,3,False,False,False,-0.1435724234118113,-0.9896398128792412,0.7818314824680298,0.6234898018587336
2024-07-10,4,28,2024,7,10,2,Mercredi,False,28,34,26,34,29.86,30.57,192,3,False,False,False,-0.16057454459499376,-0.9870237158387383,0.9749279121818236,-0.22252093395631434
2024-07-11,4,36,2024,7,11,3,Jeudi,False,28,28,37,28,29.71,30.17,193,3,False,True,False,-0.17752914918703497,-0.984115542601034,0.43388373911755823,-0.900968867902419
2024-07-12,4,27,2024,7,12,4,Vendredi,False,28,36,30,36,29.29,29.77,194,3,False,True,False,-0.19443122004766195,-0.9809161537413774,-0.433883739117558,-0.9009688679024191
2024-07-13,4,33,2024,7,13,5,Samedi,True,28,27,18,27,31.43,29.83,195,3,False,True,False,-0.2112757555821793,-0.9774264960104055,-0.9749279121818236,-0.2225209339563146
2024-07-14,4,25,2024,7,14,6,Dimanche,True,28,33,28,33,31.0,29.5,196,3,False,True,False,-0.2280577712215198,-0.9736476020539838,-0.7818314824680299,0.6234898018587334
2024-07-15,4,51,2024,7,15,0,Lundi,False,29,25,34,25,33.43,30.4,197,3,False,True,False,-0.24477230089725957,-0.9695805901076308,0.0,1.0
2024-07-16,4,36,2024,7,16,1,Mardi,False,29,51,34,51,33.71,30.57,198,3,False,True,False,-0.2614143985111562,-0.965226663665613,0.7818314824680298,0.6234898018587336
2024-07-17,4,37,2024,7,17,2,Mercredi,False,29,36,28,36,35.0,30.6,199,3,False,True,False,-0.2779791393987801,-0.9605871111248129,0.9749279121818236,-0.22252093395631434
2024-07-18,4,35,2024,7,18,3,Jeudi,False,29,37,36,37,34.86,30.73,200,3,False,True,False,-0.2944616217868012,-0.9556633054034704,0.43388373911755823,-0.900968867902419
2024-07-19,4,28,2024,7,19,4,Vendredi,False,29,35,27,35,35.0,30.53,201,3,False,True,False,-0.3108569682435036,-0.9504567035349151,-0.433883739117558,-0.9009688679024191
2024-07-20,4,33,2024,7,20,5,Samedi,True,29,28,33,28,35.0,30.5,202,3,False,True,False,-0.3271603271220951,-0.9449688462364056,-0.9749279121818236,-0.2225209339563146
2024-07-21,4,34,2024,7,21,6,Dimanche,True,29,33,25,33,36.29,30.83,203,3,False,False,False,-0.34336687399638804,-0.939201357453208,-0.7818314824680299,0.6234898018587334
2024-07-22,4,0,2024,7,22,0,Lundi,False,30,34,51,34,29.0,30.0,204,3,False,False,False,-0.3594718130884232,-0.9331559438780432,0.0,1.0
2024-07-23,4,28,2024,7,23,1,Mardi,False,30,0,36,0,27.86,29.8,205,3,False,False,False,-0.3754703786876202,-0.9268343944460494,0.7818314824680298,0.6234898018587336
2024-07-24,4,34,2024,7,24,2,Mercredi,False,30,28,37,28,27.43,30.13,206,3,False,False,False,-0.3913578365610259,-0.9202385798054075,0.9749279121818236,-0.22252093395631434
2024-07-25,4,22,2024,7,25,3,Jeudi,False,30,34,35,34,25.57,30.87,207,3,False,False,False,-0.4071294853542516,-0.9133704517637858,0.43388373911755823,-0.900968867902419
2024-07-26,4,27,2024,7,26,4,Vendredi,False,30,22,28,22,25.43,30.53,208,3,False,False,True,-0.4227806579826773,-0.9062320427107697,-0.433883739117558,-0.9009688679024191
2024-07-27,4,27,2024,7,27,5,Samedi,True,30,27,33,27,24.57,30.47,209,3,False,False,True,-0.4383067230125192,-0.898825465016444,-0.9749279121818236,-0.2225209339563146
2024-07-28,4,19,2024,7,28,6,Dimanche,True,30,27,34,27,22.43,30.27,210,3,False,False,True,-0.45370308603134424,-0.8911529104063088,-0.7818314824680299,0.6234898018587334
2024-07-29,4,22,2024,7,29,0,Lundi,False,31,19,0,19,25.57,29.73,211,3,False,False,True,-0.46896519100763184,-0.8832166493127127,0.0,1.0
2024-07-30,4,32,2024,7,30,1,Mardi,False,31,22,28,22,26.14,29.7,212,3,False,False,True,-0.48408852163897587,-0.8750190302029955,0.7818314824680298,0.6234898018587336
2024-07-31,4,17,2024,7,31,2,Mercredi,False,31,32,34,32,23.71,29.23,213,3,False,False,True,-0.4990686026885319,-0.8665624788845385,0.9749279121818236,-0.22252093395631434
2024-08-01,4,31,2024,8,1,3,Jeudi,False,31,17,22,17,25.0,28.97,214,3,True,False,False,-0.5139010013093103,-0.8578494977869301,0.43388373911755823,-0.900968867902419
2024-08-02,4,30,2024,8,2,4,Vendredi,False,31,31,27,31,25.43,29.1,215,3,True,False,False,-0.5285813283559292,-0.8488826652214553,-0.433883739117558,-0.9009688679024191
2024-08-03,4,32,2024,8,3,5,Samedi,True,31,30,27,30,26.14,28.93,216,3,True,False,False,-0.5431052396834317,-0.8396646346181327,-0.9749279121818236,-0.2225209339563146
2024-08-04,4,33,2024,8,4,6,Dimanche,True,31,32,19,32,28.14,29.03,217,3,True,False,False,-0.5574684374327892,-0.8301981337405212,-0.7818314824680299,0.6234898018587334
2024-08-05,4,39,2024,8,5,0,Lundi,False,32,33,22,33,30.57,29.73,218,3,True,False,False,-0.5716666713027052,-0.8204859638785327,0.0,1.0
2024-08-06,4,38,2024,8,6,1,Mardi,False,32,39,32,39,31.43,30.07,219,3,False,False,False,-0.5856957398073508,-0.8105309990194823,0.7818314824680298,0.6234898018587336
2024-08-07,4,43,2024,8,7,2,Mercredi,False,32,38,17,38,35.14,30.37,220,3,False,False,False,-0.5995514915196489,-0.8003361849976323,0.9749279121818236,-0.22252093395631434
2024-08-08,4,37,2024,8,8,3,Jeudi,False,32,43,31,43,36.0,30.47,221,3,False,False,False,-0.6132298262997502,-0.7899045386224707,0.43388373911755823,-0.900968867902419
2024-08-09,4,53,2024,8,9,4,Vendredi,False,32,37,30,37,39.29,31.3,222,3,False,False,False,-0.6267266965083301,-0.7792391467859886,-0.433883739117558,-0.9009688679024191
2024-08-10,4,47,2024,8,10,5,Samedi,True,32,53,32,53,41.43,31.67,223,3,False,False,False,-0.6400381082043503,-0.7683431655492202,-0.9749279121818236,-0.2225209339563146
2024-08-11,4,37,2024,8,11,6,Dimanche,True,32,47,33,47,42.0,32.0,224,3,False,True,False,-0.65316012232693,-0.7572198192083127,-0.7818314824680299,0.6234898018587334
2024-08-12,4,23,2024,8,12,0,Lundi,False,33,37,39,37,39.71,31.67,225,3,False,True,False,-0.666088855860977,-0.7458723993404063,0.0,1.0
2024-08-13,4,45,2024,8,13,1,Mardi,False,33,23,38,23,40.71,32.33,226,3,False,True,False,-0.6788204829862355,-0.734304263829602,0.7818314824680298,0.6234898018587336
2024-08-14,4,48,2024,8,14,2,Mercredi,False,33,45,43,45,41.43,32.23,227,3,False,True,False,-0.6913512362094071,-0.722518835873311,0.9749279121818236,-0.22252093395631434
2024-08-15,4,39,2024,8,15,3,Jeudi,False,33,48,37,48,41.71,32.33,228,3,False,True,False,-0.7036774074790128,-0.7105196029692745,0.43388373911755823,-0.900968867902419
2024-08-16,4,26,2024,8,16,4,Vendredi,False,33,39,53,39,37.86,31.97,229,3,False,True,False,-0.7157953492826642,-0.6983101158835584,-0.433883739117558,-0.9009688679024191
2024-08-17,4,43,2024,8,17,5,Samedi,True,33,26,47,26,37.29,32.23,230,3,False,True,False,-0.7277014757264236,-0.6858939875998223,-0.9749279121818236,-0.2225209339563146
2024-08-18,4,33,2024,8,18,6,Dimanche,True,33,43,37,43,36.71,32.4,231,3,False,True,False,-0.7393922635959241,-0.673274892250183,-0.7818314824680299,0.6234898018587334
2024-08-19,4,22,2024,8,19,0,Lundi,False,34,33,23,33,36.57,32.03,232,3,False,True,False,-0.7508642533989489,-0.6604565640279754,0.0,1.0
2024-08-20,4,35,2024,8,20,1,Mardi,False,34,22,45,22,35.14,32.07,233,3,False,True,False,-0.7621140503891487,-0.6474427960827475,0.7818314824680298,0.6234898018587336
2024-08-21,4,25,2024,8,21,2,Mercredi,False,34,35,48,35,31.86,32.9,234,3,False,False,False,-0.7731383255706026,-0.6342374393978054,0.9749279121818236,-0.22252093395631434
2024-08-22,4,25,2024,8,22,3,Jeudi,False,34,25,39,25,29.86,32.8,235,3,False,False,False,-0.7839338166829201,-0.620844401650647,0.43388373911755823,-0.900968867902419
2024-08-23,4,36,2024,8,23,4,Vendredi,False,34,25,26,25,31.29,32.87,236,3,False,False,False,-0.7944973291665992,-0.6072676460566135,-0.433883739117558,-0.9009688679024191
2024-08-24,4,33,2024,8,24,5,Samedi,True,34,36,43,36,29.86,33.23,237,3,False,False,False,-0.8048257371083452,-0.593511190196115,-0.9749279121818236,-0.2225209339563146
2024-08-25,4,30,2024,8,25,6,Dimanche,True,34,33,33,33,29.43,33.33,238,3,False,False,False,-0.8149159841660791,-0.5795791048257612,-0.7818314824680299,0.6234898018587334
2024-08-26,4,43,2024,8,26,0,Lundi,False,35,30,22,30,32.43,33.87,239,3,False,False,True,-0.8247650844733614,-0.5654755126737576,0.0,1.0
2024-08-27,4,38,2024,8,27,1,Mardi,False,35,43,35,43,32.86,34.5,240,3,False,False,True,-0.8343701235229538,-0.5512045872199277,0.7818314824680298,0.6234898018587336
2024-08-28,4,37,2024,8,28,2,Mercredi,False,35,38,25,38,34.57,35.0,241,3,False,False,True,-0.8437282590292712,-0.5367705514607103,0.9749279121818236,-0.22252093395631434
2024-08-29,4,34,2024,8,29,3,Jeudi,False,35,37,25,37,35.86,35.07,242,3,False,False,True,-0.8528367217694595,-0.522177676659508,0.43388373911755823,-0.900968867902419
2024-08-30,4,42,2024,8,30,4,Vendredi,False,35,34,36,34,36.71,35.9,243,3,False,False,True,-0.8616928164028522,-0.5074302810827518,-0.433883739117558,-0.9009688679024191
2024-08-31,4,40,2024,8,31,5,Samedi,True,35,42,33,42,37.71,36.2,244,3,False,False,True,-0.8702939222685674,-0.49253272872205434,-0.9749279121818236,-0.2225209339563146
2024-09-01,4,24,2024,9,1,6,Dimanche,True,35,40,30,40,36.86,36.0,245,3,True,False,False,-0.8786374941610001,-0.4774894280028391,-0.7818314824680299,0.6234898018587334
2024-09-02,4,53,2024,9,2,0,Lundi,False,36,24,43,24,38.29,36.7,246,3,True,False,False,-0.886721063082993,-0.46230483047981086,0.0,1.0
2024-09-03,4,23,2024,9,3,1,Mardi,False,36,53,38,53,36.14,36.37,247,3,True,False,False,-0.8945422369764496,-0.4469834295196741,0.7818314824680298,0.6234898018587336
2024-09-04,4,29,2024,9,4,2,Mercredi,False,36,23,37,23,35.0,36.03,248,3,True,False,False,-0.9020987014301837,-0.43152975897147144,0.9749279121818236,-0.22252093395631434
2024-09-05,4,33,2024,9,5,3,Jeudi,False,36,29,34,29,34.86,35.87,249,3,True,False,False,-0.9093882203647925,-0.4159483918249421,0.43388373911755823,-0.900968867902419
2024-09-06,4,43,2024,9,6,4,Vendredi,False,36,33,42,33,35.0,35.87,250,3,False,False,False,-0.9164086366943458,-0.4002439388573056,-0.433883739117558,-0.9009688679024191
2024-09-07,4,30,2024,9,7,5,Samedi,True,36,43,40,43,33.57,35.63,251,3,False,False,False,-0.9231578729647039,-0.38442104726885545,-0.9749279121818236,-0.2225209339563146
2024-09-08,4,32,2024,9,8,6,Dimanche,True,36,30,24,30,34.71,34.93,252,3,False,False,False,-0.9296339319682695,-0.3684843993077793,-0.7818314824680299,0.6234898018587334
2024-09-09,4,56,2024,9,9,0,Lundi,False,37,32,53,32,35.14,35.23,253,3,False,False,False,-0.9358348973349941,-0.35243871088460327,0.0,1.0
2024-09-10,4,42,2024,9,10,1,Mardi,False,37,56,23,56,37.86,35.4,254,3,False,False,False,-0.9417589340994617,-0.33628873017668287,0.7818314824680298,0.6234898018587336
2024-09-11,4,44,2024,9,11,2,Mercredi,False,37,42,29,42,40.0,36.1,255,3,False,True,False,-0.9474042892438845,-0.32003923622313857,0.9749279121818236,-0.22252093395631434
2024-09-12,4,36,2024,9,12,3,Jeudi,False,37,44,33,44,40.43,35.8,256,3,False,True,False,-0.9527692922168511,-0.30369503751065885,0.43388373911755823,-0.900968867902419
2024-09-13,4,40,2024,9,13,4,Vendredi,False,37,36,43,36,40.0,35.53,257,3,False,True,False,-0.9578523554276669,-0.28726097055059635,-0.433883739117558,-0.9009688679024191
2024-09-14,4,38,2024,9,14,5,Samedi,True,37,40,30,40,41.14,35.5,258,3,False,True,False,-0.9626519747161487,-0.2707418984477642,-0.9749279121818236,-0.2225209339563146
2024-09-15,4,46,2024,9,15,6,Dimanche,True,37,38,32,38,43.14,36.17,259,3,False,True,False,-0.9671667297977312,-0.2541427094613622,-0.7818314824680299,0.6234898018587334
2024-09-16,4,34,2024,9,16,0,Lundi,False,38,46,56,46,40.0,35.87,260,3,False,True,False,-0.97139528468375,-0.23746831555846842,0.0,1.0
2024-09-17,4,42,2024,9,17,1,Mardi,False,38,34,42,34,40.0,36.17,261,3,False,True,False,-0.9753363880767837,-0.2207236509605022,0.7818314824680298,0.6234898018587336
2024-09-18,4,42,2024,9,18,2,Mercredi,False,38,42,44,42,39.71,36.83,262,3,False,True,False,-0.9789888737409319,-0.20391367068311472,0.9749279121818236,-0.22252093395631434
2024-09-19,4,30,2024,9,19,3,Jeudi,False,38,42,36,42,38.86,36.67,263,3,False,True,False,-0.9823516608469237,-0.18704334906991657,0.43388373911755823,-0.900968867902419
2024-09-20,4,30,2024,9,20,4,Vendredi,False,38,30,40,30,37.43,36.83,264,3,False,True,False,-0.9854237542919524,-0.17011767832049052,-0.433883739117558,-0.9009688679024191
2024-09-21,4,35,2024,9,21,5,Samedi,True,38,30,38,30,37.0,37.17,265,3,False,False,False,-0.9882042449941422,-0.15314166701312007,-0.9749279121818236,-0.2225209339563146
2024-09-22,4,31,2024,9,22,6,Dimanche,True,38,35,46,35,34.86,37.0,266,3,False,False,False,-0.9906923101615609,-0.13612033862266704,-0.7818314824680299,0.6234898018587334
2024-09-23,4,27,2024,9,23,0,Lundi,False,39,31,34,31,33.86,36.8,267,3,False,False,False,-0.9928872135356962,-0.11905873003404988,0.0,1.0
2024-09-24,4,25,2024,9,24,1,Mardi,False,39,27,42,27,31.43,36.63,268,3,False,False,False,-0.994788305609327,-0.10196189005174576,0.7818314824680298,0.6234898018587336
2024-09-25,4,36,2024,9,25,2,Mercredi,False,39,25,42,25,30.57,36.4,269,3,False,False,False,-0.9963950238187231,-0.08483487790576538,0.9749279121818236,-0.22252093395631434
2024-09-26,4,38,2024,9,26,3,Jeudi,False,39,36,30,36,31.71,36.4,270,3,False,False,True,-0.9977068927101168,-0.06768276175455162,0.43388373911755823,-0.900968867902419
2024-09-27,4,37,2024,9,27,4,Vendredi,False,39,38,30,38,32.71,36.4,271,3,False,False,True,-0.9987235240803972,-0.050510617185222886,-0.433883739117558,-0.9009688679024191
2024-09-28,4,40,2024,9,28,5,Samedi,True,39,37,35,37,33.43,36.6,272,3,False,False,True,-0.9994446170919858,-0.033323525711631344,-0.9749279121818236,-0.2225209339563146
2024-09-29,4,30,2024,9,29,6,Dimanche,True,39,40,31,40,33.29,36.2,273,3,False,False,True,-0.9998699583618592,-0.016126573270657762,-0.7818314824680299,0.6234898018587334
2024-09-30,4,38,2024,9,30,0,Lundi,False,40,30,27,30,34.86,36.13,274,3,False,False,True,-0.9999994220246925,0.001075151282798226,0.0,1.0
2024-10-01,4,41,2024,10,1,1,Mardi,False,40,38,25,38,37.14,36.7,275,4,True,False,False,-0.999832969770105,0.018276557681691223,0.7818314824680298,0.6234898018587336
2024-10-02,4,35,2024,10,2,2,Mercredi,False,40,41,36,41,37.0,36.1,276,4,True,False,False,-0.9993706508539969,0.03547255575312556,0.9749279121818236,-0.22252093395631434
2024-10-03,4,36,2024,10,3,3,Jeudi,False,40,35,38,35,36.71,36.53,277,4,True,False,False,-0.9986126020839734,0.052658056924614005,0.43388373911755823,-0.900968867902419
2024-10-04,4,44,2024,10,4,4,Vendredi,False,40,36,37,36,37.71,37.03,278,4,True,False,False,-0.9975590477788613,0.06982797572987089,-0.433883739117558,-0.9009688679024191
2024-10-05,4,32,2024,10,5,5,Samedi,True,40,44,40,44,36.57,37.0,279,4,True,False,False,-0.9962102997023297,0.0869772313136861,-0.9749279121818236,-0.2225209339563146
2024-10-06,4,35,2024,10,6,6,Dimanche,True,40,32,30,32,37.29,36.73,280,4,False,False,False,-0.9945667569706337,0.1041007489354256,-0.7818314824680299,0.6234898018587334
2024-10-07,4,51,2024,10,7,0,Lundi,False,41,35,38,35,39.14,37.43,281,4,False,False,False,-0.9926289059345095,0.121193461470736,0.0,1.0
2024-10-08,4,52,2024,10,8,1,Mardi,False,41,51,41,51,40.71,38.1,282,4,False,False,False,-0.9903973200352558,0.1382503109109819,0.7818314824680298,0.6234898018587336
2024-10-09,4,29,2024,10,9,2,Mercredi,False,41,52,35,52,39.86,37.2,283,4,False,False,False,-0.9878726596350429,0.15526624985999563,0.9749279121818236,-0.22252093395631434
2024-10-10,4,29,2024,10,10,3,Jeudi,False,41,29,36,29,38.86,36.77,284,4,False,False,False,-0.9850556718215013,0.172236243027682,0.43388373911755823,-0.900968867902419
2024-10-11,4,49,2024,10,11,4,Vendredi,False,41,29,44,29,39.57,36.93,285,4,False,True,False,-0.981947190186646,0.18915526872004093,-0.433883739117558,-0.9009688679024191
2024-10-12,4,49,2024,10,12,5,Samedi,True,41,49,32,49,42.0,37.37,286,4,False,True,False,-0.9785481345802031,0.20601832032517084,-0.9749279121818236,-0.2225209339563146
2024-10-13,4,33,2024,10,13,6,Dimanche,True,41,49,35,49,41.71,37.13,287,4,False,True,False,-0.9748595108374125,0.22282040779479959,-0.7818314824680299,0.6234898018587334
2024-10-14,4,35,2024,10,14,0,Lundi,False,42,33,51,33,39.43,37.03,288,4,False,True,False,-0.9708824104813836,0.23955655912092708,0.0,1.0
2024-10-15,4,30,2024,10,15,1,Mardi,False,42,35,52,35,36.29,36.5,289,4,False,True,False,-0.9666180104000972,0.2562218218071163,0.7818314824680298,0.6234898018587336
2024-10-16,4,37,2024,10,16,2,Mercredi,False,42,30,29,30,37.43,36.6,290,4,False,True,False,-0.9620675724981452,0.27281126433401914,0.9749279121818236,-0.22252093395631434
2024-10-17,4,58,2024,10,17,3,Jeudi,False,42,37,29,37,41.57,37.13,291,4,False,True,False,-0.957232443323312,0.28931997761869527,0.43388373911755823,-0.900968867902419
2024-10-18,4,37,2024,10,18,4,Vendredi,False,42,58,49,58,39.86,36.97,292,4,False,True,False,-0.9521140536681102,0.3057430764672831,-0.433883739117558,-0.9009688679024191
2024-10-19,4,35,2024,10,19,5,Samedi,True,42,37,49,37,37.86,37.13,293,4,False,True,False,-0.9467139181463862,0.3220757010206104,-0.9749279121818236,-0.2225209339563146
2024-10-20,4,44,2024,10,20,6,Dimanche,True,42,35,33,35,39.43,37.6,294,4,False,True,False,-0.9410336347451197,0.3383130181923076,-0.7818314824680299,0.6234898018587334
2024-10-21,4,44,2024,10,21,0,Lundi,False,43,44,35,44,40.71,37.9,295,4,False,False,False,-0.9350748843515574,0.3544502230989869,0.0,1.0
2024-10-22,4,31,2024,10,22,1,Mardi,False,43,44,30,44,40.86,37.9,296,4,False,False,False,-0.9288394302558068,0.3704825404820963,0.7818314824680298,0.6234898018587336
2024-10-23,4,25,2024,10,23,2,Mercredi,False,43,31,37,31,39.14,37.83,297,4,False,False,False,-0.9223291176290545,0.3864052261209853,0.9749279121818236,-0.22252093395631434
2024-10-24,4,46,2024,10,24,3,Jeudi,False,43,25,58,25,37.43,38.53,298,4,False,False,False,-0.9155458729775467,0.40221356823680365,0.43388373911755823,-0.900968867902419
2024-10-25,4,33,2024,10,25,4,Vendredi,False,43,46,37,46,36.86,38.43,299,4,False,False,False,-0.9084917035725082,0.41790288888678667,-0.433883739117558,-0.9009688679024191
2024-10-26,4,42,2024,10,26,5,Samedi,True,43,33,35,33,37.86,38.57,300,4,False,False,True,-0.9011686968561569,0.4334685453485363,-0.9749279121818236,-0.2225209339563146
2024-10-27,4,21,2024,10,27,6,Dimanche,True,43,42,44,42,34.57,38.03,301,4,False,False,True,-0.8935790198239952,0.4489059314938798,-0.7818314824680299,0.6234898018587334
2024-10-28,4,49,2024,10,28,0,Lundi,False,44,21,44,21,35.29,38.33,302,4,False,False,True,-0.8857249183835637,0.4642104791518923,0.0,1.0
2024-10-29,4,35,2024,10,29,1,Mardi,False,44,49,31,49,35.86,38.5,303,4,False,False,True,-0.8776087166898392,0.4793776594606945,0.7818314824680298,0.6234898018587336
2024-10-30,4,47,2024,10,30,2,Mercredi,False,44,35,25,35,39.0,38.8,304,4,False,False,True,-0.8692328164574792,0.49440298420761813,0.9749279121818236,-0.22252093395631434
2024-10-31,4,45,2024,10,31,3,Jeudi,False,44,47,46,47,38.86,38.93,305,4,False,False,True,-0.8605996962501181,0.5092820071573356,0.43388373911755823,-0.900968867902419
2024-11-01,4,46,2024,11,1,4,Vendredi,False,44,45,33,45,40.71,39.3,306,4,True,False,False,-0.8517119107469189,0.5240103253675756,-0.433883739117558,-0.9009688679024191
2024-11-02,4,35,2024,11,2,5,Samedi,True,44,46,42,46,39.71,39.27,307,4,True,False,False,-0.8425720899866032,0.5385835804920232,-0.9749279121818236,-0.2225209339563146
2024-11-03,4,35,2024,11,3,6,Dimanche,True,44,35,21,35,41.71,38.97,308,4,True,False,False,-0.8331829385891785,0.5529974600700271,-0.7818314824680299,0.6234898018587334
2024-11-04,4,46,2024,11,4,0,Lundi,False,45,35,49,35,41.29,39.43,309,4,True,False,False,-0.8235472349556007,0.5672476988027229,0.0,1.0
2024-11-05,4,36,2024,11,5,1,Mardi,False,45,46,35,46,41.43,39.47,310,4,True,False,False,-0.8136678304455991,0.5813300798152042,0.7818314824680298,0.6234898018587336
2024-11-06,4,45,2024,11,6,2,Mercredi,False,45,36,47,36,41.14,39.27,311,4,False,False,False,-0.8035476485339116,0.5952404359043674,0.9749279121818236,-0.22252093395631434
2024-11-07,4,40,2024,11,7,3,Jeudi,False,45,45,45,45,40.43,38.87,312,4,False,False,False,-0.7931896839451843,0.6089746507720486,0.43388373911755823,-0.900968867902419
2024-11-08,4,50,2024,11,8,4,Vendredi,False,45,40,46,40,41.0,39.57,313,4,False,False,False,-0.7825970017677834,0.6225286602431057,-0.433883739117558,-0.9009688679024191
2024-11-09,4,26,2024,11,9,5,Samedi,True,45,50,35,50,39.71,39.47,314,4,False,False,False,-0.7717727365467836,0.6358984534680745,-0.9749279121818236,-0.2225209339563146
2024-11-10,4,29,2024,11,10,6,Dimanche,True,45,26,35,26,38.86,38.8,315,4,False,False,False,-0.7607200913564104,0.6490800741100398,-0.7818314824680299,0.6234898018587334
2024-11-11,4,0,2024,11,11,0,Lundi,False,46,29,46,29,32.29,37.17,316,4,False,True,False,-0.7494423368521954,0.6620696215153815,0.0,1.0
2024-11-12,4,66,2024,11,12,1,Mardi,False,46,0,36,0,36.57,38.27,317,4,False,True,False,-0.7379428103031386,0.6748632518680403,0.7818314824680298,0.6234898018587336
2024-11-13,4,43,2024,11,13,2,Mercredi,False,46,66,45,66,36.29,38.53,318,4,False,True,False,-0.7262249146041543,0.6874571793269664,0.9749279121818236,-0.22252093395631434
2024-11-14,4,28,2024,11,14,3,Jeudi,False,46,43,40,43,34.57,38.47,319,4,False,True,False,-0.7142921172691032,0.699847677146407,0.43388373911755823,-0.900968867902419
2024-11-15,4,34,2024,11,15,4,Vendredi,False,46,28,50,28,32.29,38.37,320,4,False,True,False,-0.7021479494046978,0.7120310787787131,-0.433883739117558,-0.9009688679024191
2024-11-16,4,37,2024,11,16,5,Samedi,True,46,34,26,34,33.86,37.67,321,4,False,True,False,-0.6897960046655887,0.7240037789593305,-0.9749279121818236,-0.2225209339563146
2024-11-17,4,44,2024,11,17,6,Dimanche,True,46,37,29,37,36.0,37.9,322,4,False,True,False,-0.6772399381909491,0.7357622347736527,-0.7818314824680299,0.6234898018587334
2024-11-18,4,0,2024,11,18,0,Lundi,False,47,44,0,44,36.0,36.73,323,4,False,True,False,-0.6644834655228552,0.7473029667054296,0.0,1.0
2024-11-19,4,36,2024,11,19,1,Mardi,False,47,0,66,0,31.71,36.47,324,4,False,True,False,-0.6515303615068021,0.75862255966641,0.7818314824680298,0.6234898018587336
2024-11-20,4,31,2024,11,20,2,Mercredi,False,47,36,43,36,30.0,36.03,325,4,False,True,False,-0.6383844591746642,0.7697176640069211,0.9749279121818236,-0.22252093395631434
2024-11-21,4,42,2024,11,21,3,Jeudi,False,47,31,28,31,32.0,36.4,326,4,False,False,False,-0.6250496486104377,0.7805849965070866,0.43388373911755823,-0.900968867902419
2024-11-22,4,43,2024,11,22,4,Vendredi,False,47,42,34,42,33.29,37.0,327,4,False,False,False,-0.6115298757991053,0.7912213413483807,-0.433883739117558,-0.9009688679024191
2024-11-23,4,49,2024,11,23,5,Samedi,True,47,43,37,43,35.0,37.1,328,4,False,False,False,-0.5978291414589552,0.801623551065242,-0.9749279121818236,-0.2225209339563146
2024-11-24,4,44,2024,11,24,6,Dimanche,True,47,49,44,49,35.0,37.47,329,4,False,False,False,-0.5839514998576998,0.8117885474764613,-0.7818314824680299,0.6234898018587334
2024-11-25,4,55,2024,11,25,0,Lundi,False,48,44,0,44,42.86,37.9,330,4,False,False,False,-0.5699010576127624,0.8217133225960589,0.0,1.0
2024-11-26,4,0,2024,11,26,1,Mardi,False,48,55,36,55,37.71,37.2,331,4,False,False,True,-0.5556819724760489,0.8313949395234058,0.7818314824680298,0.6234898018587336
2024-11-27,4,40,2024,11,27,2,Mercredi,False,48,0,31,0,39.0,36.9,332,4,False,False,True,-0.5412984521036173,0.8408305333122887,0.9749279121818236,-0.22252093395631434
2024-11-28,4,53,2024,11,28,3,Jeudi,False,48,40,42,40,40.57,37.5,333,4,False,False,True,-0.5267547528105542,0.8500173118187018,0.43388373911755823,-0.900968867902419
2024-11-29,4,30,2024,11,29,4,Vendredi,False,48,53,43,53,38.71,36.93,334,4,False,False,True,-0.5120551783114646,0.8589525565270845,-0.433883739117558,-0.9009688679024191
2024-11-30,4,39,2024,11,30,5,Samedi,True,48,30,49,30,37.29,36.73,335,4,False,False,True,-0.4972040784469378,0.8676336233547726,-0.9749279121818236,-0.2225209339563146
2024-01-01,5,36,2024,1,1,0,Lundi,False,1,0,0,0,36.0,36.0,1,1,True,False,False,0.017201575418260506,0.9998520419557735,0.0,1.0
2024-01-02,5,0,2024,1,2,1,Mardi,False,1,36,0,36,18.0,18.0,2,1,True,False,False,0.03439806061360801,0.9994082116062598,0.7818314824680298,0.6234898018587336
2024-01-03,5,32,2024,1,3,2,Mercredi,False,1,0,0,0,22.67,22.67,3,1,True,False,False,0.051584366869408364,0.9986686402879997,0.9749279121818236,-0.22252093395631434
2024-01-04,5,40,2024,1,4,3,Jeudi,False,1,32,0,32,27.0,27.0,4,1,True,False,False,0.06875540848113941,0.9976335468520451,0.43388373911755823,-0.900968867902419
2024-01-05,5,23,2024,1,5,4,Vendredi,False,1,40,0,40,26.2,26.2,5,1,True,False,False,0.08590610426133272,0.9963032375991965,-0.433883739117558,-0.9009688679024191
2024-01-06,5,16,2024,1,6,5,Samedi,True,1,23,0,23,24.5,24.5,6,1,False,False,False,0.10303137904317879,0.9946781061893646,-0.9749279121818236,-0.2225209339563146
2024-01-07,5,14,2024,1,7,6,Dimanche,True,1,16,0,16,23.0,23.0,7,1,False,False,False,0.1201261651823505,0.9927586335250793,-0.7818314824680299,0.6234898018587334
2024-01-08,5,39,2024,1,8,0,Lundi,False,2,14,36,14,23.43,25.0,8,1,False,False,False,0.13718540405660057,0.9905453876091833,0.0,1.0
2024-01-09,5,31,2024,1,9,1,Mardi,False,2,39,0,39,27.86,25.67,9,1,False,False,False,0.1542040475626894,0.988039023376751,0.7818314824680298,0.6234898018587336
2024-01-10,5,35,2024,1,10,2,Mercredi,False,2,31,32,31,28.29,26.6,10,1,False,False,False,0.17117705961019986,0.985240282501282,0.9749279121818236,-0.22252093395631434
2024-01-11,5,38,2024,1,11,3,Jeudi,False,2,35,40,35,28.0,27.64,11,1,False,True,False,0.18809941761179758,0.9821499931752291,0.43388373911755823,-0.900968867902419
2024-01-12,5,22,2024,1,12,4,Vendredi,False,2,38,23,38,27.86,27.17,12,1,False,True,False,0.20496611396949532,0.9787690698649216,-0.433883739117558,-0.9009688679024191
2024-01-13,5,11,2024,1,13,5,Samedi,True,2,22,16,22,27.14,25.92,13,1,False,True,False,0.22177215755648186,0.975098513039961,-0.9749279121818236,-0.2225209339563146
2024-01-14,5,17,2024,1,14,6,Dimanche,True,2,11,14,11,27.57,25.29,14,1,False,True,False,0.23851257519407648,0.9711394088771653,-0.7818314824680299,0.6234898018587334
2024-01-15,5,26,2024,1,15,0,Lundi,False,3,17,39,17,25.71,25.33,15,1,False,True,False,0.2551824131233728,0.9668929289391521,0.0,1.0
2024-01-16,5,32,2024,1,16,1,Mardi,False,3,26,31,26,25.86,25.75,16,1,False,True,False,0.2717767384711357,0.9623603298276545,0.7818314824680298,0.6234898018587336
2024-01-17,5,29,2024,1,17,2,Mercredi,False,3,32,35,32,25.0,25.94,17,1,False,True,False,0.2882906407095177,0.9575429528116719,0.9749279121818236,-0.22252093395631434
2024-01-18,5,37,2024,1,18,3,Jeudi,False,3,29,38,29,24.86,26.56,18,1,False,True,False,0.3047192331091634,0.9524422234305676,0.43388373911755823,-0.900968867902419
2024-01-19,5,30,2024,1,19,4,Vendredi,False,3,37,22,37,26.0,26.74,19,1,False,True,False,0.321057654185271,0.9470596510722283,-0.433883739117558,-0.9009688679024191
2024-01-20,5,21,2024,1,20,5,Samedi,True,3,30,11,30,27.43,26.45,20,1,False,True,False,0.3373010691361842,0.9413968285264122,-0.9749279121818236,-0.2225209339563146
2024-01-21,5,19,2024,1,21,6,Dimanche,True,3,21,17,21,27.71,26.1,21,1,False,False,False,0.3534446712740877,0.9354554315134164,-0.7818314824680299,0.6234898018587334
2024-01-22,5,49,2024,1,22,0,Lundi,False,4,19,26,19,31.0,27.14,22,1,False,False,False,0.3694836834473831,0.9292372181882051,0.0,1.0
2024-01-23,5,31,2024,1,23,1,Mardi,False,4,49,32,49,30.86,27.3,23,1,False,False,False,0.38541335945432564,0.9227440286201427,0.7818314824680298,0.6234898018587336
2024-01-24,5,34,2024,1,24,2,Mercredi,False,4,31,29,31,31.57,27.58,24,1,False,False,False,0.4012289854475009,0.9159777842484877,0.9749279121818236,-0.22252093395631434
2024-01-25,5,27,2024,1,25,3,Jeudi,False,4,34,37,34,30.14,27.56,25,1,False,False,False,0.4169258813287287,0.908940487313808,0.43388373911755823,-0.900968867902419
2024-01-26,5,40,2024,1,26,4,Vendredi,False,4,27,30,27,31.57,28.04,26,1,False,False,True,0.4324994021339788,0.901634220265486,-0.433883739117558,-0.9009688679024191
2024-01-27,5,17,2024,1,27,5,Samedi,True,4,40,21,40,31.0,27.63,27,1,False,False,True,0.44794493940789115,0.8940611451454876,-0.9749279121818236,-0.2225209339563146
2024-01-28,5,16,2024,1,28,6,Dimanche,True,4,17,19,17,30.57,27.21,28,1,False,False,True,0.4632579225674917,0.88622350294858,-0.7818314824680299,0.6234898018587334
2024-01-29,5,40,2024,1,29,0,Lundi,False,5,16,49,16,29.29,27.66,29,1,False,False,True,0.4784338202547012,0.8781236129591848,0.0,1.0
2024-01-30,5,42,2024,1,30,1,Mardi,False,5,40,31,40,30.86,28.13,30,1,False,False,True,0.49346814167723735,0.8697638720650646,0.7818314824680298,0.6234898018587336
2024-01-31,5,28,2024,1,31,2,Mercredi,False,5,42,34,42,30.0,27.87,31,1,False,False,True,0.5083564379375122,0.8611467540480452,0.9749279121818236,-0.22252093395631434
2024-02-01,5,30,2024,2,1,3,Jeudi,False,5,28,27,28,30.43,28.87,32,1,True,False,False,0.5230943033491326,0.8522748088519838,0.43388373911755823,-0.900968867902419
2024-02-02,5,41,2024,2,2,4,Vendredi,False,5,30,40,30,30.57,29.17,33,1,True,False,False,0.5376773767406141,0.8431506618282,-0.433883739117558,-0.9009688679024191
2024-02-03,5,15,2024,2,3,5,Samedi,True,5,41,17,41,30.29,28.33,34,1,True,False,False,0.5521013427459208,0.8337770129585915,-0.9749279121818236,-0.2225209339563146
2024-02-04,5,15,2024,2,4,6,Dimanche,True,5,15,16,15,30.14,28.07,35,1,True,False,False,0.5663619330814524,0.8241566360566663,-0.7818314824680299,0.6234898018587334
2024-02-05,5,31,2024,2,5,0,Lundi,False,6,15,40,15,28.86,28.57,36,1,True,False,False,0.580454927809098,0.8142923779467267,0.0,1.0
2024-02-06,5,40,2024,2,6,1,Mardi,False,6,31,42,31,28.57,29.43,37,1,False,False,False,0.5943761565849831,0.804187157621448,0.7818314824680298,0.6234898018587336
2024-02-07,5,25,2024,2,7,2,Mercredi,False,6,40,28,40,28.14,28.97,38,1,False,False,False,0.6081214998935418,0.7938439653781019,0.9749279121818236,-0.22252093395631434
2024-02-08,5,49,2024,2,8,3,Jeudi,False,6,25,30,25,30.86,29.57,39,1,False,False,False,0.6216868902665479,0.7832658619336791,0.43388373911755823,-0.900968867902419
2024-02-09,5,33,2024,2,9,4,Vendredi,False,6,49,41,49,29.71,29.5,40,1,False,False,False,0.6350683134867438,0.7724559775191742,-0.433883739117558,-0.9009688679024191
2024-02-10,5,26,2024,2,10,5,Samedi,True,6,33,15,33,31.29,29.1,41,1,False,False,False,0.6482618097757122,0.7614175109532997,-0.9749279121818236,-0.2225209339563146
2024-02-11,5,18,2024,2,11,6,Dimanche,True,6,26,15,26,31.71,28.97,42,1,False,True,False,0.6612634749656386,0.7501537286959042,-0.7818314824680299,0.6234898018587334
2024-02-12,5,45,2024,2,12,0,Lundi,False,7,18,31,18,33.71,30.1,43,1,False,True,False,0.6740694616546161,0.7386679638813748,0.0,1.0
2024-02-13,5,37,2024,2,13,1,Mardi,False,7,45,40,45,33.29,30.77,44,1,False,True,False,0.6866759803451553,0.726963615332308,0.7818314824680298,0.6234898018587336
2024-02-14,5,36,2024,2,14,2,Mercredi,False,7,37,25,37,34.86,31.1,45,1,False,True,False,0.6990793005655562,0.7150441465537444,0.9749279121818236,-0.22252093395631434
2024-02-15,5,37,2024,2,15,3,Jeudi,False,7,36,49,36,33.14,31.27,46,1,False,True,False,0.7112757519738152,0.7029130847082615,0.43388373911755823,-0.900968867902419
2024-02-16,5,31,2024,2,16,4,Vendredi,False,7,37,33,37,32.86,31.33,47,1,False,True,False,0.7232617254437388,0.6905740195722293,-0.433883739117558,-0.9009688679024191
2024-02-17,5,15,2024,2,17,5,Samedi,True,7,31,26,31,31.29,30.6,48,1,False,True,False,0.7350336741329413,0.6780306024735382,-0.9749279121818236,-0.2225209339563146
2024-02-18,5,16,2024,2,18,6,Dimanche,True,7,15,18,15,31.0,30.13,49,1,False,True,False,0.746588114532413,0.6652865452111116,-0.7818314824680299,0.6234898018587334
2024-02-19,5,41,2024,2,19,0,Lundi,False,8,16,45,16,30.43,30.8,50,1,False,True,False,0.7579216274973472,0.6523456189565257,0.0,1.0
2024-02-20,5,35,2024,2,20,1,Mardi,False,8,41,37,41,30.14,31.33,51,1,False,True,False,0.7690308592589181,0.6392116531380588,0.7818314824680298,0.6234898018587336
2024-02-21,5,21,2024,2,21,2,Mercredi,False,8,35,36,35,28.0,30.4,52,1,False,False,False,0.7799125224167177,0.6258885343075018,0.9749279121818236,-0.22252093395631434
2024-02-22,5,41,2024,2,22,3,Jeudi,False,8,21,37,21,28.57,30.73,53,1,False,False,False,0.7905633969115482,0.612380204990065,0.43388373911755823,-0.900968867902419
2024-02-23,5,35,2024,2,23,4,Vendredi,False,8,41,31,41,29.14,30.77,54,1,False,False,False,0.8009803309782905,0.5986906625177214,-0.433883739117558,-0.9009688679024191
2024-02-24,5,24,2024,2,24,5,Samedi,True,8,35,15,35,30.43,30.67,55,1,False,False,False,0.8111602420785621,0.5848239578463322,-0.9749279121818236,-0.2225209339563146
2024-02-25,5,23,2024,2,25,6,Dimanche,True,8,24,16,24,31.43,30.1,56,1,False,False,False,0.8211001178128892,0.5707841943569036,-0.7818314824680299,0.6234898018587334
2024-02-26,5,31,2024,2,26,0,Lundi,False,9,23,41,23,30.0,30.57,57,1,False,False,True,0.8307970168121247,0.5565755266413303,0.0,1.0
2024-02-27,5,27,2024,2,27,1,Mardi,False,9,31,35,31,28.86,30.93,58,1,False,False,True,0.8402480696078469,0.5422021592729844,0.7818314824680298,0.6234898018587336
2024-02-28,5,0,2024,2,28,2,Mercredi,False,9,27,21,27,25.86,29.6,59,1,False,False,True,0.8494504794814806,0.527668345562516,0.9749279121818236,-0.22252093395631434
2024-02-29,5,39,2024,2,29,3,Jeudi,False,9,0,41,0,25.57,29.5,60,1,False,False,True,0.8584015232918917,0.512978386299228,0.43388373911755823,-0.900968867902419
2024-03-01,5,32,2024,3,1,4,Vendredi,False,9,39,35,39,25.14,29.63,61,1,True,False,False,0.8670985522812081,0.4981366284784055,-0.433883739117558,-0.9009688679024191
2024-03-02,5,14,2024,3,2,5,Samedi,True,9,32,24,32,23.71,29.1,62,1,True,False,False,0.8755389928586302,0.4831474640149687,-0.9749279121818236,-0.2225209339563146
2024-03-03,5,25,2024,3,3,6,Dimanche,True,9,14,23,14,24.0,28.57,63,1,True,False,False,0.8837203473619977,0.4680153284438345,-0.7818314824680299,0.6234898018587334
2024-03-04,5,41,2024,3,4,0,Lundi,False,10,25,31,25,25.43,29.43,64,1,True,False,False,0.8916401947968874,0.45274469960737107,0.0,1.0
2024-03-05,5,22,2024,3,5,1,Mardi,False,10,41,27,41,24.71,29.67,65,1,True,False,False,0.8992961915530253,0.4373400963303323,0.7818314824680298,0.6234898018587336
2024-03-06,5,34,2024,3,6,2,Mercredi,False,10,22,0,22,29.57,29.77,66,1,False,False,False,0.9066860720977985,0.4218060770826634,0.9749279121818236,-0.22252093395631434
2024-03-07,5,32,2024,3,7,3,Jeudi,False,10,34,39,34,28.57,29.5,67,1,False,False,False,0.9138076496466615,0.4061472386305789,0.43388373911755823,-0.900968867902419
2024-03-08,5,30,2024,3,8,4,Vendredi,False,10,32,32,32,28.29,29.67,68,1,False,False,False,0.9206588168102428,0.3903682146763026,-0.433883739117558,-0.9009688679024191
2024-03-09,5,18,2024,3,9,5,Samedi,True,10,30,14,30,28.86,28.63,69,1,False,False,False,0.9272375462179537,0.374473674486883,-0.9749279121818236,-0.2225209339563146
2024-03-10,5,26,2024,3,10,6,Dimanche,True,10,18,25,18,29.0,28.4,70,1,False,False,False,0.9335418911179212,0.35846832151248087,-0.7818314824680299,0.6234898018587334
2024-03-11,5,32,2024,3,11,0,Lundi,False,11,26,41,26,27.71,28.6,71,1,False,True,False,0.9395699859530622,0.342356891994542,0.0,1.0
2024-03-12,5,38,2024,3,12,1,Mardi,False,11,32,22,32,30.0,29.27,72,1,False,True,False,0.945320046913132,0.3261441535642696,0.7818314824680298,0.6234898018587336
2024-03-13,5,28,2024,3,13,2,Mercredi,False,11,38,34,38,29.14,28.7,73,1,False,True,False,0.9507903724625832,0.3098349038318025,0.9749279121818236,-0.22252093395631434
2024-03-14,5,26,2024,3,14,3,Jeudi,False,11,28,32,28,28.29,28.33,74,1,False,True,False,0.9559793438440766,0.2934339689665273,0.43388373911755823,-0.900968867902419
2024-03-15,5,34,2024,3,15,4,Vendredi,False,11,26,30,26,28.86,28.27,75,1,False,True,False,0.9608854255574977,0.27694620226893646,-0.433883739117558,-0.9009688679024191
2024-03-16,5,13,2024,3,16,5,Samedi,True,11,34,18,34,28.14,27.47,76,1,False,True,False,0.9655071658143364,0.2603764827344581,-0.9749279121818236,-0.2225209339563146
2024-03-17,5,11,2024,3,17,6,Dimanche,True,11,13,26,13,26.0,26.8,77,1,False,True,False,0.969843196967294,0.24372971360968387,-0.7818314824680299,0.6234898018587334
2024-03-18,5,37,2024,3,18,0,Lundi,False,12,11,32,11,26.71,27.53,78,1,False,True,False,0.9738922359149924,0.22701082094141847,0.0,1.0
2024-03-19,5,25,2024,3,19,1,Mardi,False,12,37,38,37,24.86,27.83,79,1,False,True,False,0.9776530844816641,0.2102247521189836,0.7818314824680298,0.6234898018587336
2024-03-20,5,43,2024,3,20,2,Mercredi,False,12,25,28,25,27.0,27.9,80,1,False,True,False,0.981124629771712,0.19337647441020586,0.9749279121818236,-0.22252093395631434
2024-03-21,5,39,2024,3,21,3,Jeudi,False,12,43,26,43,28.86,28.03,81,1,False,False,False,0.984305844499033,0.17647097349152166,0.43388373911755823,-0.900968867902419
2024-03-22,5,42,2024,3,22,4,Vendredi,False,12,39,34,39,30.0,28.73,82,1,False,False,False,0.9871957872910085,0.15951325197263655,-0.433883739117558,-0.9009688679024191
2024-03-23,5,21,2024,3,23,5,Samedi,True,12,42,13,42,31.14,28.07,83,1,False,False,False,0.9897936029670716,0.14250832791617088,-0.9749279121818236,-0.2225209339563146
2024-03-24,5,21,2024,3,24,6,Dimanche,True,12,21,11,21,32.57,27.6,84,1,False,False,False,0.992098522791769,0.12546123335273648,-0.7818314824680299,0.6234898018587334
2024-03-25,5,39,2024,3,25,0,Lundi,False,13,21,37,21,32.86,28.1,85,1,False,False,False,0.9941098647022418,0.10837701279187609,0.0,1.0
2024-03-26,5,46,2024,3,26,1,Mardi,False,13,39,25,39,35.86,28.87,86,1,False,False,True,0.9958270335100595,0.09126072172931188,0.7818314824680298,0.6234898018587336
2024-03-27,5,0,2024,3,27,2,Mercredi,False,13,46,43,46,29.71,27.83,87,1,False,False,True,0.9972495210773451,0.07411742515094437,0.9749279121818236,-0.22252093395631434
2024-03-28,5,40,2024,3,28,3,Jeudi,False,13,0,39,0,29.86,28.27,88,1,False,False,True,0.998376906467142,0.056952196034039754,0.43388373911755823,-0.900968867902419
2024-03-29,5,45,2024,3,29,4,Vendredi,False,13,40,42,40,30.29,29.77,89,1,False,False,True,0.9992088560679753,0.03977011384605572,-0.433883739117558,-0.9009688679024191
2024-03-30,5,0,2024,3,30,5,Samedi,True,13,45,21,45,27.29,28.47,90,1,False,False,True,0.9997451236925734,0.022576263041545485,-0.9749279121818236,-0.2225209339563146
2024-03-31,5,17,2024,3,31,6,Dimanche,True,13,0,21,0,26.71,27.97,91,1,False,False,True,0.9999855506507186,0.005375731557583884,-0.7818314824680299,0.6234898018587334
2024-04-01,5,51,2024,4,1,0,Lundi,False,14,17,39,17,28.43,29.2,92,2,True,False,False,0.9999300657962057,-0.011826390691832589,0.0,1.0
2024-04-02,5,33,2024,4,2,1,Mardi,False,14,51,46,51,26.57,29.47,93,2,True,False,False,0.9995786855478958,-0.029025013321975237,0.7818314824680298,0.6234898018587336
2024-04-03,5,38,2024,4,3,2,Mercredi,False,14,33,0,33,32.0,29.37,94,2,True,False,False,0.9989315138848577,-0.046215046983708354,0.9749279121818236,-0.22252093395631434
2024-04-04,5,46,2024,4,4,3,Jeudi,False,14,38,40,38,32.86,30.17,95,2,True,False,False,0.9979887423155984,-0.06339140486951038,0.43388373911755823,-0.900968867902419
2024-04-05,5,37,2024,4,5,4,Vendredi,False,14,46,45,46,31.71,30.27,96,2,True,False,False,0.9967506498213929,-0.08054900421874167,-0.433883739117558,-0.9009688679024191
2024-04-06,5,20,2024,4,6,5,Samedi,True,14,37,0,37,34.57,29.87,97,2,False,False,False,0.9952176027737294,-0.09768276782171598,-0.9749279121818236,-0.2225209339563146
2024-04-07,5,22,2024,4,7,6,Dimanche,True,14,20,17,20,35.29,29.6,98,2,False,False,False,0.9933900548258936,-0.11478762552212701,-0.7818314824680299,0.6234898018587334
2024-04-08,5,43,2024,4,8,0,Lundi,False,15,22,51,22,34.14,30.43,99,2,False,False,False,0.9912685467787256,-0.13185851571739118,0.0,1.0
2024-04-09,5,31,2024,4,9,1,Mardi,False,15,43,33,43,33.86,30.6,100,2,False,False,False,0.9888537064205885,-0.1488903868564548,0.7818314824680298,0.6234898018587336
2024-04-10,5,49,2024,4,10,2,Mercredi,False,15,31,38,31,35.43,31.17,101,2,False,False,False,0.986146248341595,-0.16587819893463143,0.9749279121818236,-0.22252093395631434
2024-04-11,5,21,2024,4,11,3,Jeudi,False,15,49,46,49,31.86,30.6,102,2,False,True,False,0.9831469737221499,-0.1828169249850199,0.43388373911755823,-0.900968867902419
2024-04-12,5,33,2024,4,12,4,Vendredi,False,15,21,37,21,31.29,30.77,103,2,False,True,False,0.9798567700958665,-0.1997015525660636,-0.433883739117558,-0.9009688679024191
2024-04-13,5,23,2024,4,13,5,Samedi,True,15,33,20,33,31.71,30.67,104,2,False,True,False,0.9762766110869321,-0.21652708524481437,-0.9749279121818236,-0.2225209339563146
2024-04-14,5,14,2024,4,14,6,Dimanche,True,15,23,22,23,30.57,30.0,105,2,False,True,False,0.9724075561219968,-0.23328854407545518,-0.7818314824680299,0.6234898018587334
2024-04-15,5,42,2024,4,15,0,Lundi,False,16,14,43,14,30.43,30.97,106,2,False,True,False,0.9682507501166718,-0.2499809690726521,0.0,1.0
2024-04-16,5,44,2024,4,16,1,Mardi,False,16,42,31,42,32.29,32.07,107,2,False,True,False,0.9638074231367307,-0.26659942067929354,0.7818314824680298,0.6234898018587336
2024-04-17,5,0,2024,4,17,2,Mercredi,False,16,44,49,44,25.29,30.83,108,2,False,True,False,0.9590788900341131,-0.28313898122818354,0.9749279121818236,-0.22252093395631434
2024-04-18,5,45,2024,4,18,3,Jeudi,False,16,0,21,0,28.71,31.5,109,2,False,True,False,0.9540665500578387,-0.2995947563972602,0.43388373911755823,-0.900968867902419
2024-04-19,5,0,2024,4,19,4,Vendredi,False,16,45,33,45,24.0,30.07,110,2,False,True,False,0.9487718864399473,-0.31596187665790293,-0.433883739117558,-0.9009688679024191
2024-04-20,5,17,2024,4,20,5,Samedi,True,16,0,23,0,23.14,29.33,111,2,False,True,False,0.9431964659565866,-0.33223549871590435,-0.9749279121818236,-0.2225209339563146
2024-04-21,5,27,2024,4,21,6,Dimanche,True,16,17,14,17,25.0,28.83,112,2,False,False,False,0.9373419384643772,-0.3484108069446808,-0.7818314824680299,0.6234898018587334
2024-04-22,5,37,2024,4,22,0,Lundi,False,17,27,42,27,24.29,29.37,113,2,False,False,False,0.9312100364121947,-0.3644830148102912,0.0,1.0
2024-04-23,5,35,2024,4,23,1,Mardi,False,17,37,44,37,23.0,29.83,114,2,False,False,False,0.9248025743285089,-0.38044736628785164,0.7818314824680298,0.6234898018587336
2024-04-24,5,49,2024,4,24,2,Mercredi,False,17,35,0,35,30.0,30.17,115,2,False,False,False,0.9181214482844364,-0.39629913726891813,0.9749279121818236,-0.22252093395631434
2024-04-25,5,42,2024,4,25,3,Jeudi,False,17,49,45,49,29.57,30.03,116,2,False,False,False,0.9111686353326631,-0.41203363695942635,0.43388373911755823,-0.900968867902419
2024-04-26,5,47,2024,4,26,4,Vendredi,False,17,42,0,42,36.29,31.6,117,2,False,False,True,0.9039461929224011,-0.42764620926777464,-0.433883739117558,-0.9009688679024191
2024-04-27,5,19,2024,4,27,5,Samedi,True,17,47,17,47,36.57,30.9,118,2,False,False,True,0.8964562582905575,-0.44313223418263453,-0.9749279121818236,-0.2225209339563146
2024-04-28,5,23,2024,4,28,6,Dimanche,True,17,19,27,19,36.0,30.17,119,2,False,False,True,0.8887010478292915,-0.45848712914008766,-0.7818314824680299,0.6234898018587334
2024-04-29,5,45,2024,4,29,0,Lundi,False,18,23,37,23,37.14,31.67,120,2,False,False,True,0.8806828564301475,-0.47370635037968,0.0,1.0
2024-04-30,5,38,2024,4,30,1,Mardi,False,18,45,35,45,37.57,32.37,121,2,False,False,True,0.8724040568049612,-0.48878539428899265,0.7818314824680298,0.6234898018587336
2024-05-01,5,0,2024,5,1,2,Mercredi,False,18,38,49,38,30.57,30.67,122,2,True,False,False,0.8638670987837349,-0.503719798736334,0.9749279121818236,-0.22252093395631434
2024-05-02,5,44,2024,5,2,3,Jeudi,False,18,0,42,0,30.86,31.03,123,2,True,False,False,0.8550745085896932,-0.518505144391157,0.43388373911755823,-0.900968867902419
2024-05-03,5,44,2024,5,3,4,Vendredi,False,18,44,47,44,30.43,31.23,124,2,True,False,False,0.8460288880917339,-0.533137056031809,-0.433883739117558,-0.9009688679024191
2024-05-04,5,22,2024,5,4,5,Samedi,True,18,44,19,44,30.86,30.43,125,2,True,False,False,0.8367329140344921,-0.5476112038402312,-0.9749279121818236,-0.2225209339563146
2024-05-05,5,19,2024,5,5,6,Dimanche,True,18,22,23,22,30.29,29.83,126,2,True,False,False,0.8271893372462497,-0.5619233046832195,-0.7818314824680299,0.6234898018587334
2024-05-06,5,40,2024,5,6,0,Lundi,False,19,19,45,19,29.57,30.5,127,2,False,False,False,0.8174009818249189,-0.5760691233798758,0.0,1.0
2024-05-07,5,37,2024,5,7,1,Mardi,False,19,40,38,40,29.43,31.0,128,2,False,False,False,0.8073707443023492,-0.5900444739548627,0.7818314824680298,0.6234898018587336
2024-05-08,5,0,2024,5,8,2,Mercredi,False,19,37,0,37,29.43,29.57,129,2,False,False,False,0.7971015927871943,-0.6038452208771035,0.9749279121818236,-0.22252093395631434
2024-05-09,5,58,2024,5,9,3,Jeudi,False,19,0,44,0,31.43,30.47,130,2,False,False,False,0.7865965660866021,-0.6174672802835514,0.43388373911755823,-0.900968867902419
2024-05-10,5,52,2024,5,10,4,Vendredi,False,19,58,44,58,32.57,30.57,131,2,False,False,False,0.7758587728069828,-0.6309066211876704,-0.433883739117558,-0.9009688679024191
2024-05-11,5,23,2024,5,11,5,Samedi,True,19,52,22,52,32.71,30.63,132,2,False,True,False,0.7648913904341225,-0.6441592666722685,-0.9749279121818236,-0.2225209339563146
2024-05-12,5,19,2024,5,12,6,Dimanche,True,19,23,19,23,32.71,30.17,133,2,False,True,False,0.753697664392914,-0.6572212950663319,-0.7818314824680299,0.6234898018587334
2024-05-13,5,45,2024,5,13,0,Lundi,False,20,19,40,19,33.43,30.9,134,2,False,True,False,0.742280907086982,-0.6700888411055113,0.0,1.0
2024-05-14,5,41,2024,5,14,1,Mardi,False,20,45,37,45,34.0,31.8,135,2,False,True,False,0.7306444969184916,-0.6827580970759147,0.7818314824680298,0.6234898018587336
2024-05-15,5,37,2024,5,15,2,Mercredi,False,20,41,0,41,39.29,31.63,136,2,False,True,False,0.7187918772884232,-0.6952253139408722,0.9749279121818236,-0.22252093395631434
2024-05-16,5,35,2024,5,16,3,Jeudi,False,20,37,58,37,36.0,31.33,137,2,False,True,False,0.7067265555776158,-0.7074868024503348,0.43388373911755823,-0.900968867902419
2024-05-17,5,31,2024,5,17,4,Vendredi,False,20,35,52,35,33.0,32.37,138,2,False,True,False,0.6944521021088763,-0.719538934232584,-0.433883739117558,-0.9009688679024191
2024-05-18,5,27,2024,5,18,5,Samedi,True,20,31,23,31,33.57,31.77,139,2,False,True,False,0.6819721490904629,-0.7313781428679254,-0.9749279121818236,-0.2225209339563146
2024-05-19,5,19,2024,5,19,6,Dimanche,True,20,27,19,27,33.57,32.4,140,2,False,True,False,0.6692903895412567,-0.7430009249440493,-0.7818314824680299,0.6234898018587334
2024-05-20,5,35,2024,5,20,0,Lundi,False,21,19,45,19,32.14,33.0,141,2,False,True,False,0.6564105761979381,-0.7544038410927472,0.0,1.0
2024-05-21,5,31,2024,5,21,1,Mardi,False,21,35,41,35,30.71,33.13,142,2,False,False,False,0.6433365204044917,-0.765583517007675,0.7818314824680298,0.6234898018587336
2024-05-22,5,44,2024,5,22,2,Mercredi,False,21,31,37,31,31.71,33.37,143,2,False,False,False,0.6300720909843687,-0.7765366444428655,0.9749279121818236,-0.22252093395631434
2024-05-23,5,35,2024,5,23,3,Jeudi,False,21,44,35,44,31.71,33.37,144,2,False,False,False,0.6166212130956382,-0.7872599821916922,0.43388373911755823,-0.900968867902419
2024-05-24,5,55,2024,5,24,4,Vendredi,False,21,35,31,35,35.14,33.57,145,2,False,False,False,0.6029878670694714,-0.7977503570459932,-0.433883739117558,-0.9009688679024191
2024-05-25,5,17,2024,5,25,5,Samedi,True,21,55,27,55,33.71,32.73,146,2,False,False,False,0.5891760872322963,-0.8080046647350754,-0.9749279121818236,-0.2225209339563146
2024-05-26,5,17,2024,5,26,6,Dimanche,True,21,17,19,17,33.43,31.73,147,2,False,False,True,0.5751899607119775,-0.8180198708443174,-0.7818314824680299,0.6234898018587334
2024-05-27,5,39,2024,5,27,0,Lundi,False,22,17,35,17,34.0,32.4,148,2,False,False,True,0.5610336262283677,-0.8277930117131022,0.0,1.0
2024-05-28,5,49,2024,5,28,1,Mardi,False,22,39,31,39,36.57,33.27,149,2,False,False,True,0.5467112728685939,-0.8373211953118121,0.7818314824680298,0.6234898018587336
2024-05-29,5,42,2024,5,29,2,Mercredi,False,22,49,44,49,36.29,33.17,150,2,False,False,True,0.5322271388474397,-0.8466016020976267,0.9749279121818236,-0.22252093395631434
2024-05-30,5,29,2024,5,30,3,Jeudi,False,22,42,35,42,35.43,32.87,151,2,False,False,True,0.5175855102531889,-0.8556314858488706,0.43388373911755823,-0.900968867902419
2024-05-31,5,46,2024,5,31,4,Vendredi,False,22,29,55,29,34.14,34.4,152,2,False,False,True,0.5027907197793043,-0.8644081744776648,-0.433883739117558,-0.9009688679024191
2024-06-01,5,23,2024,6,1,5,Samedi,True,22,46,17,46,35.0,33.7,153,2,True,False,False,0.4878471454423119,-0.8729290708206411,-0.9749279121818236,-0.2225209339563146
2024-06-02,5,21,2024,6,2,6,Dimanche,True,22,23,17,23,35.57,32.93,154,2,True,False,False,0.47275920928627757,-0.881191653407483,-0.7818314824680299,0.6234898018587334
2024-06-03,5,49,2024,6,3,0,Lundi,False,23,21,39,21,37.0,33.83,155,2,True,False,False,0.4575313760742512,-0.8891934772070711,0.0,1.0
2024-06-04,5,49,2024,6,4,1,Mardi,False,23,49,49,49,37.0,34.83,156,2,True,False,False,0.44216815196707204,-0.8969321743510065,0.7818314824680298,0.6234898018587336
2024-06-05,5,44,2024,6,5,2,Mercredi,False,23,49,42,49,37.29,34.97,157,2,True,False,False,0.42667408318992467,-0.9044054548343001,0.9749279121818236,-0.22252093395631434
2024-06-06,5,46,2024,6,6,3,Jeudi,False,23,44,29,44,39.71,35.27,158,2,False,False,False,0.4110537546870351,-0.9116111071930239,0.43388373911755823,-0.900968867902419
2024-06-07,5,60,2024,6,7,4,Vendredi,False,23,46,46,46,41.71,37.27,159,2,False,False,False,0.3953117887649151,-0.9185469991587165,-0.433883739117558,-0.9009688679024191
2024-06-08,5,17,2024,6,8,5,Samedi,True,23,60,23,60,40.86,35.9,160,2,False,False,False,0.37945284372454435,-0.925211078289358,-0.9749279121818236,-0.2225209339563146
2024-06-09,5,22,2024,6,9,6,Dimanche,True,23,17,21,17,41.0,34.9,161,2,False,False,False,0.36348161248290634,-0.9316013725767187,-0.7818314824680299,0.6234898018587334
2024-06-10,5,43,2024,6,10,0,Lundi,False,24,22,49,22,40.14,35.57,162,2,False,False,False,0.3474028211842774,-0.9377159910299093,0.0,1.0
2024-06-11,5,34,2024,6,11,1,Mardi,False,24,43,49,43,38.0,36.07,163,2,False,True,False,0.3312212278016865,-0.9435531242349544,0.7818314824680298,0.6234898018587336
2024-06-12,5,47,2024,6,12,2,Mercredi,False,24,34,44,34,38.43,36.13,164,2,False,True,False,0.31494162072895193,-0.9491110448902284,0.9749279121818236,-0.22252093395631434
2024-06-13,5,29,2024,6,13,3,Jeudi,False,24,47,46,47,36.0,35.73,165,2,False,True,False,0.2985688173637202,-0.9543881083175908,0.43388373911755823,-0.900968867902419
2024-06-14,5,37,2024,6,14,4,Vendredi,False,24,29,60,29,32.71,35.73,166,2,False,True,False,0.2821076626819194,-0.9593827529490743,-0.433883739117558,-0.9009688679024191
2024-06-15,5,18,2024,6,15,5,Samedi,True,24,37,17,37,32.86,35.17,167,2,False,True,False,0.26556302780405594,-0.9640935007889755,-0.9749279121818236,-0.2225209339563146
2024-06-16,5,18,2024,6,16,6,Dimanche,True,24,18,22,18,32.29,34.73,168,2,False,True,False,0.24893980855376657,-0.9685189578512204,-0.7818314824680299,0.6234898018587334
2024-06-17,5,45,2024,6,17,0,Lundi,False,25,18,43,18,32.57,35.33,169,2,False,True,False,0.23224292400907015,-0.9726578145718654,0.0,1.0
2024-06-18,5,35,2024,6,18,1,Mardi,False,25,45,34,45,32.71,35.87,170,2,False,True,False,0.21547731504673012,-0.976508846196619,0.7818314824680298,0.6234898018587336
2024-06-19,5,65,2024,6,19,2,Mercredi,False,25,35,47,35,35.29,36.87,171,2,False,True,False,0.19864794288017112,-0.9800709131432666,0.9749279121818236,-0.22252093395631434
2024-06-20,5,50,2024,6,20,3,Jeudi,False,25,65,29,65,38.29,37.5,172,2,False,True,False,0.18175978759137534,-0.9833429613388902,0.43388373911755823,-0.900968867902419
2024-06-21,5,33,2024,6,21,4,Vendredi,False,25,50,37,50,37.71,37.13,173,2,False,False,False,0.16481784665719793,-0.9863240225317866,-0.433883739117558,-0.9009688679024191
2024-06-22,5,24,2024,6,22,5,Samedi,True,25,33,18,33,38.57,36.77,174,2,False,False,False,0.14782713347053048,-0.9890132145779883,-0.9749279121818236,-0.2225209339563146
2024-06-23,5,0,2024,6,23,6,Dimanche,True,25,24,18,24,36.0,34.93,175,2,False,False,False,0.13079267585675922,-0.9914097417023038,-0.7818314824680299,0.6234898018587334
2024-06-24,5,37,2024,6,24,0,Lundi,False,26,0,45,0,34.86,35.6,176,2,False,False,False,0.11371951458594969,-0.9935128947338007,0.0,1.0
2024-06-25,5,49,2024,6,25,1,Mardi,False,26,37,35,37,36.86,36.67,177,2,False,False,False,0.0966127018812031,-0.9953220513156602,0.7818314824680298,0.6234898018587336
2024-06-26,5,37,2024,6,26,2,Mercredi,False,26,49,65,49,32.86,36.6,178,2,False,False,True,0.07947729992362097,-0.9968366760893436,0.9749279121818236,-0.22252093395631434
2024-06-27,5,47,2024,6,27,3,Jeudi,False,26,37,50,37,32.43,36.53,179,2,False,False,True,0.062318379354325076,-0.998056320853012,0.43388373911755823,-0.900968867902419
2024-06-28,5,46,2024,6,28,4,Vendredi,False,26,47,33,47,34.29,36.67,180,2,False,False,True,0.04514101777397193,-0.9989806246941579,-0.433883739117558,-0.9009688679024191
2024-06-29,5,19,2024,6,29,5,Samedi,True,26,46,24,46,33.57,36.33,181,2,False,False,True,0.02795029824021032,-0.999609314096404,-0.9749279121818236,-0.2225209339563146
2024-06-30,5,22,2024,6,30,6,Dimanche,True,26,19,0,19,36.71,35.53,182,2,False,False,True,0.01075130776352193,-0.9999422030204416,-0.7818314824680299,0.6234898018587334
2024-07-01,5,47,2024,7,1,0,Lundi,False,27,22,37,22,38.14,36.33,183,3,True,False,False,-0.00645086419810515,-0.9999791929590823,0.0,1.0
2024-07-02,5,34,2024,7,2,1,Mardi,False,27,47,49,47,36.0,36.77,184,3,True,False,False,-0.023651127245231586,-0.9997202729664083,0.7818314824680298,0.6234898018587336
2024-07-03,5,42,2024,7,3,2,Mercredi,False,27,34,37,34,36.71,36.53,185,3,True,False,False,-0.04084439154329611,-0.9991655196610109,0.9749279121818236,-0.22252093395631434
2024-07-04,5,44,2024,7,4,3,Jeudi,False,27,42,47,42,36.29,36.37,186,3,True,False,False,-0.05802556932878035,-0.9983150972033183,0.43388373911755823,-0.900968867902419
2024-07-05,5,44,2024,7,5,4,Vendredi,False,27,44,46,44,36.0,36.37,187,3,True,False,False,-0.07518957641475855,-0.9971692572470178,-0.433883739117558,-0.9009688679024191
2024-07-06,5,26,2024,7,6,5,Samedi,True,27,44,19,44,37.0,35.7,188,3,False,False,False,-0.09233133369539122,-0.9957283388645872,-0.9749279121818236,-0.2225209339563146
2024-07-07,5,24,2024,7,7,6,Dimanche,True,27,26,22,26,37.29,34.5,189,3,False,False,False,-0.10944576864891556,-0.993992768446958,-0.7818314824680299,0.6234898018587334
2024-07-08,5,38,2024,7,8,0,Lundi,False,28,24,47,24,36.0,35.2,190,3,False,False,False,-0.12652781683868314,-0.9919630595773397,0.0,1.0
2024-07-09,5,60,2024,7,9,1,Mardi,False,28,38,34,38,39.71,36.47,191,3,False,False,False,-0.1435724234118113,-0.9896398128792412,0.7818314824680298,0.6234898018587336
2024-07-10,5,40,2024,7,10,2,Mercredi,False,28,60,42,60,39.43,36.37,192,3,False,False,False,-0.16057454459499376,-0.9870237158387383,0.9749279121818236,-0.22252093395631434
2024-07-11,5,37,2024,7,11,3,Jeudi,False,28,40,44,40,38.43,36.47,193,3,False,True,False,-0.17752914918703497,-0.984115542601034,0.43388373911755823,-0.900968867902419
2024-07-12,5,41,2024,7,12,4,Vendredi,False,28,37,44,37,38.0,36.27,194,3,False,True,False,-0.19443122004766195,-0.9809161537413774,-0.433883739117558,-0.9009688679024191
2024-07-13,5,25,2024,7,13,5,Samedi,True,28,41,26,41,37.86,36.13,195,3,False,True,False,-0.2112757555821793,-0.9774264960104055,-0.9749279121818236,-0.2225209339563146
2024-07-14,5,23,2024,7,14,6,Dimanche,True,28,25,24,25,37.71,35.67,196,3,False,True,False,-0.2280577712215198,-0.9736476020539838,-0.7818314824680299,0.6234898018587334
2024-07-15,5,30,2024,7,15,0,Lundi,False,29,23,38,23,36.57,36.07,197,3,False,True,False,-0.24477230089725957,-0.9695805901076308,0.0,1.0
2024-07-16,5,48,2024,7,16,1,Mardi,False,29,30,60,30,34.86,37.07,198,3,False,True,False,-0.2614143985111562,-0.965226663665613,0.7818314824680298,0.6234898018587336
2024-07-17,5,47,2024,7,17,2,Mercredi,False,29,48,40,48,35.86,37.13,199,3,False,True,False,-0.2779791393987801,-0.9605871111248129,0.9749279121818236,-0.22252093395631434
2024-07-18,5,40,2024,7,18,3,Jeudi,False,29,47,37,47,36.29,37.3,200,3,False,True,False,-0.2944616217868012,-0.9556633054034704,0.43388373911755823,-0.900968867902419
2024-07-19,5,55,2024,7,19,4,Vendredi,False,29,40,41,40,38.29,36.97,201,3,False,True,False,-0.3108569682435036,-0.9504567035349151,-0.433883739117558,-0.9009688679024191
2024-07-20,5,0,2024,7,20,5,Samedi,True,29,55,25,55,34.71,35.3,202,3,False,True,False,-0.3271603271220951,-0.9449688462364056,-0.9749279121818236,-0.2225209339563146
2024-07-21,5,28,2024,7,21,6,Dimanche,True,29,0,23,0,35.43,35.13,203,3,False,False,False,-0.34336687399638804,-0.939201357453208,-0.7818314824680299,0.6234898018587334
2024-07-22,5,42,2024,7,22,0,Lundi,False,30,28,30,28,37.14,35.73,204,3,False,False,False,-0.3594718130884232,-0.9331559438780432,0.0,1.0
2024-07-23,5,60,2024,7,23,1,Mardi,False,30,42,48,42,38.86,37.73,205,3,False,False,False,-0.3754703786876202,-0.9268343944460494,0.7818314824680298,0.6234898018587336
2024-07-24,5,38,2024,7,24,2,Mercredi,False,30,60,47,60,37.57,37.77,206,3,False,False,False,-0.3913578365610259,-0.9202385798054075,0.9749279121818236,-0.22252093395631434
2024-07-25,5,40,2024,7,25,3,Jeudi,False,30,38,40,38,37.57,37.47,207,3,False,False,False,-0.4071294853542516,-0.9133704517637858,0.43388373911755823,-0.900968867902419
2024-07-26,5,32,2024,7,26,4,Vendredi,False,30,40,55,40,34.29,37.3,208,3,False,False,True,-0.4227806579826773,-0.9062320427107697,-0.433883739117558,-0.9009688679024191
2024-07-27,5,22,2024,7,27,5,Samedi,True,30,32,0,32,37.43,36.47,209,3,False,False,True,-0.4383067230125192,-0.898825465016444,-0.9749279121818236,-0.2225209339563146
2024-07-28,5,32,2024,7,28,6,Dimanche,True,30,22,28,22,38.0,36.0,210,3,False,False,True,-0.45370308603134424,-0.8911529104063088,-0.7818314824680299,0.6234898018587334
2024-07-29,5,45,2024,7,29,0,Lundi,False,31,32,42,32,38.43,36.87,211,3,False,False,True,-0.46896519100763184,-0.8832166493127127,0.0,1.0
2024-07-30,5,39,2024,7,30,1,Mardi,False,31,45,60,45,35.43,37.43,212,3,False,False,True,-0.48408852163897587,-0.8750190302029955,0.7818314824680298,0.6234898018587336
2024-07-31,5,44,2024,7,31,2,Mercredi,False,31,39,38,39,36.29,37.33,213,3,False,False,True,-0.4990686026885319,-0.8665624788845385,0.9749279121818236,-0.22252093395631434
2024-08-01,5,57,2024,8,1,3,Jeudi,False,31,44,40,44,38.71,38.1,214,3,True,False,False,-0.5139010013093103,-0.8578494977869301,0.43388373911755823,-0.900968867902419
2024-08-02,5,42,2024,8,2,4,Vendredi,False,31,57,32,57,40.14,38.1,215,3,True,False,False,-0.5285813283559292,-0.8488826652214553,-0.433883739117558,-0.9009688679024191
2024-08-03,5,25,2024,8,3,5,Samedi,True,31,42,22,42,40.57,37.47,216,3,True,False,False,-0.5431052396834317,-0.8396646346181327,-0.9749279121818236,-0.2225209339563146
2024-08-04,5,22,2024,8,4,6,Dimanche,True,31,25,32,25,39.14,36.73,217,3,True,False,False,-0.5574684374327892,-0.8301981337405212,-0.7818314824680299,0.6234898018587334
2024-08-05,5,0,2024,8,5,0,Lundi,False,32,22,45,22,32.71,35.87,218,3,True,False,False,-0.5716666713027052,-0.8204859638785327,0.0,1.0
2024-08-06,5,49,2024,8,6,1,Mardi,False,32,0,39,0,34.14,36.7,219,3,False,False,False,-0.5856957398073508,-0.8105309990194823,0.7818314824680298,0.6234898018587336
2024-08-07,5,39,2024,8,7,2,Mercredi,False,32,49,44,49,33.43,36.73,220,3,False,False,False,-0.5995514915196489,-0.8003361849976323,0.9749279121818236,-0.22252093395631434
2024-08-08,5,43,2024,8,8,3,Jeudi,False,32,39,57,39,31.43,36.17,221,3,False,False,False,-0.6132298262997502,-0.7899045386224707,0.43388373911755823,-0.900968867902419
2024-08-09,5,58,2024,8,9,4,Vendredi,False,32,43,42,43,33.71,36.77,222,3,False,False,False,-0.6267266965083301,-0.7792391467859886,-0.433883739117558,-0.9009688679024191
2024-08-10,5,22,2024,8,10,5,Samedi,True,32,58,25,58,33.29,36.27,223,3,False,False,False,-0.6400381082043503,-0.7683431655492202,-0.9749279121818236,-0.2225209339563146
2024-08-11,5,29,2024,8,11,6,Dimanche,True,32,22,22,22,34.29,35.87,224,3,False,True,False,-0.65316012232693,-0.7572198192083127,-0.7818314824680299,0.6234898018587334
2024-08-12,5,31,2024,8,12,0,Lundi,False,33,29,0,29,38.71,36.07,225,3,False,True,False,-0.666088855860977,-0.7458723993404063,0.0,1.0
2024-08-13,5,54,2024,8,13,1,Mardi,False,33,31,49,31,39.43,37.1,226,3,False,True,False,-0.6788204829862355,-0.734304263829602,0.7818314824680298,0.6234898018587336
2024-08-14,5,54,2024,8,14,2,Mercredi,False,33,54,39,54,41.57,37.9,227,3,False,True,False,-0.6913512362094071,-0.722518835873311,0.9749279121818236,-0.22252093395631434
2024-08-15,5,59,2024,8,15,3,Jeudi,False,33,54,43,54,43.86,38.27,228,3,False,True,False,-0.7036774074790128,-0.7105196029692745,0.43388373911755823,-0.900968867902419
2024-08-16,5,69,2024,8,16,4,Vendredi,False,33,59,58,59,45.43,39.0,229,3,False,True,False,-0.7157953492826642,-0.6983101158835584,-0.433883739117558,-0.9009688679024191
2024-08-17,5,23,2024,8,17,5,Samedi,True,33,69,22,69,45.57,38.43,230,3,False,True,False,-0.7277014757264236,-0.6858939875998223,-0.9749279121818236,-0.2225209339563146
2024-08-18,5,28,2024,8,18,6,Dimanche,True,33,23,29,23,45.43,37.53,231,3,False,True,False,-0.7393922635959241,-0.673274892250183,-0.7818314824680299,0.6234898018587334
2024-08-19,5,39,2024,8,19,0,Lundi,False,34,28,31,28,46.57,38.83,232,3,False,True,False,-0.7508642533989489,-0.6604565640279754,0.0,1.0
2024-08-20,5,42,2024,8,20,1,Mardi,False,34,39,54,39,44.86,39.3,233,3,False,True,False,-0.7621140503891487,-0.6474427960827475,0.7818314824680298,0.6234898018587336
2024-08-21,5,48,2024,8,21,2,Mercredi,False,34,42,54,42,44.0,39.5,234,3,False,False,False,-0.7731383255706026,-0.6342374393978054,0.9749279121818236,-0.22252093395631434
2024-08-22,5,31,2024,8,22,3,Jeudi,False,34,48,59,48,40.0,38.53,235,3,False,False,False,-0.7839338166829201,-0.620844401650647,0.43388373911755823,-0.900968867902419
2024-08-23,5,41,2024,8,23,4,Vendredi,False,34,31,69,31,36.0,38.63,236,3,False,False,False,-0.7944973291665992,-0.6072676460566135,-0.433883739117558,-0.9009688679024191
2024-08-24,5,0,2024,8,24,5,Samedi,True,34,41,23,41,32.71,37.3,237,3,False,False,False,-0.8048257371083452,-0.593511190196115,-0.9749279121818236,-0.2225209339563146
2024-08-25,5,27,2024,8,25,6,Dimanche,True,34,0,28,0,32.57,37.13,238,3,False,False,False,-0.8149159841660791,-0.5795791048257612,-0.7818314824680299,0.6234898018587334
2024-08-26,5,46,2024,8,26,0,Lundi,False,35,27,39,27,33.57,37.93,239,3,False,False,True,-0.8247650844733614,-0.5654755126737576,0.0,1.0
2024-08-27,5,59,2024,8,27,1,Mardi,False,35,46,42,46,36.0,38.83,240,3,False,False,True,-0.8343701235229538,-0.5512045872199277,0.7818314824680298,0.6234898018587336
2024-08-28,5,34,2024,8,28,2,Mercredi,False,35,59,48,59,34.0,38.47,241,3,False,False,True,-0.8437282590292712,-0.5367705514607103,0.9749279121818236,-0.22252093395631434
2024-08-29,5,53,2024,8,29,3,Jeudi,False,35,34,31,34,37.14,38.93,242,3,False,False,True,-0.8528367217694595,-0.522177676659508,0.43388373911755823,-0.900968867902419
2024-08-30,5,59,2024,8,30,4,Vendredi,False,35,53,41,53,39.71,39.43,243,3,False,False,True,-0.8616928164028522,-0.5074302810827518,-0.433883739117558,-0.9009688679024191
2024-08-31,5,28,2024,8,31,5,Samedi,True,35,59,0,59,43.71,38.47,244,3,False,False,True,-0.8702939222685674,-0.49253272872205434,-0.9749279121818236,-0.2225209339563146
2024-09-01,5,18,2024,9,1,6,Dimanche,True,35,28,27,28,42.43,37.67,245,3,True,False,False,-0.8786374941610001,-0.4774894280028391,-0.7818314824680299,0.6234898018587334
2024-09-02,5,39,2024,9,2,0,Lundi,False,36,18,46,18,41.43,38.13,246,3,True,False,False,-0.886721063082993,-0.46230483047981086,0.0,1.0
2024-09-03,5,46,2024,9,3,1,Mardi,False,36,39,59,39,39.57,38.93,247,3,True,False,False,-0.8945422369764496,-0.4469834295196741,0.7818314824680298,0.6234898018587336
2024-09-04,5,48,2024,9,4,2,Mercredi,False,36,46,34,46,41.57,40.53,248,3,True,False,False,-0.9020987014301837,-0.43152975897147144,0.9749279121818236,-0.22252093395631434
2024-09-05,5,42,2024,9,5,3,Jeudi,False,36,48,53,48,40.0,40.3,249,3,True,False,False,-0.9093882203647925,-0.4159483918249421,0.43388373911755823,-0.900968867902419
2024-09-06,5,58,2024,9,6,4,Vendredi,False,36,42,59,42,39.86,40.93,250,3,False,False,False,-0.9164086366943458,-0.4002439388573056,-0.433883739117558,-0.9009688679024191
2024-09-07,5,31,2024,9,7,5,Samedi,True,36,58,28,58,40.29,40.53,251,3,False,False,False,-0.9231578729647039,-0.38442104726885545,-0.9749279121818236,-0.2225209339563146
2024-09-08,5,19,2024,9,8,6,Dimanche,True,36,31,18,31,40.43,39.23,252,3,False,False,False,-0.9296339319682695,-0.3684843993077793,-0.7818314824680299,0.6234898018587334
2024-09-09,5,44,2024,9,9,0,Lundi,False,37,19,39,19,41.14,39.97,253,3,False,False,False,-0.9358348973349941,-0.35243871088460327,0.0,1.0
2024-09-10,5,44,2024,9,10,1,Mardi,False,37,44,46,44,40.86,40.47,254,3,False,False,False,-0.9417589340994617,-0.33628873017668287,0.7818314824680298,0.6234898018587336
2024-09-11,5,36,2024,9,11,2,Mercredi,False,37,44,48,44,39.14,40.63,255,3,False,True,False,-0.9474042892438845,-0.32003923622313857,0.9749279121818236,-0.22252093395631434
2024-09-12,5,39,2024,9,12,3,Jeudi,False,37,36,42,36,38.71,40.13,256,3,False,True,False,-0.9527692922168511,-0.30369503751065885,0.43388373911755823,-0.900968867902419
2024-09-13,5,57,2024,9,13,4,Vendredi,False,37,39,58,39,38.57,40.23,257,3,False,True,False,-0.9578523554276669,-0.28726097055059635,-0.433883739117558,-0.9009688679024191
2024-09-14,5,20,2024,9,14,5,Samedi,True,37,57,31,57,37.0,38.93,258,3,False,True,False,-0.9626519747161487,-0.2707418984477642,-0.9749279121818236,-0.2225209339563146
2024-09-15,5,21,2024,9,15,6,Dimanche,True,37,20,19,20,37.29,37.33,259,3,False,True,False,-0.9671667297977312,-0.2541427094613622,-0.7818314824680299,0.6234898018587334
2024-09-16,5,40,2024,9,16,0,Lundi,False,38,21,44,21,36.71,37.9,260,3,False,True,False,-0.97139528468375,-0.23746831555846842,0.0,1.0
2024-09-17,5,35,2024,9,17,1,Mardi,False,38,40,44,40,35.43,38.13,261,3,False,True,False,-0.9753363880767837,-0.2207236509605022,0.7818314824680298,0.6234898018587336
2024-09-18,5,58,2024,9,18,2,Mercredi,False,38,35,36,35,38.57,38.77,262,3,False,True,False,-0.9789888737409319,-0.20391367068311472,0.9749279121818236,-0.22252093395631434
2024-09-19,5,52,2024,9,19,3,Jeudi,False,38,58,39,58,40.43,39.1,263,3,False,True,False,-0.9823516608469237,-0.18704334906991657,0.43388373911755823,-0.900968867902419
2024-09-20,5,59,2024,9,20,4,Vendredi,False,38,52,57,52,40.71,39.47,264,3,False,True,False,-0.9854237542919524,-0.17011767832049052,-0.433883739117558,-0.9009688679024191
2024-09-21,5,28,2024,9,21,5,Samedi,True,38,59,20,59,41.86,39.37,265,3,False,False,False,-0.9882042449941422,-0.15314166701312007,-0.9749279121818236,-0.2225209339563146
2024-09-22,5,27,2024,9,22,6,Dimanche,True,38,28,21,28,42.71,38.9,266,3,False,False,False,-0.9906923101615609,-0.13612033862266704,-0.7818314824680299,0.6234898018587334
2024-09-23,5,45,2024,9,23,0,Lundi,False,39,27,40,27,43.43,40.4,267,3,False,False,False,-0.9928872135356962,-0.11905873003404988,0.0,1.0
2024-09-24,5,51,2024,9,24,1,Mardi,False,39,45,35,45,45.71,41.2,268,3,False,False,False,-0.994788305609327,-0.10196189005174576,0.7818314824680298,0.6234898018587336
2024-09-25,5,49,2024,9,25,2,Mercredi,False,39,51,58,51,44.43,41.3,269,3,False,False,False,-0.9963950238187231,-0.08483487790576538,0.9749279121818236,-0.22252093395631434
2024-09-26,5,48,2024,9,26,3,Jeudi,False,39,49,52,49,43.86,40.93,270,3,False,False,True,-0.9977068927101168,-0.06768276175455162,0.43388373911755823,-0.900968867902419
2024-09-27,5,45,2024,9,27,4,Vendredi,False,39,48,59,48,41.86,41.3,271,3,False,False,True,-0.9987235240803972,-0.050510617185222886,-0.433883739117558,-0.9009688679024191
2024-09-28,5,20,2024,9,28,5,Samedi,True,39,45,28,45,40.71,40.2,272,3,False,False,True,-0.9994446170919858,-0.033323525711631344,-0.9749279121818236,-0.2225209339563146
2024-09-29,5,33,2024,9,29,6,Dimanche,True,39,20,27,20,41.57,39.33,273,3,False,False,True,-0.9998699583618592,-0.016126573270657762,-0.7818314824680299,0.6234898018587334
2024-09-30,5,39,2024,9,30,0,Lundi,False,40,33,45,33,40.71,39.7,274,3,False,False,True,-0.9999994220246925,0.001075151282798226,0.0,1.0
2024-10-01,5,49,2024,10,1,1,Mardi,False,40,39,51,39,40.43,40.73,275,4,True,False,False,-0.999832969770105,0.018276557681691223,0.7818314824680298,0.6234898018587336
2024-10-02,5,60,2024,10,2,2,Mercredi,False,40,49,49,49,42.0,41.43,276,4,True,False,False,-0.9993706508539969,0.03547255575312556,0.9749279121818236,-0.22252093395631434
2024-10-03,5,57,2024,10,3,3,Jeudi,False,40,60,48,60,43.29,41.8,277,4,True,False,False,-0.9986126020839734,0.052658056924614005,0.43388373911755823,-0.900968867902419
2024-10-04,5,46,2024,10,4,4,Vendredi,False,40,57,45,57,43.43,41.73,278,4,True,False,False,-0.9975590477788613,0.06982797572987089,-0.433883739117558,-0.9009688679024191
2024-10-05,5,23,2024,10,5,5,Samedi,True,40,46,20,46,43.86,41.1,279,4,True,False,False,-0.9962102997023297,0.0869772313136861,-0.9749279121818236,-0.2225209339563146
2024-10-06,5,18,2024,10,6,6,Dimanche,True,40,23,33,23,41.71,39.77,280,4,False,False,False,-0.9945667569706337,0.1041007489354256,-0.7818314824680299,0.6234898018587334
2024-10-07,5,34,2024,10,7,0,Lundi,False,41,18,39,18,41.0,39.87,281,4,False,False,False,-0.9926289059345095,0.121193461470736,0.0,1.0
2024-10-08,5,55,2024,10,8,1,Mardi,False,41,34,49,34,41.86,41.07,282,4,False,False,False,-0.9903973200352558,0.1382503109109819,0.7818314824680298,0.6234898018587336
2024-10-09,5,41,2024,10,9,2,Mercredi,False,41,55,60,55,39.14,40.97,283,4,False,False,False,-0.9878726596350429,0.15526624985999563,0.9749279121818236,-0.22252093395631434
2024-10-10,5,60,2024,10,10,3,Jeudi,False,41,41,57,41,39.57,41.5,284,4,False,False,False,-0.9850556718215013,0.172236243027682,0.43388373911755823,-0.900968867902419
2024-10-11,5,46,2024,10,11,4,Vendredi,False,41,60,46,60,39.57,41.83,285,4,False,True,False,-0.981947190186646,0.18915526872004093,-0.433883739117558,-0.9009688679024191
2024-10-12,5,28,2024,10,12,5,Samedi,True,41,46,23,46,40.29,41.47,286,4,False,True,False,-0.9785481345802031,0.20601832032517084,-0.9749279121818236,-0.2225209339563146
2024-10-13,5,27,2024,10,13,6,Dimanche,True,41,28,18,28,41.57,40.47,287,4,False,True,False,-0.9748595108374125,0.22282040779479959,-0.7818314824680299,0.6234898018587334
2024-10-14,5,59,2024,10,14,0,Lundi,False,42,27,34,27,45.14,41.77,288,4,False,True,False,-0.9708824104813836,0.23955655912092708,0.0,1.0
2024-10-15,5,0,2024,10,15,1,Mardi,False,42,59,55,59,37.29,41.07,289,4,False,True,False,-0.9666180104000972,0.2562218218071163,0.7818314824680298,0.6234898018587336
2024-10-16,5,54,2024,10,16,2,Mercredi,False,42,0,41,0,39.14,41.53,290,4,False,True,False,-0.9620675724981452,0.27281126433401914,0.9749279121818236,-0.22252093395631434
2024-10-17,5,49,2024,10,17,3,Jeudi,False,42,54,60,54,37.57,42.0,291,4,False,True,False,-0.957232443323312,0.28931997761869527,0.43388373911755823,-0.900968867902419
2024-10-18,5,56,2024,10,18,4,Vendredi,False,42,49,46,49,39.0,41.93,292,4,False,True,False,-0.9521140536681102,0.3057430764672831,-0.433883739117558,-0.9009688679024191
2024-10-19,5,18,2024,10,19,5,Samedi,True,42,56,28,56,37.57,40.8,293,4,False,True,False,-0.9467139181463862,0.3220757010206104,-0.9749279121818236,-0.2225209339563146
2024-10-20,5,27,2024,10,20,6,Dimanche,True,42,18,27,18,37.57,39.73,294,4,False,True,False,-0.9410336347451197,0.3383130181923076,-0.7818314824680299,0.6234898018587334
2024-10-21,5,0,2024,10,21,0,Lundi,False,43,27,59,27,29.14,38.8,295,4,False,False,False,-0.9350748843515574,0.3544502230989869,0.0,1.0
2024-10-22,5,52,2024,10,22,1,Mardi,False,43,0,0,0,36.57,39.63,296,4,False,False,False,-0.9288394302558068,0.3704825404820963,0.7818314824680298,0.6234898018587336
2024-10-23,5,53,2024,10,23,2,Mercredi,False,43,52,54,52,36.43,39.9,297,4,False,False,False,-0.9223291176290545,0.3864052261209853,0.9749279121818236,-0.22252093395631434
2024-10-24,5,44,2024,10,24,3,Jeudi,False,43,53,49,53,35.71,39.67,298,4,False,False,False,-0.9155458729775467,0.40221356823680365,0.43388373911755823,-0.900968867902419
2024-10-25,5,62,2024,10,25,4,Vendredi,False,43,44,56,44,36.57,40.1,299,4,False,False,False,-0.9084917035725082,0.41790288888678667,-0.433883739117558,-0.9009688679024191
2024-10-26,5,23,2024,10,26,5,Samedi,True,43,62,18,62,37.29,39.27,300,4,False,False,True,-0.9011686968561569,0.4334685453485363,-0.9749279121818236,-0.2225209339563146
2024-10-27,5,22,2024,10,27,6,Dimanche,True,43,23,27,23,36.57,38.5,301,4,False,False,True,-0.8935790198239952,0.4489059314938798,-0.7818314824680299,0.6234898018587334
2024-10-28,5,59,2024,10,28,0,Lundi,False,44,22,0,22,45.0,39.8,302,4,False,False,True,-0.8857249183835637,0.4642104791518923,0.0,1.0
2024-10-29,5,61,2024,10,29,1,Mardi,False,44,59,52,59,46.29,40.73,303,4,False,False,True,-0.8776087166898392,0.4793776594606945,0.7818314824680298,0.6234898018587336
2024-10-30,5,66,2024,10,30,2,Mercredi,False,44,61,53,61,48.14,41.63,304,4,False,False,True,-0.8692328164574792,0.49440298420761813,0.9749279121818236,-0.22252093395631434
2024-10-31,5,41,2024,10,31,3,Jeudi,False,44,66,44,66,47.71,41.37,305,4,False,False,True,-0.8605996962501181,0.5092820071573356,0.43388373911755823,-0.900968867902419
2024-11-01,5,58,2024,11,1,4,Vendredi,False,44,41,62,41,47.14,41.3,306,4,True,False,False,-0.8517119107469189,0.5240103253675756,-0.433883739117558,-0.9009688679024191
2024-11-02,5,0,2024,11,2,5,Samedi,True,44,58,23,58,43.86,39.4,307,4,True,False,False,-0.8425720899866032,0.5385835804920232,-0.9749279121818236,-0.2225209339563146
2024-11-03,5,31,2024,11,3,6,Dimanche,True,44,0,22,0,45.14,38.9,308,4,True,False,False,-0.8331829385891785,0.5529974600700271,-0.7818314824680299,0.6234898018587334
2024-11-04,5,40,2024,11,4,0,Lundi,False,45,31,59,31,42.43,39.47,309,4,True,False,False,-0.8235472349556007,0.5672476988027229,0.0,1.0
2024-11-05,5,52,2024,11,5,1,Mardi,False,45,40,61,40,41.14,40.6,310,4,True,False,False,-0.8136678304455991,0.5813300798152042,0.7818314824680298,0.6234898018587336
2024-11-06,5,64,2024,11,6,2,Mercredi,False,45,52,66,52,40.86,41.6,311,4,False,False,False,-0.8035476485339116,0.5952404359043674,0.9749279121818236,-0.22252093395631434
2024-11-07,5,60,2024,11,7,3,Jeudi,False,45,64,41,64,43.57,41.77,312,4,False,False,False,-0.7931896839451843,0.6089746507720486,0.43388373911755823,-0.900968867902419
2024-11-08,5,45,2024,11,8,4,Vendredi,False,45,60,58,60,41.71,41.9,313,4,False,False,False,-0.7825970017677834,0.6225286602431057,-0.433883739117558,-0.9009688679024191
2024-11-09,5,27,2024,11,9,5,Samedi,True,45,45,0,45,45.57,40.8,314,4,False,False,False,-0.7717727365467836,0.6358984534680745,-0.9749279121818236,-0.2225209339563146
2024-11-10,5,32,2024,11,10,6,Dimanche,True,45,27,31,27,45.71,40.33,315,4,False,False,False,-0.7607200913564104,0.6490800741100398,-0.7818314824680299,0.6234898018587334
2024-11-11,5,56,2024,11,11,0,Lundi,False,46,32,40,32,48.0,41.27,316,4,False,True,False,-0.7494423368521954,0.6620696215153815,0.0,1.0
2024-11-12,5,49,2024,11,12,1,Mardi,False,46,56,52,56,47.57,42.0,317,4,False,True,False,-0.7379428103031386,0.6748632518680403,0.7818314824680298,0.6234898018587336
2024-11-13,5,53,2024,11,13,2,Mercredi,False,46,49,64,49,46.0,41.8,318,4,False,True,False,-0.7262249146041543,0.6874571793269664,0.9749279121818236,-0.22252093395631434
2024-11-14,5,62,2024,11,14,3,Jeudi,False,46,53,60,53,46.29,43.87,319,4,False,True,False,-0.7142921172691032,0.699847677146407,0.43388373911755823,-0.900968867902419
2024-11-15,5,37,2024,11,15,4,Vendredi,False,46,62,45,62,45.14,43.3,320,4,False,True,False,-0.7021479494046978,0.7120310787787131,-0.433883739117558,-0.9009688679024191
2024-11-16,5,32,2024,11,16,5,Samedi,True,46,37,27,37,45.86,42.73,321,4,False,True,False,-0.6897960046655887,0.7240037789593305,-0.9749279121818236,-0.2225209339563146
2024-11-17,5,34,2024,11,17,6,Dimanche,True,46,32,32,32,46.14,42.0,322,4,False,True,False,-0.6772399381909491,0.7357622347736527,-0.7818314824680299,0.6234898018587334
2024-11-18,5,54,2024,11,18,0,Lundi,False,47,34,56,34,45.86,43.2,323,4,False,True,False,-0.6644834655228552,0.7473029667054296,0.0,1.0
2024-11-19,5,0,2024,11,19,1,Mardi,False,47,54,49,54,38.86,42.3,324,4,False,True,False,-0.6515303615068021,0.75862255966641,0.7818314824680298,0.6234898018587336
2024-11-20,5,51,2024,11,20,2,Mercredi,False,47,0,53,0,38.57,44.0,325,4,False,True,False,-0.6383844591746642,0.7697176640069211,0.9749279121818236,-0.22252093395631434
2024-11-21,5,56,2024,11,21,3,Jeudi,False,47,51,62,51,37.71,44.13,326,4,False,False,False,-0.6250496486104377,0.7805849965070866,0.43388373911755823,-0.900968867902419
2024-11-22,5,39,2024,11,22,4,Vendredi,False,47,56,37,56,38.0,43.67,327,4,False,False,False,-0.6115298757991053,0.7912213413483807,-0.433883739117558,-0.9009688679024191
2024-11-23,5,24,2024,11,23,5,Samedi,True,47,39,32,39,36.86,43.0,328,4,False,False,False,-0.5978291414589552,0.801623551065242,-0.9749279121818236,-0.2225209339563146
2024-11-24,5,24,2024,11,24,6,Dimanche,True,47,24,34,24,35.43,41.73,329,4,False,False,False,-0.5839514998576998,0.8117885474764613,-0.7818314824680299,0.6234898018587334
2024-11-25,5,51,2024,11,25,0,Lundi,False,48,24,54,24,35.0,42.67,330,4,False,False,False,-0.5699010576127624,0.8217133225960589,0.0,1.0
2024-11-26,5,0,2024,11,26,1,Mardi,False,48,51,0,51,35.0,41.93,331,4,False,False,True,-0.5556819724760489,0.8313949395234058,0.7818314824680298,0.6234898018587336
2024-11-27,5,45,2024,11,27,2,Mercredi,False,48,0,51,0,34.14,41.47,332,4,False,False,True,-0.5412984521036173,0.8408305333122887,0.9749279121818236,-0.22252093395631434
2024-11-28,5,27,2024,11,28,3,Jeudi,False,48,45,56,45,30.0,40.33,333,4,False,False,True,-0.5267547528105542,0.8500173118187018,0.43388373911755823,-0.900968867902419
2024-11-29,5,40,2024,11,29,4,Vendredi,False,48,27,39,27,30.14,39.47,334,4,False,False,True,-0.5120551783114646,0.8589525565270845,-0.433883739117558,-0.9009688679024191
2024-11-30,5,29,2024,11,30,5,Samedi,True,48,40,24,40,30.86,39.07,335,4,False,False,True,-0.4972040784469378,0.8676336233547726,-0.9749279121818236,-0.2225209339563146
