date_ligne_commande,id_article,ref_article,quantite
2024-01-01,1,REF001,16
2024-01-01,2,REF002,82
2024-01-01,3,REF003,67
2024-01-01,4,REF004,61
2024-01-01,4,REF004,56
2024-01-01,4,REF004,50
2024-01-01,5,REF005,19
2024-01-01,5,REF005,15
2024-01-01,5,REF005,21
2024-01-01,6,REF006,70
2024-01-01,6,REF006,62
2024-01-01,7,REF007,28
2024-01-01,7,REF007,89
2024-01-01,7,REF007,32
2024-01-01,9,REF009,46
2024-01-01,9,REF009,50
2024-01-01,9,REF009,41
2024-01-01,9,REF009,88
2024-01-01,10,REF010,45
2024-01-01,10,REF010,43
2024-01-01,10,REF010,18
2024-01-01,11,REF011,36
2024-01-01,13,REF013,7
2024-01-01,13,REF013,73
2024-01-01,14,REF014,96
2024-01-01,15,REF015,46
2024-01-01,15,REF015,77
2024-01-01,15,REF015,46
2024-01-01,16,REF016,3
2024-01-01,17,REF017,55
2024-01-01,18,REF018,35
2024-01-01,18,REF018,15
2024-01-01,18,REF018,81
2024-01-01,18,REF018,85
2024-01-01,20,REF020,64
2024-01-02,1,REF001,4
2024-01-02,1,REF001,91
2024-01-02,1,REF001,62
2024-01-02,2,REF002,46
2024-01-02,2,REF002,92
2024-01-02,2,REF002,25
2024-01-02,3,REF003,42
2024-01-02,3,REF003,45
2024-01-02,3,REF003,73
2024-01-02,3,REF003,94
2024-01-02,3,REF003,27
2024-01-02,4,REF004,89
2024-01-02,4,REF004,18
2024-01-02,4,REF004,84
2024-01-02,6,REF006,77
2024-01-02,7,REF007,13
2024-01-02,7,REF007,49
2024-01-02,7,REF007,75
2024-01-02,7,REF007,72
2024-01-02,7,REF007,96
2024-01-02,7,REF007,21
2024-01-02,9,REF009,51
2024-01-02,9,REF009,19
2024-01-02,9,REF009,36
2024-01-02,9,REF009,93
2024-01-02,9,REF009,33
2024-01-02,10,REF010,86
2024-01-02,11,REF011,80
2024-01-02,12,REF012,87
2024-01-02,12,REF012,40
2024-01-02,12,REF012,89
2024-01-02,12,REF012,97
2024-01-02,12,REF012,97
2024-01-02,12,REF012,41
2024-01-02,13,REF013,44
2024-01-02,13,REF013,67
2024-01-02,13,REF013,42
2024-01-02,13,REF013,30
2024-01-02,13,REF013,33
2024-01-02,14,REF014,4
2024-01-02,14,REF014,58
2024-01-02,14,REF014,66
2024-01-02,14,REF014,90
2024-01-02,15,REF015,1
2024-01-02,15,REF015,41
2024-01-02,15,REF015,13
2024-01-02,15,REF015,79
2024-01-02,15,REF015,97
2024-01-02,15,REF015,59
2024-01-02,16,REF016,92
2024-01-02,16,REF016,84
2024-01-02,16,REF016,21
2024-01-02,17,REF017,42
2024-01-02,17,REF017,52
2024-01-02,17,REF017,48
2024-01-02,17,REF017,63
2024-01-02,18,REF018,56
2024-01-02,18,REF018,35
2024-01-02,19,REF019,67
2024-01-02,19,REF019,75
2024-01-02,19,REF019,59
2024-01-02,20,REF020,65
2024-01-02,20,REF020,75
2024-01-02,20,REF020,57
2024-01-02,20,REF020,31
2024-01-02,20,REF020,55
2024-01-02,20,REF020,45
2024-01-03,1,REF001,42
2024-01-03,1,REF001,82
2024-01-03,1,REF001,28
2024-01-03,1,REF001,31
2024-01-03,1,REF001,25
2024-01-03,1,REF001,69
2024-01-03,1,REF001,60
2024-01-03,2,REF002,88
2024-01-03,2,REF002,88
2024-01-03,3,REF003,20
2024-01-03,3,REF003,5
2024-01-03,3,REF003,81
2024-01-03,3,REF003,25
2024-01-03,3,REF003,9
2024-01-03,3,REF003,18
2024-01-03,3,REF003,67
2024-01-03,4,REF004,6
2024-01-03,4,REF004,61
2024-01-03,4,REF004,32
2024-01-03,4,REF004,66
2024-01-03,4,REF004,13
2024-01-03,5,REF005,69
2024-01-03,6,REF006,11
2024-01-03,6,REF006,66
2024-01-03,7,REF007,35
2024-01-03,7,REF007,31
2024-01-03,7,REF007,5
2024-01-03,8,REF008,99
2024-01-03,8,REF008,10
2024-01-03,8,REF008,98
2024-01-03,8,REF008,30
2024-01-03,9,REF009,46
2024-01-03,9,REF009,12
2024-01-03,9,REF009,27
2024-01-03,9,REF009,9
2024-01-03,10,REF010,98
2024-01-03,10,REF010,41
2024-01-03,10,REF010,9
2024-01-03,10,REF010,36
2024-01-03,10,REF010,67
2024-01-03,11,REF011,5
2024-01-03,11,REF011,28
2024-01-03,11,REF011,36
2024-01-03,11,REF011,36
2024-01-03,12,REF012,92
2024-01-03,13,REF013,60
2024-01-03,14,REF014,55
2024-01-03,15,REF015,6
2024-01-03,15,REF015,39
2024-01-03,16,REF016,95
2024-01-03,16,REF016,10
2024-01-03,16,REF016,58
2024-01-03,17,REF017,30
2024-01-03,17,REF017,51
2024-01-03,17,REF017,19
2024-01-03,17,REF017,48
2024-01-03,18,REF018,18
2024-01-03,18,REF018,30
2024-01-03,19,REF019,97
2024-01-03,19,REF019,71
2024-01-03,20,REF020,8
2024-01-03,20,REF020,54
2024-01-03,20,REF020,22
2024-01-04,1,REF001,44
2024-01-04,2,REF002,28
2024-01-04,2,REF002,49
2024-01-04,2,REF002,96
2024-01-04,2,REF002,61
2024-01-04,3,REF003,33
2024-01-04,3,REF003,86
2024-01-04,4,REF004,39
2024-01-04,4,REF004,63
2024-01-04,5,REF005,9
2024-01-04,5,REF005,66
2024-01-04,6,REF006,72
2024-01-04,6,REF006,99
2024-01-04,7,REF007,69
2024-01-04,8,REF008,33
2024-01-04,8,REF008,83
2024-01-04,8,REF008,43
2024-01-04,9,REF009,74
2024-01-04,10,REF010,61
2024-01-04,10,REF010,99
2024-01-04,12,REF012,36
2024-01-04,12,REF012,86
2024-01-04,12,REF012,40
2024-01-04,12,REF012,5
2024-01-04,12,REF012,3
2024-01-04,13,REF013,44
2024-01-04,14,REF014,77
2024-01-04,14,REF014,42
2024-01-04,14,REF014,68
2024-01-04,15,REF015,79
2024-01-04,15,REF015,41
2024-01-04,15,REF015,62
2024-01-04,15,REF015,77
2024-01-04,15,REF015,98
2024-01-04,15,REF015,61
2024-01-04,16,REF016,30
2024-01-04,16,REF016,30
2024-01-04,16,REF016,14
2024-01-04,16,REF016,55
2024-01-04,17,REF017,93
2024-01-04,17,REF017,91
2024-01-04,17,REF017,83
2024-01-04,17,REF017,50
2024-01-04,18,REF018,63
2024-01-04,18,REF018,28
2024-01-04,19,REF019,32
2024-01-04,19,REF019,23
2024-01-04,20,REF020,73
2024-01-05,1,REF001,49
2024-01-05,1,REF001,38
2024-01-05,1,REF001,57
2024-01-05,2,REF002,48
2024-01-05,3,REF003,80
2024-01-05,3,REF003,4
2024-01-05,3,REF003,23
2024-01-05,4,REF004,28
2024-01-05,4,REF004,4
2024-01-05,5,REF005,14
2024-01-05,5,REF005,42
2024-01-05,6,REF006,33
2024-01-05,6,REF006,81
2024-01-05,7,REF007,76
2024-01-05,7,REF007,37
2024-01-05,8,REF008,18
2024-01-05,8,REF008,100
2024-01-05,9,REF009,26
2024-01-05,9,REF009,64
2024-01-05,9,REF009,26
2024-01-05,10,REF010,12
2024-01-05,10,REF010,55
2024-01-05,11,REF011,62
2024-01-05,11,REF011,34
2024-01-05,11,REF011,32
2024-01-05,11,REF011,65
2024-01-05,12,REF012,48
2024-01-05,12,REF012,14
2024-01-05,12,REF012,28
2024-01-05,13,REF013,90
2024-01-05,13,REF013,93
2024-01-05,14,REF014,35
2024-01-05,15,REF015,17
2024-01-05,15,REF015,57
2024-01-05,16,REF016,64
2024-01-05,16,REF016,29
2024-01-05,16,REF016,78
2024-01-05,16,REF016,49
2024-01-05,17,REF017,49
2024-01-05,17,REF017,37
2024-01-05,17,REF017,34
2024-01-05,18,REF018,88
2024-01-05,18,REF018,40
2024-01-05,20,REF020,48
2024-01-05,20,REF020,19
2024-01-05,20,REF020,100
2024-01-05,20,REF020,80
2024-01-05,20,REF020,4
2024-01-05,20,REF020,8
2024-01-05,20,REF020,88
2024-01-05,20,REF020,31
2024-01-05,20,REF020,94
2024-01-06,1,REF001,79
2024-01-06,1,REF001,18
2024-01-06,1,REF001,20
2024-01-06,1,REF001,33
2024-01-06,2,REF002,21
2024-01-06,2,REF002,83
2024-01-06,4,REF004,1
2024-01-06,4,REF004,75
2024-01-06,5,REF005,44
2024-01-06,5,REF005,32
2024-01-06,5,REF005,75
2024-01-06,5,REF005,70
2024-01-06,5,REF005,6
2024-01-06,6,REF006,46
2024-01-06,6,REF006,26
2024-01-06,7,REF007,7
2024-01-06,7,REF007,21
2024-01-06,7,REF007,68
2024-01-06,8,REF008,90
2024-01-06,8,REF008,63
2024-01-06,9,REF009,98
2024-01-06,10,REF010,98
2024-01-06,11,REF011,32
2024-01-06,11,REF011,57
2024-01-06,11,REF011,5
2024-01-06,11,REF011,44
2024-01-06,11,REF011,100
2024-01-06,11,REF011,10
2024-01-06,12,REF012,56
2024-01-06,12,REF012,74
2024-01-06,12,REF012,29
2024-01-06,12,REF012,54
2024-01-06,12,REF012,7
2024-01-06,12,REF012,2
2024-01-06,12,REF012,27
2024-01-06,14,REF014,18
2024-01-06,14,REF014,59
2024-01-06,14,REF014,42
2024-01-06,14,REF014,63
2024-01-06,15,REF015,20
2024-01-06,15,REF015,47
2024-01-06,15,REF015,13
2024-01-06,15,REF015,7
2024-01-06,16,REF016,97
2024-01-06,16,REF016,91
2024-01-06,16,REF016,52
2024-01-06,16,REF016,49
2024-01-06,16,REF016,90
2024-01-06,17,REF017,44
2024-01-06,17,REF017,51
2024-01-06,17,REF017,31
2024-01-06,17,REF017,29
2024-01-06,18,REF018,40
2024-01-06,18,REF018,23
2024-01-06,19,REF019,41
2024-01-06,19,REF019,4
2024-01-06,19,REF019,77
2024-01-06,19,REF019,37
2024-01-06,20,REF020,4
2024-01-06,20,REF020,26
2024-01-06,20,REF020,43
2024-01-07,1,REF001,84
2024-01-07,1,REF001,9
2024-01-07,2,REF002,62
2024-01-07,2,REF002,30
2024-01-07,2,REF002,54
2024-01-07,2,REF002,100
2024-01-07,2,REF002,21
2024-01-07,3,REF003,7
2024-01-07,3,REF003,67
2024-01-07,3,REF003,46
2024-01-07,4,REF004,5
2024-01-07,4,REF004,78
2024-01-07,4,REF004,18
2024-01-07,5,REF005,14
2024-01-07,5,REF005,91
2024-01-07,5,REF005,16
2024-01-07,5,REF005,66
2024-01-07,6,REF006,92
2024-01-07,6,REF006,39
2024-01-07,6,REF006,45
2024-01-07,7,REF007,98
2024-01-07,7,REF007,37
2024-01-07,7,REF007,47
2024-01-07,7,REF007,7
2024-01-07,7,REF007,48
2024-01-07,7,REF007,2
2024-01-07,9,REF009,77
2024-01-07,10,REF010,31
2024-01-07,10,REF010,92
2024-01-07,10,REF010,72
2024-01-07,10,REF010,7
2024-01-07,10,REF010,35
2024-01-07,10,REF010,88
2024-01-07,10,REF010,35
2024-01-07,11,REF011,23
2024-01-07,11,REF011,67
2024-01-07,11,REF011,40
2024-01-07,11,REF011,49
2024-01-07,12,REF012,50
2024-01-07,12,REF012,73
2024-01-07,12,REF012,82
2024-01-07,13,REF013,31
2024-01-07,13,REF013,99
2024-01-07,13,REF013,95
2024-01-07,13,REF013,50
2024-01-07,14,REF014,36
2024-01-07,14,REF014,13
2024-01-07,14,REF014,38
2024-01-07,15,REF015,40
2024-01-07,15,REF015,74
2024-01-07,15,REF015,100
2024-01-07,16,REF016,89
2024-01-07,16,REF016,61
2024-01-07,16,REF016,1
2024-01-07,16,REF016,70
2024-01-07,16,REF016,20
2024-01-07,16,REF016,2
2024-01-07,18,REF018,33
2024-01-07,18,REF018,80
2024-01-07,18,REF018,96
2024-01-07,19,REF019,45
2024-01-07,19,REF019,45
2024-01-07,19,REF019,25
2024-01-07,20,REF020,13
2024-01-07,20,REF020,90
2024-01-07,20,REF020,88
2024-01-07,20,REF020,10
2024-01-07,20,REF020,8
2024-01-08,1,REF001,72
2024-01-08,1,REF001,14
2024-01-08,2,REF002,89
2024-01-08,3,REF003,52
2024-01-08,4,REF004,73
2024-01-08,5,REF005,34
2024-01-08,5,REF005,73
2024-01-08,5,REF005,99
2024-01-08,6,REF006,11
2024-01-08,6,REF006,10
2024-01-08,6,REF006,16
2024-01-08,7,REF007,82
2024-01-08,7,REF007,17
2024-01-08,8,REF008,73
2024-01-08,8,REF008,50
2024-01-08,8,REF008,58
2024-01-08,9,REF009,80
2024-01-08,9,REF009,85
2024-01-08,10,REF010,34
2024-01-08,11,REF011,37
2024-01-08,12,REF012,75
2024-01-08,12,REF012,63
2024-01-08,13,REF013,34
2024-01-08,13,REF013,100
2024-01-08,14,REF014,31
2024-01-08,14,REF014,21
2024-01-08,15,REF015,3
2024-01-08,15,REF015,32
2024-01-08,15,REF015,67
2024-01-08,16,REF016,21
2024-01-08,16,REF016,16
2024-01-08,17,REF017,96
2024-01-08,18,REF018,76
2024-01-08,18,REF018,16
2024-01-08,19,REF019,49
2024-01-08,19,REF019,40
2024-01-08,20,REF020,73
2024-01-08,20,REF020,10
2024-01-09,1,REF001,97
2024-01-09,1,REF001,68
2024-01-09,1,REF001,71
2024-01-09,1,REF001,82
2024-01-09,2,REF002,16
2024-01-09,2,REF002,51
2024-01-09,2,REF002,50
2024-01-09,2,REF002,47
2024-01-09,2,REF002,66
2024-01-09,3,REF003,25
2024-01-09,3,REF003,22
2024-01-09,3,REF003,88
2024-01-09,4,REF004,3
2024-01-09,4,REF004,49
2024-01-09,4,REF004,87
2024-01-09,4,REF004,40
2024-01-09,4,REF004,9
2024-01-09,5,REF005,32
2024-01-09,5,REF005,88
2024-01-09,6,REF006,10
2024-01-09,6,REF006,77
2024-01-09,6,REF006,15
2024-01-09,7,REF007,27
2024-01-09,7,REF007,40
2024-01-09,7,REF007,52
2024-01-09,8,REF008,91
2024-01-09,8,REF008,62
2024-01-09,8,REF008,80
2024-01-09,10,REF010,94
2024-01-09,10,REF010,51
2024-01-09,11,REF011,4
2024-01-09,11,REF011,93
2024-01-09,11,REF011,46
2024-01-09,11,REF011,81
2024-01-09,13,REF013,91
2024-01-09,13,REF013,10
2024-01-09,13,REF013,6
2024-01-09,13,REF013,97
2024-01-09,13,REF013,30
2024-01-09,14,REF014,55
2024-01-09,14,REF014,97
2024-01-09,14,REF014,12
2024-01-09,15,REF015,50
2024-01-09,15,REF015,90
2024-01-09,16,REF016,70
2024-01-09,16,REF016,77
2024-01-09,16,REF016,45
2024-01-09,16,REF016,29
2024-01-09,17,REF017,97
2024-01-09,17,REF017,53
2024-01-09,17,REF017,1
2024-01-09,18,REF018,60
2024-01-09,19,REF019,52
2024-01-09,19,REF019,18
2024-01-09,19,REF019,19
2024-01-09,20,REF020,70
2024-01-09,20,REF020,55
2024-01-09,20,REF020,78
2024-01-09,20,REF020,47
2024-01-09,20,REF020,1
2024-01-09,20,REF020,77
2024-01-10,1,REF001,59
2024-01-10,2,REF002,76
2024-01-10,2,REF002,92
2024-01-10,2,REF002,30
2024-01-10,3,REF003,82
2024-01-10,3,REF003,53
2024-01-10,3,REF003,36
2024-01-10,3,REF003,67
2024-01-10,4,REF004,34
2024-01-10,5,REF005,79
2024-01-10,5,REF005,50
2024-01-10,6,REF006,29
2024-01-10,6,REF006,37
2024-01-10,7,REF007,96
2024-01-10,7,REF007,6
2024-01-10,8,REF008,27
2024-01-10,8,REF008,7
2024-01-10,9,REF009,33
2024-01-10,9,REF009,25
2024-01-10,9,REF009,76
2024-01-10,10,REF010,21
2024-01-10,11,REF011,46
2024-01-10,11,REF011,39
2024-01-10,12,REF012,12
2024-01-10,12,REF012,63
2024-01-10,12,REF012,58
2024-01-10,12,REF012,91
2024-01-10,12,REF012,93
2024-01-10,12,REF012,71
2024-01-10,12,REF012,40
2024-01-10,13,REF013,34
2024-01-10,13,REF013,71
2024-01-10,13,REF013,35
2024-01-10,13,REF013,34
2024-01-10,13,REF013,70
2024-01-10,14,REF014,45
2024-01-10,14,REF014,86
2024-01-10,14,REF014,36
2024-01-10,14,REF014,85
2024-01-10,15,REF015,75
2024-01-10,15,REF015,19
2024-01-10,15,REF015,16
2024-01-10,16,REF016,29
2024-01-10,17,REF017,96
2024-01-10,18,REF018,30
2024-01-10,18,REF018,74
2024-01-10,18,REF018,60
2024-01-10,19,REF019,39
2024-01-10,19,REF019,46
2024-01-10,20,REF020,87
2024-01-10,20,REF020,22
2024-01-11,1,REF001,26
2024-01-11,1,REF001,21
2024-01-11,2,REF002,9
2024-01-11,2,REF002,12
2024-01-11,2,REF002,75
2024-01-11,2,REF002,99
2024-01-11,3,REF003,15
2024-01-11,4,REF004,54
2024-01-11,4,REF004,33
2024-01-11,4,REF004,6
2024-01-11,5,REF005,41
2024-01-11,5,REF005,89
2024-01-11,5,REF005,7
2024-01-11,5,REF005,6
2024-01-11,5,REF005,81
2024-01-11,6,REF006,34
2024-01-11,6,REF006,7
2024-01-11,6,REF006,50
2024-01-11,6,REF006,52
2024-01-11,6,REF006,1
2024-01-11,6,REF006,35
2024-01-11,7,REF007,70
2024-01-11,7,REF007,25
2024-01-11,8,REF008,31
2024-01-11,8,REF008,73
2024-01-11,8,REF008,98
2024-01-11,8,REF008,45
2024-01-11,9,REF009,48
2024-01-11,9,REF009,95
2024-01-11,9,REF009,3
2024-01-11,9,REF009,99
2024-01-11,9,REF009,26
2024-01-11,10,REF010,95
2024-01-11,10,REF010,88
2024-01-11,11,REF011,90
2024-01-11,11,REF011,59
2024-01-11,11,REF011,7
2024-01-11,12,REF012,98
2024-01-11,12,REF012,2
2024-01-11,13,REF013,59
2024-01-11,13,REF013,90
2024-01-11,14,REF014,62
2024-01-11,14,REF014,16
2024-01-11,14,REF014,36
2024-01-11,14,REF014,50
2024-01-11,15,REF015,100
2024-01-11,15,REF015,70
2024-01-11,15,REF015,43
2024-01-11,15,REF015,96
2024-01-11,15,REF015,55
2024-01-11,16,REF016,95
2024-01-11,17,REF017,34
2024-01-11,17,REF017,22
2024-01-11,17,REF017,96
2024-01-11,17,REF017,84
2024-01-11,17,REF017,6
2024-01-11,17,REF017,32
2024-01-11,18,REF018,4
2024-01-11,19,REF019,43
2024-01-11,19,REF019,10
2024-01-11,19,REF019,24
2024-01-11,20,REF020,81
2024-01-12,1,REF001,21
2024-01-12,1,REF001,50
2024-01-12,1,REF001,80
2024-01-12,1,REF001,42
2024-01-12,2,REF002,5
2024-01-12,3,REF003,9
2024-01-12,3,REF003,34
2024-01-12,3,REF003,41
2024-01-12,3,REF003,59
2024-01-12,4,REF004,25
2024-01-12,4,REF004,72
2024-01-12,5,REF005,78
2024-01-12,5,REF005,51
2024-01-12,5,REF005,74
2024-01-12,5,REF005,71
2024-01-12,6,REF006,88
2024-01-12,6,REF006,66
2024-01-12,7,REF007,24
2024-01-12,8,REF008,22
2024-01-12,8,REF008,48
2024-01-12,8,REF008,97
2024-01-12,8,REF008,67
2024-01-12,9,REF009,77
2024-01-12,10,REF010,10
2024-01-12,10,REF010,60
2024-01-12,10,REF010,49
2024-01-12,10,REF010,55
2024-01-12,10,REF010,86
2024-01-12,11,REF011,64
2024-01-12,11,REF011,38
2024-01-12,11,REF011,90
2024-01-12,11,REF011,24
2024-01-12,12,REF012,13
2024-01-12,12,REF012,87
2024-01-12,12,REF012,55
2024-01-12,12,REF012,47
2024-01-12,12,REF012,91
2024-01-12,12,REF012,29
2024-01-12,13,REF013,55
2024-01-12,13,REF013,52
2024-01-12,13,REF013,100
2024-01-12,13,REF013,36
2024-01-12,14,REF014,41
2024-01-12,14,REF014,88
2024-01-12,14,REF014,33
2024-01-12,15,REF015,22
2024-01-12,15,REF015,9
2024-01-12,15,REF015,100
2024-01-12,16,REF016,82
2024-01-12,16,REF016,95
2024-01-12,17,REF017,59
2024-01-12,17,REF017,38
2024-01-12,18,REF018,39
2024-01-12,18,REF018,68
2024-01-12,18,REF018,30
2024-01-12,18,REF018,58
2024-01-12,19,REF019,3
2024-01-12,19,REF019,72
2024-01-12,19,REF019,89
2024-01-12,20,REF020,74
2024-01-12,20,REF020,1
2024-01-13,1,REF001,99
2024-01-13,1,REF001,60
2024-01-13,2,REF002,98
2024-01-13,2,REF002,38
2024-01-13,2,REF002,89
2024-01-13,2,REF002,37
2024-01-13,2,REF002,48
2024-01-13,3,REF003,100
2024-01-13,3,REF003,13
2024-01-13,3,REF003,82
2024-01-13,3,REF003,83
2024-01-13,4,REF004,41
2024-01-13,4,REF004,51
2024-01-13,4,REF004,44
2024-01-13,5,REF005,69
2024-01-13,5,REF005,14
2024-01-13,5,REF005,65
2024-01-13,7,REF007,34
2024-01-13,7,REF007,19
2024-01-13,7,REF007,57
2024-01-13,8,REF008,84
2024-01-13,8,REF008,8
2024-01-13,10,REF010,89
2024-01-13,10,REF010,72
2024-01-13,10,REF010,21
2024-01-13,10,REF010,19
2024-01-13,11,REF011,46
2024-01-13,11,REF011,59
2024-01-13,11,REF011,19
2024-01-13,12,REF012,65
2024-01-13,13,REF013,71
2024-01-13,13,REF013,86
2024-01-13,13,REF013,85
2024-01-13,13,REF013,8
2024-01-13,14,REF014,13
2024-01-13,14,REF014,17
2024-01-13,14,REF014,85
2024-01-13,15,REF015,18
2024-01-13,15,REF015,24
2024-01-13,15,REF015,99
2024-01-13,15,REF015,44
2024-01-13,15,REF015,99
2024-01-13,16,REF016,82
2024-01-13,16,REF016,76
2024-01-13,17,REF017,22
2024-01-13,17,REF017,77
2024-01-13,18,REF018,56
2024-01-13,18,REF018,78
2024-01-13,19,REF019,57
2024-01-13,19,REF019,64
2024-01-13,19,REF019,16
2024-01-13,19,REF019,67
2024-01-13,20,REF020,55
2024-01-13,20,REF020,27
2024-01-13,20,REF020,50
2024-01-14,1,REF001,70
2024-01-14,1,REF001,25
2024-01-14,1,REF001,2
2024-01-14,1,REF001,14
2024-01-14,2,REF002,50
2024-01-14,2,REF002,28
2024-01-14,3,REF003,59
2024-01-14,3,REF003,17
2024-01-14,3,REF003,22
2024-01-14,3,REF003,64
2024-01-14,4,REF004,65
2024-01-14,4,REF004,14
2024-01-14,4,REF004,11
2024-01-14,5,REF005,51
2024-01-14,5,REF005,11
2024-01-14,5,REF005,85
2024-01-14,5,REF005,2
2024-01-14,6,REF006,43
2024-01-14,6,REF006,42
2024-01-14,6,REF006,40
2024-01-14,6,REF006,61
2024-01-14,7,REF007,11
2024-01-14,7,REF007,61
2024-01-14,7,REF007,38
2024-01-14,8,REF008,29
2024-01-14,9,REF009,25
2024-01-14,10,REF010,69
2024-01-14,10,REF010,57
2024-01-14,10,REF010,8
2024-01-14,12,REF012,47
2024-01-14,13,REF013,23
2024-01-14,13,REF013,90
2024-01-14,13,REF013,84
2024-01-14,14,REF014,41
2024-01-14,14,REF014,72
2024-01-14,16,REF016,77
2024-01-14,16,REF016,94
2024-01-14,16,REF016,50
2024-01-14,16,REF016,7
2024-01-14,17,REF017,36
2024-01-14,17,REF017,26
2024-01-14,17,REF017,41
2024-01-14,17,REF017,69
2024-01-14,18,REF018,52
2024-01-14,18,REF018,29
2024-01-14,18,REF018,86
2024-01-14,18,REF018,64
2024-01-14,19,REF019,16
2024-01-14,19,REF019,29
2024-01-14,20,REF020,33
2024-01-14,20,REF020,24
2024-01-15,1,REF001,86
2024-01-15,1,REF001,90
2024-01-15,1,REF001,26
2024-01-15,1,REF001,88
2024-01-15,2,REF002,43
2024-01-15,2,REF002,92
2024-01-15,3,REF003,28
2024-01-15,3,REF003,52
2024-01-15,4,REF004,50
2024-01-15,4,REF004,42
2024-01-15,5,REF005,5
2024-01-15,6,REF006,52
2024-01-15,6,REF006,20
2024-01-15,7,REF007,72
2024-01-15,7,REF007,76
2024-01-15,8,REF008,63
2024-01-15,8,REF008,71
2024-01-15,8,REF008,79
2024-01-15,8,REF008,18
2024-01-15,8,REF008,31
2024-01-15,9,REF009,96
2024-01-15,10,REF010,5
2024-01-15,11,REF011,21
2024-01-15,11,REF011,50
2024-01-15,11,REF011,65
2024-01-15,11,REF011,68
2024-01-15,11,REF011,76
2024-01-15,12,REF012,100
2024-01-15,12,REF012,82
2024-01-15,12,REF012,42
2024-01-15,12,REF012,74
2024-01-15,13,REF013,48
2024-01-15,13,REF013,48
2024-01-15,14,REF014,46
2024-01-15,14,REF014,72
2024-01-15,15,REF015,75
2024-01-15,15,REF015,48
2024-01-15,17,REF017,86
2024-01-15,17,REF017,69
2024-01-15,17,REF017,76
2024-01-15,17,REF017,50
2024-01-15,18,REF018,16
2024-01-15,18,REF018,62
2024-01-15,19,REF019,58
2024-01-15,19,REF019,57
2024-01-15,19,REF019,99
2024-01-15,20,REF020,3
2024-01-16,1,REF001,65
2024-01-16,1,REF001,67
2024-01-16,1,REF001,14
2024-01-16,1,REF001,48
2024-01-16,2,REF002,41
2024-01-16,2,REF002,98
2024-01-16,2,REF002,99
2024-01-16,4,REF004,97
2024-01-16,4,REF004,38
2024-01-16,4,REF004,86
2024-01-16,4,REF004,3
2024-01-16,4,REF004,78
2024-01-16,5,REF005,29
2024-01-16,5,REF005,5
2024-01-16,5,REF005,88
2024-01-16,5,REF005,39
2024-01-16,6,REF006,68
2024-01-16,6,REF006,11
2024-01-16,6,REF006,100
2024-01-16,7,REF007,98
2024-01-16,7,REF007,9
2024-01-16,7,REF007,77
2024-01-16,7,REF007,43
2024-01-16,8,REF008,97
2024-01-16,8,REF008,16
2024-01-16,9,REF009,19
2024-01-16,10,REF010,76
2024-01-16,10,REF010,50
2024-01-16,11,REF011,18
2024-01-16,11,REF011,37
2024-01-16,12,REF012,62
2024-01-16,12,REF012,56
2024-01-16,12,REF012,87
2024-01-16,12,REF012,50
2024-01-16,12,REF012,65
2024-01-16,12,REF012,7
2024-01-16,13,REF013,69
2024-01-16,13,REF013,43
2024-01-16,13,REF013,5
2024-01-16,13,REF013,2
2024-01-16,14,REF014,16
2024-01-16,15,REF015,31
2024-01-16,15,REF015,33
2024-01-16,15,REF015,31
2024-01-16,16,REF016,39
2024-01-16,16,REF016,28
2024-01-16,17,REF017,93
2024-01-16,17,REF017,32
2024-01-16,17,REF017,95
2024-01-16,17,REF017,54
2024-01-16,17,REF017,14
2024-01-16,18,REF018,68
2024-01-16,19,REF019,55
2024-01-16,19,REF019,48
2024-01-16,19,REF019,21
2024-01-16,20,REF020,26
2024-01-16,20,REF020,59
2024-01-16,20,REF020,95
2024-01-16,20,REF020,97
2024-01-16,20,REF020,36
2024-01-16,20,REF020,8
2024-01-16,20,REF020,48
2024-01-16,20,REF020,93
2024-01-17,2,REF002,27
2024-01-17,2,REF002,56
2024-01-17,2,REF002,57
2024-01-17,3,REF003,50
2024-01-17,3,REF003,6
2024-01-17,3,REF003,27
2024-01-17,3,REF003,94
2024-01-17,3,REF003,49
2024-01-17,3,REF003,53
2024-01-17,4,REF004,28
2024-01-17,4,REF004,86
2024-01-17,4,REF004,99
2024-01-17,5,REF005,80
2024-01-17,5,REF005,43
2024-01-17,5,REF005,73
2024-01-17,5,REF005,18
2024-01-17,5,REF005,84
2024-01-17,5,REF005,75
2024-01-17,5,REF005,87
2024-01-17,6,REF006,60
2024-01-17,6,REF006,26
2024-01-17,6,REF006,57
2024-01-17,6,REF006,70
2024-01-17,6,REF006,22
2024-01-17,6,REF006,48
2024-01-17,7,REF007,52
2024-01-17,7,REF007,79
2024-01-17,8,REF008,14
2024-01-17,8,REF008,53
2024-01-17,9,REF009,44
2024-01-17,9,REF009,23
2024-01-17,10,REF010,41
2024-01-17,10,REF010,14
2024-01-17,10,REF010,1
2024-01-17,10,REF010,86
2024-01-17,10,REF010,83
2024-01-17,11,REF011,79
2024-01-17,11,REF011,31
2024-01-17,11,REF011,82
2024-01-17,13,REF013,95
2024-01-17,13,REF013,68
2024-01-17,13,REF013,2
2024-01-17,13,REF013,71
2024-01-17,13,REF013,96
2024-01-17,14,REF014,35
2024-01-17,14,REF014,95
2024-01-17,15,REF015,57
2024-01-17,15,REF015,56
2024-01-17,15,REF015,27
2024-01-17,15,REF015,43
2024-01-17,16,REF016,68
2024-01-17,16,REF016,5
2024-01-17,16,REF016,16
2024-01-17,17,REF017,18
2024-01-17,18,REF018,100
2024-01-17,18,REF018,33
2024-01-17,18,REF018,81
2024-01-17,18,REF018,36
2024-01-17,18,REF018,8
2024-01-17,19,REF019,78
2024-01-17,20,REF020,49
2024-01-17,20,REF020,93
2024-01-17,20,REF020,83
2024-01-18,1,REF001,13
2024-01-18,1,REF001,84
2024-01-18,2,REF002,8
2024-01-18,3,REF003,82
2024-01-18,3,REF003,60
2024-01-18,3,REF003,6
2024-01-18,4,REF004,97
2024-01-18,4,REF004,19
2024-01-18,5,REF005,76
2024-01-18,5,REF005,46
2024-01-18,6,REF006,37
2024-01-18,6,REF006,5
2024-01-18,6,REF006,36
2024-01-18,7,REF007,30
2024-01-18,7,REF007,15
2024-01-18,8,REF008,31
2024-01-18,8,REF008,75
2024-01-18,9,REF009,98
2024-01-18,9,REF009,29
2024-01-18,9,REF009,1
2024-01-18,10,REF010,76
2024-01-18,10,REF010,52
2024-01-18,10,REF010,86
2024-01-18,10,REF010,22
2024-01-18,11,REF011,56
2024-01-18,11,REF011,12
2024-01-18,12,REF012,67
2024-01-18,12,REF012,10
2024-01-18,12,REF012,17
2024-01-18,13,REF013,41
2024-01-18,13,REF013,97
2024-01-18,13,REF013,76
2024-01-18,13,REF013,82
2024-01-18,14,REF014,2
2024-01-18,15,REF015,12
2024-01-18,16,REF016,95
2024-01-18,16,REF016,16
2024-01-18,16,REF016,87
2024-01-18,17,REF017,81
2024-01-18,17,REF017,97
2024-01-18,17,REF017,84
2024-01-18,17,REF017,68
2024-01-18,18,REF018,7
2024-01-18,18,REF018,91
2024-01-18,18,REF018,84
2024-01-18,19,REF019,51
2024-01-18,19,REF019,37
2024-01-18,20,REF020,32
2024-01-18,20,REF020,64
2024-01-18,20,REF020,48
2024-01-18,20,REF020,96
2024-01-18,20,REF020,5
2024-01-18,20,REF020,6
2024-01-19,1,REF001,13
2024-01-19,1,REF001,82
2024-01-19,1,REF001,11
2024-01-19,1,REF001,71
2024-01-19,1,REF001,20
2024-01-19,2,REF002,77
2024-01-19,2,REF002,50
2024-01-19,2,REF002,86
2024-01-19,3,REF003,21
2024-01-19,3,REF003,4
2024-01-19,3,REF003,52
2024-01-19,3,REF003,41
2024-01-19,3,REF003,100
2024-01-19,3,REF003,9
2024-01-19,4,REF004,92
2024-01-19,4,REF004,4
2024-01-19,4,REF004,47
2024-01-19,5,REF005,78
2024-01-19,5,REF005,11
2024-01-19,5,REF005,20
2024-01-19,5,REF005,51
2024-01-19,6,REF006,11
2024-01-19,6,REF006,28
2024-01-19,6,REF006,35
2024-01-19,6,REF006,22
2024-01-19,7,REF007,37
2024-01-19,7,REF007,8
2024-01-19,7,REF007,10
2024-01-19,8,REF008,89
2024-01-19,8,REF008,98
2024-01-19,8,REF008,85
2024-01-19,9,REF009,56
2024-01-19,9,REF009,42
2024-01-19,9,REF009,98
2024-01-19,9,REF009,14
2024-01-19,10,REF010,66
2024-01-19,12,REF012,28
2024-01-19,12,REF012,14
2024-01-19,12,REF012,53
2024-01-19,12,REF012,96
2024-01-19,12,REF012,67
2024-01-19,13,REF013,15
2024-01-19,13,REF013,85
2024-01-19,14,REF014,72
2024-01-19,14,REF014,86
2024-01-19,14,REF014,54
2024-01-19,15,REF015,52
2024-01-19,15,REF015,55
2024-01-19,16,REF016,98
2024-01-19,16,REF016,57
2024-01-19,17,REF017,22
2024-01-19,17,REF017,22
2024-01-19,17,REF017,54
2024-01-19,18,REF018,10
2024-01-19,18,REF018,30
2024-01-19,19,REF019,72
2024-01-19,19,REF019,33
2024-01-19,19,REF019,10
2024-01-19,19,REF019,5
2024-01-19,20,REF020,52
2024-01-19,20,REF020,96
2024-01-19,20,REF020,95
2024-01-20,1,REF001,59
2024-01-20,1,REF001,42
2024-01-20,1,REF001,70
2024-01-20,1,REF001,51
2024-01-20,1,REF001,69
2024-01-20,1,REF001,23
2024-01-20,2,REF002,48
2024-01-20,2,REF002,76
2024-01-20,3,REF003,62
2024-01-20,3,REF003,28
2024-01-20,3,REF003,89
2024-01-20,4,REF004,40
2024-01-20,4,REF004,92
2024-01-20,5,REF005,90
2024-01-20,5,REF005,74
2024-01-20,6,REF006,92
2024-01-20,6,REF006,35
2024-01-20,8,REF008,35
2024-01-20,8,REF008,4
2024-01-20,8,REF008,31
2024-01-20,9,REF009,73
2024-01-20,9,REF009,55
2024-01-20,9,REF009,30
2024-01-20,9,REF009,68
2024-01-20,9,REF009,5
2024-01-20,10,REF010,73
2024-01-20,10,REF010,93
2024-01-20,11,REF011,8
2024-01-20,11,REF011,100
2024-01-20,11,REF011,56
2024-01-20,11,REF011,83
2024-01-20,11,REF011,67
2024-01-20,11,REF011,35
2024-01-20,13,REF013,59
2024-01-20,13,REF013,13
2024-01-20,13,REF013,59
2024-01-20,13,REF013,6
2024-01-20,13,REF013,53
2024-01-20,13,REF013,38
2024-01-20,14,REF014,70
2024-01-20,15,REF015,90
2024-01-20,15,REF015,55
2024-01-20,15,REF015,5
2024-01-20,15,REF015,16
2024-01-20,15,REF015,75
2024-01-20,16,REF016,76
2024-01-20,17,REF017,24
2024-01-20,17,REF017,74
2024-01-20,17,REF017,93
2024-01-20,17,REF017,76
2024-01-20,18,REF018,77
2024-01-20,18,REF018,32
2024-01-20,18,REF018,15
2024-01-20,18,REF018,49
2024-01-20,18,REF018,43
2024-01-20,18,REF018,65
2024-01-20,19,REF019,17
2024-01-20,20,REF020,82
2024-01-21,1,REF001,78
2024-01-21,1,REF001,52
2024-01-21,1,REF001,77
2024-01-21,1,REF001,8
2024-01-21,2,REF002,100
2024-01-21,2,REF002,41
2024-01-21,3,REF003,56
2024-01-21,3,REF003,88
2024-01-21,3,REF003,39
2024-01-21,4,REF004,38
2024-01-21,4,REF004,61
2024-01-21,5,REF005,11
2024-01-21,5,REF005,28
2024-01-21,5,REF005,4
2024-01-21,5,REF005,72
2024-01-21,5,REF005,68
2024-01-21,6,REF006,92
2024-01-21,7,REF007,29
2024-01-21,7,REF007,16
2024-01-21,7,REF007,72
2024-01-21,7,REF007,80
2024-01-21,7,REF007,65
2024-01-21,8,REF008,64
2024-01-21,8,REF008,53
2024-01-21,9,REF009,9
2024-01-21,9,REF009,57
2024-01-21,9,REF009,58
2024-01-21,10,REF010,57
2024-01-21,10,REF010,20
2024-01-21,10,REF010,88
2024-01-21,10,REF010,52
2024-01-21,10,REF010,17
2024-01-21,11,REF011,92
2024-01-21,11,REF011,11
2024-01-21,11,REF011,39
2024-01-21,12,REF012,88
2024-01-21,12,REF012,84
2024-01-21,13,REF013,32
2024-01-21,13,REF013,15
2024-01-21,13,REF013,95
2024-01-21,14,REF014,63
2024-01-21,14,REF014,24
2024-01-21,15,REF015,45
2024-01-21,15,REF015,75
2024-01-21,15,REF015,16
2024-01-21,15,REF015,67
2024-01-21,15,REF015,68
2024-01-21,16,REF016,48
2024-01-21,16,REF016,54
2024-01-21,16,REF016,83
2024-01-21,16,REF016,66
2024-01-21,17,REF017,99
2024-01-21,17,REF017,81
2024-01-21,17,REF017,11
2024-01-21,17,REF017,39
2024-01-21,18,REF018,23
2024-01-21,18,REF018,98
2024-01-21,18,REF018,6
2024-01-21,19,REF019,35
2024-01-21,20,REF020,54
2024-01-21,20,REF020,3
2024-01-21,20,REF020,41
2024-01-22,1,REF001,57
2024-01-22,2,REF002,87
2024-01-22,2,REF002,59
2024-01-22,2,REF002,10
2024-01-22,2,REF002,2
2024-01-22,3,REF003,19
2024-01-22,4,REF004,32
2024-01-22,4,REF004,40
2024-01-22,4,REF004,71
2024-01-22,4,REF004,64
2024-01-22,4,REF004,42
2024-01-22,4,REF004,42
2024-01-22,5,REF005,74
2024-01-22,6,REF006,4
2024-01-22,6,REF006,54
2024-01-22,6,REF006,26
2024-01-22,7,REF007,12
2024-01-22,7,REF007,47
2024-01-22,7,REF007,45
2024-01-22,7,REF007,58
2024-01-22,7,REF007,4
2024-01-22,8,REF008,80
2024-01-22,9,REF009,31
2024-01-22,9,REF009,98
2024-01-22,9,REF009,22
2024-01-22,9,REF009,74
2024-01-22,9,REF009,79
2024-01-22,9,REF009,100
2024-01-22,10,REF010,61
2024-01-22,11,REF011,66
2024-01-22,11,REF011,98
2024-01-22,12,REF012,72
2024-01-22,12,REF012,78
2024-01-22,12,REF012,84
2024-01-22,13,REF013,49
2024-01-22,13,REF013,34
2024-01-22,13,REF013,62
2024-01-22,14,REF014,60
2024-01-22,14,REF014,10
2024-01-22,14,REF014,66
2024-01-22,14,REF014,74
2024-01-22,14,REF014,100
2024-01-22,15,REF015,40
2024-01-22,15,REF015,2
2024-01-22,15,REF015,42
2024-01-22,15,REF015,15
2024-01-22,16,REF016,11
2024-01-22,16,REF016,96
2024-01-22,16,REF016,85
2024-01-22,17,REF017,25
2024-01-22,17,REF017,15
2024-01-22,17,REF017,22
2024-01-22,18,REF018,29
2024-01-22,18,REF018,4
2024-01-22,18,REF018,83
2024-01-22,19,REF019,26
2024-01-22,19,REF019,22
2024-01-22,19,REF019,62
2024-01-22,20,REF020,88
2024-01-22,20,REF020,49
2024-01-22,20,REF020,76
2024-01-23,1,REF001,64
2024-01-23,1,REF001,72
2024-01-23,1,REF001,78
2024-01-23,2,REF002,6
2024-01-23,3,REF003,51
2024-01-23,3,REF003,89
2024-01-23,4,REF004,5
2024-01-23,4,REF004,86
2024-01-23,4,REF004,37
2024-01-23,5,REF005,12
2024-01-23,5,REF005,52
2024-01-23,5,REF005,34
2024-01-23,5,REF005,82
2024-01-23,6,REF006,39
2024-01-23,7,REF007,15
2024-01-23,7,REF007,8
2024-01-23,8,REF008,81
2024-01-23,9,REF009,93
2024-01-23,9,REF009,93
2024-01-23,9,REF009,52
2024-01-23,9,REF009,52
2024-01-23,10,REF010,87
2024-01-23,10,REF010,64
2024-01-23,12,REF012,22
2024-01-23,12,REF012,55
2024-01-23,12,REF012,39
2024-01-23,12,REF012,41
2024-01-23,12,REF012,10
2024-01-23,13,REF013,73
2024-01-23,13,REF013,97
2024-01-23,14,REF014,5
2024-01-23,14,REF014,23
2024-01-23,14,REF014,85
2024-01-23,14,REF014,8
2024-01-23,14,REF014,59
2024-01-23,14,REF014,65
2024-01-23,15,REF015,38
2024-01-23,16,REF016,77
2024-01-23,16,REF016,3
2024-01-23,16,REF016,73
2024-01-23,16,REF016,56
2024-01-23,17,REF017,90
2024-01-23,17,REF017,58
2024-01-23,17,REF017,57
2024-01-23,18,REF018,45
2024-01-23,18,REF018,43
2024-01-23,18,REF018,2
2024-01-23,18,REF018,69
2024-01-23,19,REF019,15
2024-01-23,19,REF019,10
2024-01-23,19,REF019,11
2024-01-23,20,REF020,83
2024-01-23,20,REF020,51
2024-01-24,1,REF001,62
2024-01-24,1,REF001,9
2024-01-24,1,REF001,66
2024-01-24,2,REF002,22
2024-01-24,3,REF003,12
2024-01-24,3,REF003,45
2024-01-24,3,REF003,81
2024-01-24,3,REF003,72
2024-01-24,3,REF003,49
2024-01-24,4,REF004,64
2024-01-24,4,REF004,45
2024-01-24,4,REF004,13
2024-01-24,5,REF005,20
2024-01-24,5,REF005,37
2024-01-24,5,REF005,97
2024-01-24,5,REF005,92
2024-01-24,5,REF005,75
2024-01-24,5,REF005,10
2024-01-24,5,REF005,23
2024-01-24,6,REF006,74
2024-01-24,7,REF007,58
2024-01-24,8,REF008,64
2024-01-24,8,REF008,52
2024-01-24,8,REF008,45
2024-01-24,9,REF009,92
2024-01-24,10,REF010,8
2024-01-24,10,REF010,8
2024-01-24,10,REF010,72
2024-01-24,10,REF010,7
2024-01-24,11,REF011,14
2024-01-24,11,REF011,59
2024-01-24,12,REF012,94
2024-01-24,12,REF012,70
2024-01-24,12,REF012,1
2024-01-24,12,REF012,92
2024-01-24,12,REF012,63
2024-01-24,13,REF013,44
2024-01-24,13,REF013,36
2024-01-24,13,REF013,61
2024-01-24,14,REF014,2
2024-01-24,14,REF014,16
2024-01-24,15,REF015,33
2024-01-24,15,REF015,49
2024-01-24,15,REF015,90
2024-01-24,16,REF016,10
2024-01-24,17,REF017,19
2024-01-24,17,REF017,16
2024-01-24,18,REF018,88
2024-01-24,18,REF018,29
2024-01-24,19,REF019,69
2024-01-24,19,REF019,43
2024-01-24,19,REF019,18
2024-01-24,20,REF020,37
2024-01-24,20,REF020,60
2024-01-24,20,REF020,2
2024-01-24,20,REF020,45
2024-01-25,1,REF001,85
2024-01-25,1,REF001,95
2024-01-25,2,REF002,23
2024-01-25,2,REF002,14
2024-01-25,3,REF003,80
2024-01-25,3,REF003,45
2024-01-25,3,REF003,24
2024-01-25,3,REF003,100
2024-01-25,3,REF003,67
2024-01-25,3,REF003,57
2024-01-25,3,REF003,68
2024-01-25,4,REF004,44
2024-01-25,4,REF004,96
2024-01-25,6,REF006,72
2024-01-25,6,REF006,68
2024-01-25,7,REF007,54
2024-01-25,8,REF008,68
2024-01-25,8,REF008,9
2024-01-25,9,REF009,68
2024-01-25,9,REF009,84
2024-01-25,10,REF010,17
2024-01-25,10,REF010,7
2024-01-25,10,REF010,67
2024-01-25,10,REF010,100
2024-01-25,12,REF012,55
2024-01-25,13,REF013,93
2024-01-25,13,REF013,72
2024-01-25,13,REF013,84
2024-01-25,13,REF013,5
2024-01-25,14,REF014,92
2024-01-25,14,REF014,84
2024-01-25,14,REF014,8
2024-01-25,14,REF014,4
2024-01-25,14,REF014,92
2024-01-25,14,REF014,48
2024-01-25,14,REF014,44
2024-01-25,15,REF015,70
2024-01-25,15,REF015,64
2024-01-25,15,REF015,39
2024-01-25,16,REF016,86
2024-01-25,17,REF017,17
2024-01-25,17,REF017,31
2024-01-25,18,REF018,95
2024-01-25,18,REF018,20
2024-01-25,18,REF018,89
2024-01-25,18,REF018,65
2024-01-25,19,REF019,87
2024-01-25,20,REF020,23
2024-01-25,20,REF020,52
2024-01-26,1,REF001,73
2024-01-26,2,REF002,38
2024-01-26,2,REF002,54
2024-01-26,3,REF003,33
2024-01-26,3,REF003,40
2024-01-26,3,REF003,37
2024-01-26,4,REF004,51
2024-01-26,5,REF005,69
2024-01-26,5,REF005,11
2024-01-26,5,REF005,32
2024-01-26,5,REF005,11
2024-01-26,5,REF005,81
2024-01-26,5,REF005,58
2024-01-26,8,REF008,47
2024-01-26,8,REF008,91
2024-01-26,8,REF008,50
2024-01-26,9,REF009,85
2024-01-26,9,REF009,63
2024-01-26,9,REF009,80
2024-01-26,10,REF010,64
2024-01-26,11,REF011,28
2024-01-26,12,REF012,25
2024-01-26,12,REF012,94
2024-01-26,12,REF012,74
2024-01-26,13,REF013,40
2024-01-26,13,REF013,68
2024-01-26,15,REF015,44
2024-01-26,15,REF015,47
2024-01-26,15,REF015,16
2024-01-26,15,REF015,84
2024-01-26,15,REF015,26
2024-01-26,16,REF016,12
2024-01-26,16,REF016,89
2024-01-26,16,REF016,46
2024-01-26,16,REF016,70
2024-01-26,17,REF017,25
2024-01-26,18,REF018,29
2024-01-26,18,REF018,10
2024-01-26,19,REF019,63
2024-01-26,19,REF019,41
2024-01-26,19,REF019,67
2024-01-26,20,REF020,91
2024-01-26,20,REF020,71
2024-01-27,1,REF001,3
2024-01-27,1,REF001,48
2024-01-27,2,REF002,89
2024-01-27,2,REF002,12
2024-01-27,2,REF002,85
2024-01-27,2,REF002,93
2024-01-27,2,REF002,61
2024-01-27,2,REF002,90
2024-01-27,2,REF002,73
2024-01-27,3,REF003,11
2024-01-27,3,REF003,90
2024-01-27,3,REF003,29
2024-01-27,3,REF003,21
2024-01-27,3,REF003,24
2024-01-27,3,REF003,16
2024-01-27,4,REF004,96
2024-01-27,4,REF004,58
2024-01-27,4,REF004,60
2024-01-27,5,REF005,34
2024-01-27,5,REF005,32
2024-01-27,6,REF006,22
2024-01-27,6,REF006,46
2024-01-27,6,REF006,42
2024-01-27,6,REF006,93
2024-01-27,6,REF006,47
2024-01-27,7,REF007,88
2024-01-27,7,REF007,4
2024-01-27,7,REF007,63
2024-01-27,7,REF007,13
2024-01-27,8,REF008,92
2024-01-27,8,REF008,94
2024-01-27,8,REF008,9
2024-01-27,9,REF009,53
2024-01-27,9,REF009,67
2024-01-27,10,REF010,4
2024-01-27,10,REF010,39
2024-01-27,10,REF010,83
2024-01-27,10,REF010,73
2024-01-27,10,REF010,31
2024-01-27,10,REF010,8
2024-01-27,11,REF011,26
2024-01-27,11,REF011,56
2024-01-27,12,REF012,14
2024-01-27,12,REF012,91
2024-01-27,13,REF013,15
2024-01-27,14,REF014,66
2024-01-27,14,REF014,86
2024-01-27,14,REF014,61
2024-01-27,15,REF015,91
2024-01-27,15,REF015,32
2024-01-27,15,REF015,7
2024-01-27,15,REF015,88
2024-01-27,15,REF015,46
2024-01-27,16,REF016,27
2024-01-27,16,REF016,44
2024-01-27,16,REF016,44
2024-01-27,17,REF017,82
2024-01-27,18,REF018,47
2024-01-27,18,REF018,99
2024-01-27,18,REF018,44
2024-01-27,18,REF018,59
2024-01-27,18,REF018,92
2024-01-27,18,REF018,14
2024-01-27,18,REF018,18
2024-01-27,19,REF019,43
2024-01-27,19,REF019,35
2024-01-27,19,REF019,74
2024-01-27,20,REF020,18
2024-01-27,20,REF020,61
2024-01-27,20,REF020,5
2024-01-27,20,REF020,54
2024-01-28,1,REF001,77
2024-01-28,1,REF001,23
2024-01-28,1,REF001,47
2024-01-28,1,REF001,9
2024-01-28,1,REF001,1
2024-01-28,2,REF002,73
2024-01-28,2,REF002,49
2024-01-28,2,REF002,67
2024-01-28,3,REF003,31
2024-01-28,4,REF004,78
2024-01-28,4,REF004,92
2024-01-28,4,REF004,7
2024-01-28,4,REF004,83
2024-01-28,5,REF005,60
2024-01-28,5,REF005,35
2024-01-28,5,REF005,13
2024-01-28,7,REF007,54
2024-01-28,7,REF007,34
2024-01-28,7,REF007,77
2024-01-28,7,REF007,50
2024-01-28,7,REF007,54
2024-01-28,8,REF008,59
2024-01-28,8,REF008,68
2024-01-28,8,REF008,88
2024-01-28,8,REF008,10
2024-01-28,8,REF008,46
2024-01-28,8,REF008,85
2024-01-28,8,REF008,80
2024-01-28,9,REF009,29
2024-01-28,10,REF010,28
2024-01-28,10,REF010,80
2024-01-28,10,REF010,6
2024-01-28,10,REF010,87
2024-01-28,10,REF010,29
2024-01-28,11,REF011,6
2024-01-28,11,REF011,43
2024-01-28,11,REF011,9
2024-01-28,12,REF012,34
2024-01-28,12,REF012,15
2024-01-28,13,REF013,28
2024-01-28,14,REF014,93
2024-01-28,14,REF014,18
2024-01-28,14,REF014,58
2024-01-28,15,REF015,59
2024-01-28,15,REF015,58
2024-01-28,16,REF016,62
2024-01-28,18,REF018,4
2024-01-28,18,REF018,56
2024-01-28,18,REF018,50
2024-01-28,18,REF018,91
2024-01-28,19,REF019,45
2024-01-28,19,REF019,56
2024-01-28,19,REF019,93
2024-01-28,19,REF019,23
2024-01-28,20,REF020,77
2024-01-28,20,REF020,56
2024-01-28,20,REF020,43
2024-01-29,1,REF001,98
2024-01-29,1,REF001,3
2024-01-29,1,REF001,24
2024-01-29,1,REF001,19
2024-01-29,2,REF002,69
2024-01-29,2,REF002,54
2024-01-29,3,REF003,2
2024-01-29,3,REF003,71
2024-01-29,4,REF004,96
2024-01-29,4,REF004,65
2024-01-29,5,REF005,52
2024-01-29,5,REF005,92
2024-01-29,5,REF005,35
2024-01-29,5,REF005,59
2024-01-29,7,REF007,44
2024-01-29,7,REF007,55
2024-01-29,7,REF007,13
2024-01-29,7,REF007,40
2024-01-29,7,REF007,19
2024-01-29,7,REF007,98
2024-01-29,7,REF007,100
2024-01-29,8,REF008,9
2024-01-29,8,REF008,35
2024-01-29,8,REF008,21
2024-01-29,9,REF009,88
2024-01-29,10,REF010,58
2024-01-29,10,REF010,10
2024-01-29,10,REF010,79
2024-01-29,10,REF010,42
2024-01-29,11,REF011,38
2024-01-29,11,REF011,97
2024-01-29,11,REF011,42
2024-01-29,12,REF012,79
2024-01-29,12,REF012,48
2024-01-29,12,REF012,69
2024-01-29,13,REF013,84
2024-01-29,13,REF013,16
2024-01-29,13,REF013,82
2024-01-29,13,REF013,61
2024-01-29,15,REF015,46
2024-01-29,15,REF015,78
2024-01-29,16,REF016,49
2024-01-29,16,REF016,67
2024-01-29,16,REF016,91
2024-01-29,16,REF016,53
2024-01-29,17,REF017,16
2024-01-29,17,REF017,41
2024-01-29,17,REF017,64
2024-01-29,17,REF017,90
2024-01-29,18,REF018,43
2024-01-29,18,REF018,4
2024-01-29,18,REF018,29
2024-01-29,19,REF019,10
2024-01-29,19,REF019,46
2024-01-29,19,REF019,31
2024-01-29,20,REF020,4
2024-01-29,20,REF020,44
2024-01-29,20,REF020,5
2024-01-30,1,REF001,15
2024-01-30,2,REF002,83
2024-01-30,2,REF002,40
2024-01-30,3,REF003,41
2024-01-30,4,REF004,69
2024-01-30,4,REF004,91
2024-01-30,5,REF005,69
2024-01-30,6,REF006,60
2024-01-30,6,REF006,3
2024-01-30,8,REF008,97
2024-01-30,8,REF008,8
2024-01-30,8,REF008,45
2024-01-30,9,REF009,60
2024-01-30,10,REF010,85
2024-01-30,10,REF010,57
2024-01-30,10,REF010,61
2024-01-30,11,REF011,72
2024-01-30,12,REF012,1
2024-01-30,12,REF012,50
2024-01-30,12,REF012,8
2024-01-30,12,REF012,67
2024-01-30,13,REF013,69
2024-01-30,13,REF013,22
2024-01-30,13,REF013,43
2024-01-30,13,REF013,81
2024-01-30,13,REF013,3
2024-01-30,15,REF015,35
2024-01-30,15,REF015,15
2024-01-30,15,REF015,100
2024-01-30,15,REF015,88
2024-01-30,15,REF015,79
2024-01-30,16,REF016,87
2024-01-30,16,REF016,19
2024-01-30,16,REF016,42
2024-01-30,18,REF018,47
2024-01-30,19,REF019,89
2024-01-30,19,REF019,35
2024-01-30,20,REF020,83
2024-01-31,1,REF001,70
2024-01-31,1,REF001,100
2024-01-31,1,REF001,24
2024-01-31,2,REF002,78
2024-01-31,2,REF002,18
2024-01-31,2,REF002,14
2024-01-31,3,REF003,2
2024-01-31,3,REF003,36
2024-01-31,3,REF003,88
2024-01-31,4,REF004,62
2024-01-31,4,REF004,79
2024-01-31,4,REF004,11
2024-01-31,5,REF005,3
2024-01-31,6,REF006,56
2024-01-31,6,REF006,7
2024-01-31,7,REF007,99
2024-01-31,7,REF007,97
2024-01-31,7,REF007,69
2024-01-31,8,REF008,74
2024-01-31,8,REF008,17
2024-01-31,8,REF008,90
2024-01-31,8,REF008,79
2024-01-31,8,REF008,65
2024-01-31,9,REF009,51
2024-01-31,9,REF009,20
2024-01-31,9,REF009,85
2024-01-31,10,REF010,92
2024-01-31,11,REF011,68
2024-01-31,11,REF011,27
2024-01-31,12,REF012,80
2024-01-31,12,REF012,1
2024-01-31,14,REF014,12
2024-01-31,14,REF014,56
2024-01-31,15,REF015,8
2024-01-31,15,REF015,79
2024-01-31,15,REF015,56
2024-01-31,15,REF015,73
2024-01-31,16,REF016,4
2024-01-31,16,REF016,33
2024-01-31,16,REF016,91
2024-01-31,16,REF016,7
2024-01-31,16,REF016,68
2024-01-31,16,REF016,56
2024-01-31,17,REF017,23
2024-01-31,17,REF017,24
2024-01-31,17,REF017,67
2024-01-31,17,REF017,23
2024-01-31,17,REF017,39
2024-01-31,18,REF018,76
2024-01-31,18,REF018,26
2024-01-31,19,REF019,69
2024-01-31,19,REF019,66
2024-01-31,19,REF019,6
2024-01-31,20,REF020,54
2024-01-31,20,REF020,58
2024-01-31,20,REF020,86
2024-01-31,20,REF020,61
2024-01-31,20,REF020,28
2024-01-31,20,REF020,91
2024-02-01,2,REF002,12
2024-02-01,2,REF002,77
2024-02-01,2,REF002,48
2024-02-01,3,REF003,59
2024-02-01,4,REF004,53
2024-02-01,4,REF004,78
2024-02-01,4,REF004,68
2024-02-01,4,REF004,35
2024-02-01,5,REF005,90
2024-02-01,5,REF005,23
2024-02-01,5,REF005,61
2024-02-01,6,REF006,90
2024-02-01,6,REF006,37
2024-02-01,6,REF006,95
2024-02-01,6,REF006,32
2024-02-01,6,REF006,26
2024-02-01,6,REF006,9
2024-02-01,8,REF008,13
2024-02-01,9,REF009,3
2024-02-01,10,REF010,70
2024-02-01,10,REF010,75
2024-02-01,10,REF010,66
2024-02-01,10,REF010,95
2024-02-01,10,REF010,5
2024-02-01,10,REF010,92
2024-02-01,11,REF011,53
2024-02-01,12,REF012,33
2024-02-01,12,REF012,25
2024-02-01,13,REF013,53
2024-02-01,13,REF013,15
2024-02-01,14,REF014,84
2024-02-01,14,REF014,52
2024-02-01,14,REF014,26
2024-02-01,15,REF015,88
2024-02-01,15,REF015,81
2024-02-01,15,REF015,89
2024-02-01,16,REF016,20
2024-02-01,16,REF016,92
2024-02-01,16,REF016,81
2024-02-01,16,REF016,18
2024-02-01,17,REF017,86
2024-02-01,17,REF017,65
2024-02-01,17,REF017,52
2024-02-01,18,REF018,44
2024-02-01,19,REF019,82
2024-02-01,19,REF019,88
2024-02-01,19,REF019,43
2024-02-01,19,REF019,59
2024-02-01,19,REF019,90
2024-02-01,20,REF020,25
2024-02-01,20,REF020,31
2024-02-01,20,REF020,42
2024-02-02,1,REF001,69
2024-02-02,1,REF001,44
2024-02-02,1,REF001,3
2024-02-02,2,REF002,88
2024-02-02,2,REF002,9
2024-02-02,3,REF003,77
2024-02-02,3,REF003,68
2024-02-02,4,REF004,73
2024-02-02,4,REF004,19
2024-02-02,4,REF004,93
2024-02-02,4,REF004,79
2024-02-02,5,REF005,63
2024-02-02,5,REF005,54
2024-02-02,5,REF005,86
2024-02-02,5,REF005,31
2024-02-02,6,REF006,46
2024-02-02,6,REF006,94
2024-02-02,6,REF006,1
2024-02-02,7,REF007,33
2024-02-02,7,REF007,19
2024-02-02,7,REF007,37
2024-02-02,7,REF007,47
2024-02-02,7,REF007,32
2024-02-02,7,REF007,60
2024-02-02,7,REF007,20
2024-02-02,7,REF007,31
2024-02-02,8,REF008,66
2024-02-02,9,REF009,84
2024-02-02,11,REF011,13
2024-02-02,11,REF011,99
2024-02-02,11,REF011,25
2024-02-02,11,REF011,50
2024-02-02,12,REF012,7
2024-02-02,12,REF012,26
2024-02-02,12,REF012,71
2024-02-02,13,REF013,50
2024-02-02,13,REF013,50
2024-02-02,13,REF013,91
2024-02-02,13,REF013,71
2024-02-02,13,REF013,72
2024-02-02,13,REF013,93
2024-02-02,13,REF013,86
2024-02-02,14,REF014,60
2024-02-02,14,REF014,24
2024-02-02,14,REF014,3
2024-02-02,14,REF014,37
2024-02-02,14,REF014,7
2024-02-02,16,REF016,25
2024-02-02,17,REF017,40
2024-02-02,17,REF017,51
2024-02-02,17,REF017,58
2024-02-02,17,REF017,52
2024-02-02,17,REF017,31
2024-02-02,17,REF017,43
2024-02-02,18,REF018,34
2024-02-02,18,REF018,32
2024-02-02,18,REF018,49
2024-02-02,18,REF018,33
2024-02-02,19,REF019,74
2024-02-02,19,REF019,26
2024-02-02,20,REF020,63
2024-02-03,1,REF001,16
2024-02-03,1,REF001,26
2024-02-03,1,REF001,100
2024-02-03,1,REF001,79
2024-02-03,2,REF002,87
2024-02-03,3,REF003,41
2024-02-03,3,REF003,65
2024-02-03,3,REF003,67
2024-02-03,3,REF003,79
2024-02-03,3,REF003,62
2024-02-03,3,REF003,96
2024-02-03,3,REF003,29
2024-02-03,4,REF004,56
2024-02-03,4,REF004,27
2024-02-03,4,REF004,21
2024-02-03,4,REF004,47
2024-02-03,5,REF005,30
2024-02-03,5,REF005,28
2024-02-03,5,REF005,78
2024-02-03,5,REF005,52
2024-02-03,6,REF006,72
2024-02-03,6,REF006,21
2024-02-03,6,REF006,20
2024-02-03,6,REF006,61
2024-02-03,7,REF007,22
2024-02-03,7,REF007,88
2024-02-03,7,REF007,57
2024-02-03,8,REF008,19
2024-02-03,9,REF009,54
2024-02-03,11,REF011,56
2024-02-03,11,REF011,74
2024-02-03,11,REF011,61
2024-02-03,12,REF012,21
2024-02-03,12,REF012,80
2024-02-03,13,REF013,8
2024-02-03,13,REF013,77
2024-02-03,13,REF013,1
2024-02-03,13,REF013,50
2024-02-03,15,REF015,49
2024-02-03,15,REF015,5
2024-02-03,15,REF015,79
2024-02-03,15,REF015,5
2024-02-03,15,REF015,37
2024-02-03,15,REF015,96
2024-02-03,16,REF016,47
2024-02-03,16,REF016,63
2024-02-03,16,REF016,8
2024-02-03,16,REF016,95
2024-02-03,16,REF016,9
2024-02-03,17,REF017,18
2024-02-03,18,REF018,15
2024-02-03,18,REF018,87
2024-02-03,18,REF018,100
2024-02-03,18,REF018,80
2024-02-03,19,REF019,93
2024-02-03,20,REF020,51
2024-02-03,20,REF020,99
2024-02-03,20,REF020,6
2024-02-03,20,REF020,6
2024-02-04,1,REF001,64
2024-02-04,1,REF001,20
2024-02-04,1,REF001,18
2024-02-04,1,REF001,24
2024-02-04,3,REF003,71
2024-02-04,3,REF003,37
2024-02-04,4,REF004,69
2024-02-04,4,REF004,67
2024-02-04,4,REF004,39
2024-02-04,4,REF004,9
2024-02-04,4,REF004,72
2024-02-04,4,REF004,90
2024-02-04,5,REF005,51
2024-02-04,5,REF005,66
2024-02-04,5,REF005,96
2024-02-04,6,REF006,75
2024-02-04,6,REF006,98
2024-02-04,7,REF007,2
2024-02-04,8,REF008,99
2024-02-04,9,REF009,17
2024-02-04,9,REF009,34
2024-02-04,9,REF009,52
2024-02-04,10,REF010,83
2024-02-04,11,REF011,40
2024-02-04,11,REF011,57
2024-02-04,12,REF012,39
2024-02-04,13,REF013,65
2024-02-04,14,REF014,97
2024-02-04,14,REF014,45
2024-02-04,15,REF015,33
2024-02-04,15,REF015,95
2024-02-04,16,REF016,36
2024-02-04,17,REF017,75
2024-02-04,17,REF017,91
2024-02-04,17,REF017,25
2024-02-04,17,REF017,47
2024-02-04,18,REF018,48
2024-02-04,20,REF020,56
2024-02-04,20,REF020,35
2024-02-04,20,REF020,96
2024-02-04,20,REF020,93
2024-02-04,20,REF020,4
2024-02-04,20,REF020,78
2024-02-05,1,REF001,52
2024-02-05,1,REF001,94
2024-02-05,1,REF001,41
2024-02-05,2,REF002,83
2024-02-05,2,REF002,25
2024-02-05,3,REF003,66
2024-02-05,3,REF003,47
2024-02-05,4,REF004,11
2024-02-05,5,REF005,92
2024-02-05,6,REF006,83
2024-02-05,6,REF006,61
2024-02-05,6,REF006,54
2024-02-05,7,REF007,34
2024-02-05,7,REF007,63
2024-02-05,8,REF008,31
2024-02-05,8,REF008,95
2024-02-05,8,REF008,61
2024-02-05,8,REF008,8
2024-02-05,9,REF009,54
2024-02-05,9,REF009,43
2024-02-05,9,REF009,61
2024-02-05,10,REF010,64
2024-02-05,10,REF010,73
2024-02-05,10,REF010,90
2024-02-05,10,REF010,2
2024-02-05,11,REF011,51
2024-02-05,12,REF012,50
2024-02-05,12,REF012,44
2024-02-05,13,REF013,79
2024-02-05,13,REF013,10
2024-02-05,13,REF013,9
2024-02-05,13,REF013,29
2024-02-05,14,REF014,90
2024-02-05,15,REF015,22
2024-02-05,15,REF015,69
2024-02-05,16,REF016,76
2024-02-05,17,REF017,88
2024-02-05,17,REF017,51
2024-02-05,18,REF018,82
2024-02-05,18,REF018,88
2024-02-05,18,REF018,83
2024-02-05,18,REF018,12
2024-02-05,19,REF019,40
2024-02-05,20,REF020,48
2024-02-05,20,REF020,1
2024-02-05,20,REF020,44
2024-02-06,1,REF001,63
2024-02-06,1,REF001,9
2024-02-06,2,REF002,36
2024-02-06,3,REF003,70
2024-02-06,3,REF003,64
2024-02-06,3,REF003,41
2024-02-06,3,REF003,8
2024-02-06,4,REF004,15
2024-02-06,4,REF004,14
2024-02-06,4,REF004,38
2024-02-06,5,REF005,59
2024-02-06,5,REF005,79
2024-02-06,6,REF006,84
2024-02-06,6,REF006,14
2024-02-06,6,REF006,89
2024-02-06,7,REF007,58
2024-02-06,7,REF007,60
2024-02-06,8,REF008,87
2024-02-06,8,REF008,73
2024-02-06,8,REF008,84
2024-02-06,8,REF008,42
2024-02-06,8,REF008,95
2024-02-06,9,REF009,26
2024-02-06,9,REF009,40
2024-02-06,9,REF009,82
2024-02-06,9,REF009,77
2024-02-06,10,REF010,47
2024-02-06,10,REF010,61
2024-02-06,10,REF010,3
2024-02-06,10,REF010,87
2024-02-06,12,REF012,74
2024-02-06,12,REF012,14
2024-02-06,12,REF012,96
2024-02-06,12,REF012,70
2024-02-06,12,REF012,50
2024-02-06,12,REF012,60
2024-02-06,13,REF013,35
2024-02-06,13,REF013,1
2024-02-06,14,REF014,74
2024-02-06,14,REF014,24
2024-02-06,14,REF014,45
2024-02-06,15,REF015,2
2024-02-06,16,REF016,4
2024-02-06,16,REF016,92
2024-02-06,16,REF016,84
2024-02-06,17,REF017,4
2024-02-06,17,REF017,32
2024-02-06,17,REF017,99
2024-02-06,17,REF017,50
2024-02-06,17,REF017,52
2024-02-06,17,REF017,1
2024-02-06,18,REF018,5
2024-02-06,18,REF018,33
2024-02-06,19,REF019,94
2024-02-06,19,REF019,32
2024-02-06,19,REF019,50
2024-02-06,19,REF019,17
2024-02-06,19,REF019,5
2024-02-06,20,REF020,52
2024-02-06,20,REF020,83
2024-02-07,1,REF001,70
2024-02-07,2,REF002,32
2024-02-07,2,REF002,51
2024-02-07,3,REF003,78
2024-02-07,3,REF003,86
2024-02-07,3,REF003,9
2024-02-07,4,REF004,24
2024-02-07,4,REF004,2
2024-02-07,4,REF004,44
2024-02-07,5,REF005,40
2024-02-07,5,REF005,51
2024-02-07,5,REF005,56
2024-02-07,5,REF005,18
2024-02-07,5,REF005,30
2024-02-07,6,REF006,1
2024-02-07,6,REF006,23
2024-02-07,6,REF006,80
2024-02-07,6,REF006,9
2024-02-07,7,REF007,41
2024-02-07,7,REF007,2
2024-02-07,7,REF007,18
2024-02-07,8,REF008,79
2024-02-07,8,REF008,72
2024-02-07,8,REF008,39
2024-02-07,8,REF008,34
2024-02-07,8,REF008,32
2024-02-07,9,REF009,68
2024-02-07,9,REF009,52
2024-02-07,9,REF009,4
2024-02-07,9,REF009,42
2024-02-07,10,REF010,15
2024-02-07,11,REF011,6
2024-02-07,11,REF011,40
2024-02-07,11,REF011,69
2024-02-07,11,REF011,88
2024-02-07,12,REF012,9
2024-02-07,12,REF012,89
2024-02-07,12,REF012,63
2024-02-07,12,REF012,74
2024-02-07,13,REF013,22
2024-02-07,13,REF013,3
2024-02-07,13,REF013,95
2024-02-07,13,REF013,48
2024-02-07,14,REF014,20
2024-02-07,14,REF014,86
2024-02-07,14,REF014,59
2024-02-07,14,REF014,98
2024-02-07,15,REF015,59
2024-02-07,15,REF015,5
2024-02-07,15,REF015,62
2024-02-07,16,REF016,63
2024-02-07,16,REF016,19
2024-02-07,16,REF016,43
2024-02-07,16,REF016,54
2024-02-07,16,REF016,85
2024-02-07,16,REF016,9
2024-02-07,17,REF017,80
2024-02-07,19,REF019,51
2024-02-07,19,REF019,98
2024-02-07,19,REF019,40
2024-02-07,19,REF019,58
2024-02-07,19,REF019,87
2024-02-07,19,REF019,19
2024-02-07,19,REF019,18
2024-02-07,20,REF020,41
2024-02-07,20,REF020,77
2024-02-07,20,REF020,36
2024-02-07,20,REF020,35
2024-02-07,20,REF020,57
2024-02-08,1,REF001,66
2024-02-08,1,REF001,96
2024-02-08,1,REF001,31
2024-02-08,1,REF001,5
2024-02-08,2,REF002,100
2024-02-08,2,REF002,42
2024-02-08,2,REF002,3
2024-02-08,2,REF002,88
2024-02-08,3,REF003,35
2024-02-08,4,REF004,28
2024-02-08,5,REF005,81
2024-02-08,5,REF005,7
2024-02-08,6,REF006,55
2024-02-08,6,REF006,10
2024-02-08,7,REF007,40
2024-02-08,7,REF007,3
2024-02-08,7,REF007,74
2024-02-08,7,REF007,14
2024-02-08,8,REF008,58
2024-02-08,8,REF008,52
2024-02-08,8,REF008,42
2024-02-08,8,REF008,76
2024-02-08,9,REF009,40
2024-02-08,9,REF009,91
2024-02-08,11,REF011,40
2024-02-08,11,REF011,97
2024-02-08,11,REF011,29
2024-02-08,12,REF012,49
2024-02-08,12,REF012,9
2024-02-08,12,REF012,35
2024-02-08,12,REF012,74
2024-02-08,12,REF012,58
2024-02-08,12,REF012,64
2024-02-08,13,REF013,50
2024-02-08,13,REF013,78
2024-02-08,13,REF013,68
2024-02-08,14,REF014,82
2024-02-08,14,REF014,36
2024-02-08,14,REF014,39
2024-02-08,14,REF014,79
2024-02-08,15,REF015,41
2024-02-08,15,REF015,78
2024-02-08,16,REF016,12
2024-02-08,16,REF016,12
2024-02-08,16,REF016,50
2024-02-08,18,REF018,100
2024-02-08,18,REF018,88
2024-02-08,19,REF019,46
2024-02-08,19,REF019,70
2024-02-08,20,REF020,77
2024-02-08,20,REF020,33
2024-02-08,20,REF020,28
2024-02-09,1,REF001,45
2024-02-09,2,REF002,48
2024-02-09,3,REF003,53
2024-02-09,3,REF003,90
2024-02-09,3,REF003,46
2024-02-09,3,REF003,11
2024-02-09,4,REF004,5
2024-02-09,4,REF004,73
2024-02-09,4,REF004,24
2024-02-09,5,REF005,3
2024-02-09,5,REF005,61
2024-02-09,5,REF005,86
2024-02-09,6,REF006,62
2024-02-09,6,REF006,5
2024-02-09,6,REF006,61
2024-02-09,7,REF007,46
2024-02-09,7,REF007,45
2024-02-09,7,REF007,60
2024-02-09,7,REF007,60
2024-02-09,7,REF007,18
2024-02-09,7,REF007,100
2024-02-09,7,REF007,23
2024-02-09,8,REF008,67
2024-02-09,8,REF008,4
2024-02-09,8,REF008,52
2024-02-09,9,REF009,38
2024-02-09,9,REF009,14
2024-02-09,9,REF009,32
2024-02-09,9,REF009,33
2024-02-09,10,REF010,78
2024-02-09,10,REF010,23
2024-02-09,12,REF012,55
2024-02-09,12,REF012,16
2024-02-09,13,REF013,77
2024-02-09,13,REF013,20
2024-02-09,13,REF013,23
2024-02-09,15,REF015,80
2024-02-09,15,REF015,48
2024-02-09,15,REF015,75
2024-02-09,15,REF015,46
2024-02-09,15,REF015,75
2024-02-09,16,REF016,88
2024-02-09,17,REF017,18
2024-02-09,19,REF019,99
2024-02-09,19,REF019,52
2024-02-09,19,REF019,44
2024-02-09,19,REF019,81
2024-02-09,19,REF019,19
2024-02-09,20,REF020,51
2024-02-09,20,REF020,11
2024-02-10,1,REF001,57
2024-02-10,1,REF001,75
2024-02-10,1,REF001,59
2024-02-10,2,REF002,72
2024-02-10,2,REF002,4
2024-02-10,2,REF002,100
2024-02-10,2,REF002,66
2024-02-10,3,REF003,88
2024-02-10,3,REF003,70
2024-02-10,4,REF004,2
2024-02-10,4,REF004,83
2024-02-10,4,REF004,23
2024-02-10,4,REF004,83
2024-02-10,5,REF005,85
2024-02-10,6,REF006,33
2024-02-10,6,REF006,2
2024-02-10,7,REF007,77
2024-02-10,7,REF007,85
2024-02-10,8,REF008,35
2024-02-10,8,REF008,45
2024-02-10,8,REF008,23
2024-02-10,9,REF009,20
2024-02-10,9,REF009,49
2024-02-10,10,REF010,4
2024-02-10,10,REF010,54
2024-02-10,10,REF010,24
2024-02-10,11,REF011,26
2024-02-10,11,REF011,17
2024-02-10,12,REF012,64
2024-02-10,13,REF013,75
2024-02-10,13,REF013,21
2024-02-10,13,REF013,13
2024-02-10,13,REF013,9
2024-02-10,13,REF013,31
2024-02-10,13,REF013,33
2024-02-10,14,REF014,79
2024-02-10,14,REF014,98
2024-02-10,14,REF014,2
2024-02-10,15,REF015,45
2024-02-10,15,REF015,73
2024-02-10,16,REF016,42
2024-02-10,17,REF017,97
2024-02-10,17,REF017,21
2024-02-10,17,REF017,82
2024-02-10,17,REF017,51
2024-02-10,17,REF017,21
2024-02-10,17,REF017,24
2024-02-10,18,REF018,46
2024-02-10,18,REF018,40
2024-02-10,18,REF018,55
2024-02-10,19,REF019,53
2024-02-10,20,REF020,50
2024-02-11,1,REF001,5
2024-02-11,1,REF001,96
2024-02-11,2,REF002,78
2024-02-11,2,REF002,29
2024-02-11,3,REF003,55
2024-02-11,3,REF003,61
2024-02-11,5,REF005,18
2024-02-11,5,REF005,2
2024-02-11,6,REF006,28
2024-02-11,6,REF006,27
2024-02-11,6,REF006,2
2024-02-11,7,REF007,59
2024-02-11,8,REF008,10
2024-02-11,8,REF008,24
2024-02-11,8,REF008,43
2024-02-11,10,REF010,99
2024-02-11,10,REF010,65
2024-02-11,10,REF010,35
2024-02-11,10,REF010,23
2024-02-11,11,REF011,2
2024-02-11,11,REF011,69
2024-02-11,11,REF011,11
2024-02-11,12,REF012,12
2024-02-11,12,REF012,96
2024-02-11,12,REF012,35
2024-02-11,12,REF012,72
2024-02-11,13,REF013,29
2024-02-11,13,REF013,36
2024-02-11,13,REF013,49
2024-02-11,13,REF013,81
2024-02-11,16,REF016,76
2024-02-11,16,REF016,38
2024-02-11,16,REF016,16
2024-02-11,16,REF016,96
2024-02-11,16,REF016,83
2024-02-11,17,REF017,35
2024-02-11,17,REF017,33
2024-02-11,17,REF017,32
2024-02-11,17,REF017,45
2024-02-11,18,REF018,71
2024-02-11,18,REF018,93
2024-02-11,19,REF019,93
2024-02-11,19,REF019,91
2024-02-11,20,REF020,32
2024-02-11,20,REF020,56
2024-02-12,1,REF001,29
2024-02-12,2,REF002,98
2024-02-12,2,REF002,19
2024-02-12,2,REF002,85
2024-02-12,3,REF003,87
2024-02-12,3,REF003,2
2024-02-12,4,REF004,1
2024-02-12,5,REF005,83
2024-02-12,5,REF005,35
2024-02-12,5,REF005,81
2024-02-12,5,REF005,52
2024-02-12,6,REF006,40
2024-02-12,6,REF006,79
2024-02-12,6,REF006,20
2024-02-12,6,REF006,50
2024-02-12,6,REF006,25
2024-02-12,6,REF006,14
2024-02-12,7,REF007,56
2024-02-12,7,REF007,10
2024-02-12,9,REF009,20
2024-02-12,10,REF010,53
2024-02-12,11,REF011,60
2024-02-12,11,REF011,27
2024-02-12,11,REF011,1
2024-02-12,12,REF012,44
2024-02-12,13,REF013,93
2024-02-12,14,REF014,59
2024-02-12,14,REF014,46
2024-02-12,14,REF014,73
2024-02-12,14,REF014,49
2024-02-12,14,REF014,66
2024-02-12,15,REF015,33
2024-02-12,15,REF015,9
2024-02-12,15,REF015,57
2024-02-12,17,REF017,33
2024-02-12,18,REF018,52
2024-02-12,18,REF018,74
2024-02-12,18,REF018,23
2024-02-12,18,REF018,88
2024-02-12,18,REF018,62
2024-02-12,18,REF018,12
2024-02-12,18,REF018,67
2024-02-12,18,REF018,3
2024-02-12,19,REF019,27
2024-02-12,19,REF019,86
2024-02-12,20,REF020,92
2024-02-12,20,REF020,44
2024-02-12,20,REF020,93
2024-02-12,20,REF020,4
2024-02-12,20,REF020,45
2024-02-12,20,REF020,36
2024-02-13,1,REF001,24
2024-02-13,1,REF001,72
2024-02-13,2,REF002,53
2024-02-13,2,REF002,30
2024-02-13,2,REF002,15
2024-02-13,2,REF002,59
2024-02-13,2,REF002,51
2024-02-13,3,REF003,50
2024-02-13,3,REF003,10
2024-02-13,3,REF003,2
2024-02-13,3,REF003,53
2024-02-13,4,REF004,16
2024-02-13,4,REF004,100
2024-02-13,4,REF004,41
2024-02-13,4,REF004,30
2024-02-13,5,REF005,8
2024-02-13,5,REF005,11
2024-02-13,5,REF005,70
2024-02-13,6,REF006,56
2024-02-13,6,REF006,97
2024-02-13,6,REF006,32
2024-02-13,6,REF006,20
2024-02-13,6,REF006,18
2024-02-13,6,REF006,83
2024-02-13,7,REF007,67
2024-02-13,7,REF007,8
2024-02-13,7,REF007,92
2024-02-13,8,REF008,87
2024-02-13,9,REF009,18
2024-02-13,9,REF009,64
2024-02-13,9,REF009,73
2024-02-13,9,REF009,85
2024-02-13,9,REF009,88
2024-02-13,9,REF009,8
2024-02-13,10,REF010,55
2024-02-13,10,REF010,24
2024-02-13,11,REF011,100
2024-02-13,11,REF011,79
2024-02-13,12,REF012,71
2024-02-13,12,REF012,44
2024-02-13,13,REF013,33
2024-02-13,13,REF013,39
2024-02-13,13,REF013,78
2024-02-13,13,REF013,73
2024-02-13,14,REF014,69
2024-02-13,14,REF014,87
2024-02-13,15,REF015,99
2024-02-13,16,REF016,36
2024-02-13,16,REF016,43
2024-02-13,16,REF016,55
2024-02-13,16,REF016,53
2024-02-13,17,REF017,30
2024-02-13,17,REF017,68
2024-02-13,17,REF017,4
2024-02-13,17,REF017,98
2024-02-13,17,REF017,100
2024-02-13,17,REF017,92
2024-02-13,17,REF017,24
2024-02-13,17,REF017,51
2024-02-13,17,REF017,15
2024-02-13,18,REF018,26
2024-02-13,18,REF018,23
2024-02-13,18,REF018,79
2024-02-13,19,REF019,65
2024-02-13,19,REF019,32
2024-02-13,19,REF019,53
2024-02-13,19,REF019,85
2024-02-13,19,REF019,11
2024-02-13,19,REF019,74
2024-02-13,20,REF020,80
2024-02-13,20,REF020,8
2024-02-13,20,REF020,88
2024-02-13,20,REF020,24
2024-02-14,1,REF001,88
2024-02-14,2,REF002,90
2024-02-14,2,REF002,4
2024-02-14,2,REF002,98
2024-02-14,2,REF002,99
2024-02-14,2,REF002,85
2024-02-14,3,REF003,82
2024-02-14,3,REF003,79
2024-02-14,4,REF004,98
2024-02-14,5,REF005,4
2024-02-14,5,REF005,100
2024-02-14,5,REF005,67
2024-02-14,5,REF005,9
2024-02-14,5,REF005,24
2024-02-14,5,REF005,14
2024-02-14,5,REF005,21
2024-02-14,6,REF006,9
2024-02-14,7,REF007,33
2024-02-14,7,REF007,17
2024-02-14,7,REF007,66
2024-02-14,8,REF008,27
2024-02-14,8,REF008,9
2024-02-14,8,REF008,55
2024-02-14,9,REF009,98
2024-02-14,9,REF009,39
2024-02-14,9,REF009,12
2024-02-14,9,REF009,96
2024-02-14,10,REF010,5
2024-02-14,10,REF010,49
2024-02-14,11,REF011,36
2024-02-14,11,REF011,57
2024-02-14,12,REF012,41
2024-02-14,14,REF014,15
2024-02-14,14,REF014,11
2024-02-14,14,REF014,22
2024-02-14,15,REF015,22
2024-02-14,15,REF015,5
2024-02-14,15,REF015,42
2024-02-14,16,REF016,66
2024-02-14,17,REF017,65
2024-02-14,17,REF017,20
2024-02-14,17,REF017,39
2024-02-14,17,REF017,58
2024-02-14,19,REF019,37
2024-02-14,19,REF019,52
2024-02-14,19,REF019,60
2024-02-14,19,REF019,50
2024-02-14,20,REF020,12
2024-02-14,20,REF020,88
2024-02-14,20,REF020,89
2024-02-15,2,REF002,90
2024-02-15,2,REF002,81
2024-02-15,3,REF003,34
2024-02-15,3,REF003,97
2024-02-15,3,REF003,99
2024-02-15,5,REF005,19
2024-02-15,5,REF005,78
2024-02-15,5,REF005,9
2024-02-15,5,REF005,83
2024-02-15,6,REF006,66
2024-02-15,6,REF006,16
2024-02-15,6,REF006,14
2024-02-15,6,REF006,85
2024-02-15,7,REF007,40
2024-02-15,7,REF007,41
2024-02-15,8,REF008,44
2024-02-15,8,REF008,89
2024-02-15,8,REF008,17
2024-02-15,8,REF008,68
2024-02-15,8,REF008,75
2024-02-15,8,REF008,10
2024-02-15,9,REF009,8
2024-02-15,9,REF009,9
2024-02-15,9,REF009,11
2024-02-15,9,REF009,3
2024-02-15,10,REF010,12
2024-02-15,11,REF011,62
2024-02-15,11,REF011,9
2024-02-15,12,REF012,35
2024-02-15,12,REF012,35
2024-02-15,12,REF012,51
2024-02-15,12,REF012,4
2024-02-15,12,REF012,1
2024-02-15,12,REF012,89
2024-02-15,13,REF013,93
2024-02-15,15,REF015,77
2024-02-15,15,REF015,52
2024-02-15,15,REF015,59
2024-02-15,15,REF015,99
2024-02-15,16,REF016,96
2024-02-15,16,REF016,24
2024-02-15,16,REF016,70
2024-02-15,17,REF017,78
2024-02-15,17,REF017,96
2024-02-15,17,REF017,15
2024-02-15,17,REF017,25
2024-02-15,18,REF018,60
2024-02-15,19,REF019,64
2024-02-15,19,REF019,82
2024-02-15,19,REF019,80
2024-02-15,19,REF019,36
2024-02-15,19,REF019,62
2024-02-15,19,REF019,30
2024-02-15,20,REF020,35
2024-02-15,20,REF020,28
2024-02-15,20,REF020,37
2024-02-15,20,REF020,45
2024-02-15,20,REF020,80
2024-02-16,1,REF001,25
2024-02-16,1,REF001,58
2024-02-16,1,REF001,79
2024-02-16,2,REF002,26
2024-02-16,2,REF002,77
2024-02-16,2,REF002,45
2024-02-16,2,REF002,42
2024-02-16,2,REF002,52
2024-02-16,3,REF003,98
2024-02-16,3,REF003,27
2024-02-16,4,REF004,7
2024-02-16,4,REF004,3
2024-02-16,4,REF004,78
2024-02-16,5,REF005,14
2024-02-16,5,REF005,67
2024-02-16,5,REF005,94
2024-02-16,6,REF006,62
2024-02-16,6,REF006,82
2024-02-16,6,REF006,81
2024-02-16,6,REF006,55
2024-02-16,7,REF007,58
2024-02-16,7,REF007,95
2024-02-16,8,REF008,96
2024-02-16,8,REF008,38
2024-02-16,8,REF008,31
2024-02-16,10,REF010,98
2024-02-16,10,REF010,48
2024-02-16,10,REF010,69
2024-02-16,10,REF010,3
2024-02-16,10,REF010,60
2024-02-16,10,REF010,92
2024-02-16,10,REF010,78
2024-02-16,11,REF011,52
2024-02-16,11,REF011,69
2024-02-16,12,REF012,79
2024-02-16,12,REF012,70
2024-02-16,13,REF013,15
2024-02-16,13,REF013,93
2024-02-16,13,REF013,61
2024-02-16,13,REF013,13
2024-02-16,14,REF014,40
2024-02-16,14,REF014,39
2024-02-16,15,REF015,42
2024-02-16,15,REF015,63
2024-02-16,16,REF016,85
2024-02-16,16,REF016,27
2024-02-16,16,REF016,98
2024-02-16,16,REF016,22
2024-02-16,17,REF017,51
2024-02-16,17,REF017,69
2024-02-16,17,REF017,56
2024-02-16,17,REF017,13
2024-02-16,18,REF018,27
2024-02-16,19,REF019,9
2024-02-16,19,REF019,80
2024-02-16,19,REF019,20
2024-02-16,20,REF020,8
2024-02-16,20,REF020,11
2024-02-16,20,REF020,52
2024-02-16,20,REF020,70
2024-02-17,1,REF001,2
2024-02-17,1,REF001,59
2024-02-17,1,REF001,95
2024-02-17,1,REF001,73
2024-02-17,1,REF001,10
2024-02-17,2,REF002,77
2024-02-17,2,REF002,43
2024-02-17,2,REF002,26
2024-02-17,2,REF002,74
2024-02-17,2,REF002,84
2024-02-17,3,REF003,73
2024-02-17,3,REF003,23
2024-02-17,3,REF003,44
2024-02-17,3,REF003,27
2024-02-17,4,REF004,84
2024-02-17,4,REF004,19
2024-02-17,6,REF006,87
2024-02-17,6,REF006,95
2024-02-17,6,REF006,18
2024-02-17,6,REF006,40
2024-02-17,6,REF006,80
2024-02-17,7,REF007,44
2024-02-17,7,REF007,46
2024-02-17,8,REF008,12
2024-02-17,8,REF008,73
2024-02-17,8,REF008,44
2024-02-17,9,REF009,21
2024-02-17,10,REF010,6
2024-02-17,10,REF010,20
2024-02-17,10,REF010,44
2024-02-17,10,REF010,65
2024-02-17,10,REF010,68
2024-02-17,11,REF011,66
2024-02-17,11,REF011,76
2024-02-17,13,REF013,26
2024-02-17,13,REF013,1
2024-02-17,14,REF014,11
2024-02-17,15,REF015,69
2024-02-17,15,REF015,47
2024-02-17,15,REF015,74
2024-02-17,15,REF015,98
2024-02-17,15,REF015,17
2024-02-17,16,REF016,81
2024-02-17,17,REF017,16
2024-02-17,18,REF018,63
2024-02-17,18,REF018,4
2024-02-17,18,REF018,42
2024-02-17,18,REF018,16
2024-02-17,18,REF018,87
2024-02-17,19,REF019,43
2024-02-17,19,REF019,30
2024-02-17,19,REF019,54
2024-02-17,19,REF019,91
2024-02-17,20,REF020,49
2024-02-17,20,REF020,88
2024-02-17,20,REF020,64
2024-02-18,1,REF001,100
2024-02-18,1,REF001,98
2024-02-18,1,REF001,44
2024-02-18,1,REF001,62
2024-02-18,1,REF001,36
2024-02-18,2,REF002,79
2024-02-18,2,REF002,86
2024-02-18,3,REF003,17
2024-02-18,3,REF003,52
2024-02-18,3,REF003,96
2024-02-18,4,REF004,70
2024-02-18,4,REF004,65
2024-02-18,5,REF005,66
2024-02-18,6,REF006,64
2024-02-18,7,REF007,92
2024-02-18,7,REF007,34
2024-02-18,9,REF009,84
2024-02-18,9,REF009,16
2024-02-18,9,REF009,76
2024-02-18,10,REF010,71
2024-02-18,10,REF010,51
2024-02-18,10,REF010,63
2024-02-18,10,REF010,43
2024-02-18,10,REF010,92
2024-02-18,11,REF011,88
2024-02-18,11,REF011,47
2024-02-18,11,REF011,100
2024-02-18,11,REF011,88
2024-02-18,12,REF012,35
2024-02-18,12,REF012,71
2024-02-18,12,REF012,41
2024-02-18,13,REF013,28
2024-02-18,13,REF013,13
2024-02-18,14,REF014,30
2024-02-18,14,REF014,13
2024-02-18,14,REF014,65
2024-02-18,15,REF015,27
2024-02-18,15,REF015,55
2024-02-18,16,REF016,33
2024-02-18,16,REF016,41
2024-02-18,16,REF016,66
2024-02-18,16,REF016,54
2024-02-18,16,REF016,5
2024-02-18,17,REF017,45
2024-02-18,18,REF018,89
2024-02-18,18,REF018,41
2024-02-18,18,REF018,62
2024-02-18,19,REF019,9
2024-02-18,19,REF019,57
2024-02-18,19,REF019,94
2024-02-18,20,REF020,71
2024-02-18,20,REF020,38
2024-02-19,1,REF001,13
2024-02-19,1,REF001,89
2024-02-19,1,REF001,31
2024-02-19,2,REF002,16
2024-02-19,3,REF003,18
2024-02-19,3,REF003,82
2024-02-19,3,REF003,89
2024-02-19,3,REF003,48
2024-02-19,4,REF004,97
2024-02-19,4,REF004,72
2024-02-19,5,REF005,22
2024-02-19,5,REF005,54
2024-02-19,6,REF006,80
2024-02-19,7,REF007,100
2024-02-19,7,REF007,88
2024-02-19,7,REF007,76
2024-02-19,8,REF008,31
2024-02-19,8,REF008,62
2024-02-19,9,REF009,62
2024-02-19,10,REF010,46
2024-02-19,10,REF010,37
2024-02-19,10,REF010,72
2024-02-19,11,REF011,76
2024-02-19,11,REF011,84
2024-02-19,11,REF011,26
2024-02-19,11,REF011,58
2024-02-19,12,REF012,63
2024-02-19,12,REF012,73
2024-02-19,12,REF012,19
2024-02-19,13,REF013,77
2024-02-19,13,REF013,21
2024-02-19,13,REF013,59
2024-02-19,13,REF013,91
2024-02-19,13,REF013,57
2024-02-19,14,REF014,97
2024-02-19,14,REF014,23
2024-02-19,15,REF015,93
2024-02-19,15,REF015,37
2024-02-19,16,REF016,51
2024-02-19,16,REF016,17
2024-02-19,16,REF016,15
2024-02-19,16,REF016,50
2024-02-19,17,REF017,89
2024-02-19,18,REF018,43
2024-02-19,18,REF018,49
2024-02-19,18,REF018,1
2024-02-19,19,REF019,28
2024-02-19,20,REF020,94
2024-02-20,1,REF001,97
2024-02-20,1,REF001,60
2024-02-20,2,REF002,32
2024-02-20,2,REF002,72
2024-02-20,2,REF002,11
2024-02-20,2,REF002,87
2024-02-20,4,REF004,56
2024-02-20,4,REF004,5
2024-02-20,4,REF004,18
2024-02-20,6,REF006,79
2024-02-20,8,REF008,17
2024-02-20,8,REF008,32
2024-02-20,8,REF008,41
2024-02-20,9,REF009,61
2024-02-20,9,REF009,73
2024-02-20,10,REF010,49
2024-02-20,10,REF010,6
2024-02-20,10,REF010,51
2024-02-20,11,REF011,93
2024-02-20,11,REF011,21
2024-02-20,11,REF011,45
2024-02-20,12,REF012,8
2024-02-20,12,REF012,70
2024-02-20,12,REF012,25
2024-02-20,13,REF013,6
2024-02-20,13,REF013,45
2024-02-20,14,REF014,72
2024-02-20,14,REF014,93
2024-02-20,15,REF015,53
2024-02-20,15,REF015,79
2024-02-20,15,REF015,50
2024-02-20,15,REF015,89
2024-02-20,15,REF015,22
2024-02-20,15,REF015,1
2024-02-20,16,REF016,23
2024-02-20,16,REF016,83
2024-02-20,17,REF017,67
2024-02-20,18,REF018,99
2024-02-20,18,REF018,39
2024-02-20,18,REF018,98
2024-02-20,19,REF019,82
2024-02-20,19,REF019,76
2024-02-20,20,REF020,55
2024-02-21,1,REF001,75
2024-02-21,2,REF002,87
2024-02-21,2,REF002,12
2024-02-21,2,REF002,75
2024-02-21,2,REF002,62
2024-02-21,3,REF003,74
2024-02-21,3,REF003,80
2024-02-21,3,REF003,34
2024-02-21,3,REF003,88
2024-02-21,3,REF003,39
2024-02-21,3,REF003,26
2024-02-21,5,REF005,76
2024-02-21,6,REF006,35
2024-02-21,7,REF007,26
2024-02-21,7,REF007,26
2024-02-21,8,REF008,2
2024-02-21,8,REF008,54
2024-02-21,9,REF009,60
2024-02-21,10,REF010,87
2024-02-21,10,REF010,69
2024-02-21,11,REF011,11
2024-02-21,11,REF011,15
2024-02-21,11,REF011,6
2024-02-21,12,REF012,87
2024-02-21,12,REF012,4
2024-02-21,12,REF012,68
2024-02-21,13,REF013,57
2024-02-21,13,REF013,35
2024-02-21,13,REF013,60
2024-02-21,14,REF014,35
2024-02-21,16,REF016,9
2024-02-21,16,REF016,79
2024-02-21,16,REF016,55
2024-02-21,17,REF017,13
2024-02-21,17,REF017,64
2024-02-21,17,REF017,3
2024-02-21,18,REF018,63
2024-02-21,18,REF018,39
2024-02-21,19,REF019,29
2024-02-21,19,REF019,16
2024-02-21,19,REF019,93
2024-02-21,20,REF020,83
2024-02-22,1,REF001,89
2024-02-22,1,REF001,62
2024-02-22,1,REF001,55
2024-02-22,1,REF001,93
2024-02-22,1,REF001,67
2024-02-22,3,REF003,12
2024-02-22,3,REF003,98
2024-02-22,5,REF005,10
2024-02-22,5,REF005,96
2024-02-22,6,REF006,94
2024-02-22,6,REF006,38
2024-02-22,6,REF006,38
2024-02-22,7,REF007,83
2024-02-22,7,REF007,15
2024-02-22,8,REF008,19
2024-02-22,8,REF008,60
2024-02-22,8,REF008,85
2024-02-22,8,REF008,88
2024-02-22,9,REF009,76
2024-02-22,9,REF009,68
2024-02-22,9,REF009,40
2024-02-22,9,REF009,92
2024-02-22,10,REF010,83
2024-02-22,10,REF010,76
2024-02-22,10,REF010,14
2024-02-22,10,REF010,48
2024-02-22,11,REF011,67
2024-02-22,12,REF012,82
2024-02-22,12,REF012,76
2024-02-22,12,REF012,19
2024-02-22,12,REF012,65
2024-02-22,12,REF012,68
2024-02-22,14,REF014,9
2024-02-22,14,REF014,46
2024-02-22,14,REF014,98
2024-02-22,14,REF014,23
2024-02-22,14,REF014,59
2024-02-22,14,REF014,40
2024-02-22,14,REF014,17
2024-02-22,14,REF014,10
2024-02-22,15,REF015,56
2024-02-22,16,REF016,6
2024-02-22,16,REF016,2
2024-02-22,17,REF017,71
2024-02-22,17,REF017,66
2024-02-22,18,REF018,44
2024-02-22,18,REF018,90
2024-02-22,19,REF019,86
2024-02-22,19,REF019,63
2024-02-22,20,REF020,52
2024-02-22,20,REF020,27
2024-02-23,1,REF001,46
2024-02-23,2,REF002,87
2024-02-23,2,REF002,28
2024-02-23,2,REF002,95
2024-02-23,3,REF003,38
2024-02-23,3,REF003,38
2024-02-23,3,REF003,25
2024-02-23,3,REF003,48
2024-02-23,3,REF003,55
2024-02-23,4,REF004,44
2024-02-23,5,REF005,4
2024-02-23,6,REF006,44
2024-02-23,6,REF006,74
2024-02-23,7,REF007,5
2024-02-23,7,REF007,42
2024-02-23,7,REF007,78
2024-02-23,7,REF007,92
2024-02-23,8,REF008,67
2024-02-23,8,REF008,76
2024-02-23,8,REF008,42
2024-02-23,9,REF009,40
2024-02-23,9,REF009,98
2024-02-23,9,REF009,77
2024-02-23,9,REF009,47
2024-02-23,9,REF009,17
2024-02-23,9,REF009,16
2024-02-23,10,REF010,28
2024-02-23,10,REF010,96
2024-02-23,10,REF010,33
2024-02-23,11,REF011,51
2024-02-23,11,REF011,53
2024-02-23,11,REF011,50
2024-02-23,12,REF012,80
2024-02-23,12,REF012,65
2024-02-23,12,REF012,55
2024-02-23,13,REF013,28
2024-02-23,13,REF013,39
2024-02-23,15,REF015,91
2024-02-23,15,REF015,55
2024-02-23,16,REF016,43
2024-02-23,17,REF017,65
2024-02-23,17,REF017,44
2024-02-23,17,REF017,68
2024-02-23,18,REF018,100
2024-02-23,18,REF018,6
2024-02-23,19,REF019,99
2024-02-23,19,REF019,85
2024-02-23,19,REF019,15
2024-02-23,20,REF020,83
2024-02-23,20,REF020,4
2024-02-23,20,REF020,65
2024-02-24,1,REF001,26
2024-02-24,1,REF001,17
2024-02-24,1,REF001,57
2024-02-24,1,REF001,83
2024-02-24,2,REF002,5
2024-02-24,2,REF002,25
2024-02-24,3,REF003,19
2024-02-24,3,REF003,88
2024-02-24,3,REF003,87
2024-02-24,4,REF004,1
2024-02-24,5,REF005,52
2024-02-24,5,REF005,9
2024-02-24,5,REF005,100
2024-02-24,5,REF005,52
2024-02-24,7,REF007,55
2024-02-24,8,REF008,37
2024-02-24,8,REF008,33
2024-02-24,9,REF009,66
2024-02-24,9,REF009,79
2024-02-24,9,REF009,98
2024-02-24,9,REF009,68
2024-02-24,10,REF010,58
2024-02-24,10,REF010,70
2024-02-24,13,REF013,59
2024-02-24,13,REF013,90
2024-02-24,15,REF015,22
2024-02-24,15,REF015,27
2024-02-24,16,REF016,28
2024-02-24,17,REF017,78
2024-02-24,17,REF017,15
2024-02-24,19,REF019,70
2024-02-24,20,REF020,85
2024-02-24,20,REF020,45
2024-02-25,1,REF001,4
2024-02-25,1,REF001,86
2024-02-25,2,REF002,38
2024-02-25,3,REF003,97
2024-02-25,3,REF003,94
2024-02-25,4,REF004,18
2024-02-25,4,REF004,47
2024-02-25,4,REF004,26
2024-02-25,6,REF006,24
2024-02-25,6,REF006,23
2024-02-25,6,REF006,46
2024-02-25,6,REF006,64
2024-02-25,7,REF007,35
2024-02-25,7,REF007,15
2024-02-25,7,REF007,91
2024-02-25,8,REF008,27
2024-02-25,8,REF008,1
2024-02-25,9,REF009,69
2024-02-25,9,REF009,19
2024-02-25,9,REF009,77
2024-02-25,9,REF009,39
2024-02-25,10,REF010,9
2024-02-25,10,REF010,27
2024-02-25,10,REF010,31
2024-02-25,10,REF010,86
2024-02-25,10,REF010,22
2024-02-25,11,REF011,79
2024-02-25,11,REF011,62
2024-02-25,11,REF011,79
2024-02-25,11,REF011,4
2024-02-25,11,REF011,53
2024-02-25,11,REF011,32
2024-02-25,11,REF011,70
2024-02-25,12,REF012,30
2024-02-25,12,REF012,28
2024-02-25,14,REF014,7
2024-02-25,14,REF014,42
2024-02-25,14,REF014,65
2024-02-25,15,REF015,77
2024-02-25,15,REF015,78
2024-02-25,15,REF015,80
2024-02-25,16,REF016,17
2024-02-25,16,REF016,49
2024-02-25,17,REF017,27
2024-02-25,17,REF017,91
2024-02-25,17,REF017,72
2024-02-25,17,REF017,97
2024-02-25,17,REF017,89
2024-02-25,17,REF017,86
2024-02-25,17,REF017,66
2024-02-25,18,REF018,83
2024-02-25,18,REF018,100
2024-02-25,18,REF018,14
2024-02-25,18,REF018,85
2024-02-25,18,REF018,12
2024-02-25,20,REF020,57
2024-02-25,20,REF020,65
2024-02-26,1,REF001,56
2024-02-26,1,REF001,85
2024-02-26,1,REF001,91
2024-02-26,2,REF002,98
2024-02-26,3,REF003,56
2024-02-26,4,REF004,62
2024-02-26,5,REF005,72
2024-02-26,6,REF006,49
2024-02-26,6,REF006,78
2024-02-26,6,REF006,58
2024-02-26,7,REF007,35
2024-02-26,7,REF007,36
2024-02-26,7,REF007,41
2024-02-26,7,REF007,52
2024-02-26,7,REF007,85
2024-02-26,8,REF008,88
2024-02-26,8,REF008,6
2024-02-26,8,REF008,87
2024-02-26,8,REF008,85
2024-02-26,9,REF009,66
2024-02-26,9,REF009,70
2024-02-26,11,REF011,60
2024-02-26,12,REF012,18
2024-02-26,12,REF012,20
2024-02-26,13,REF013,61
2024-02-26,13,REF013,33
2024-02-26,14,REF014,4
2024-02-26,14,REF014,51
2024-02-26,15,REF015,89
2024-02-26,15,REF015,52
2024-02-26,15,REF015,80
2024-02-26,15,REF015,7
2024-02-26,15,REF015,46
2024-02-26,15,REF015,72
2024-02-26,15,REF015,80
2024-02-26,15,REF015,100
2024-02-26,16,REF016,86
2024-02-26,16,REF016,48
2024-02-26,16,REF016,20
2024-02-26,18,REF018,68
2024-02-26,19,REF019,18
2024-02-26,20,REF020,16
2024-02-26,20,REF020,44
2024-02-26,20,REF020,92
2024-02-26,20,REF020,12
2024-02-26,20,REF020,32
2024-02-26,20,REF020,63
2024-02-26,20,REF020,58
2024-02-26,20,REF020,71
2024-02-27,1,REF001,24
2024-02-27,1,REF001,41
2024-02-27,1,REF001,83
2024-02-27,2,REF002,68
2024-02-27,2,REF002,40
2024-02-27,3,REF003,79
2024-02-27,3,REF003,74
2024-02-27,3,REF003,41
2024-02-27,3,REF003,47
2024-02-27,3,REF003,21
2024-02-27,4,REF004,33
2024-02-27,4,REF004,78
2024-02-27,4,REF004,18
2024-02-27,5,REF005,33
2024-02-27,5,REF005,36
2024-02-27,6,REF006,7
2024-02-27,6,REF006,16
2024-02-27,7,REF007,12
2024-02-27,7,REF007,22
2024-02-27,7,REF007,85
2024-02-27,8,REF008,97
2024-02-27,8,REF008,52
2024-02-27,9,REF009,20
2024-02-27,9,REF009,77
2024-02-27,9,REF009,74
2024-02-27,9,REF009,3
2024-02-27,9,REF009,58
2024-02-27,9,REF009,3
2024-02-27,9,REF009,31
2024-02-27,10,REF010,65
2024-02-27,10,REF010,59
2024-02-27,11,REF011,5
2024-02-27,12,REF012,37
2024-02-27,12,REF012,64
2024-02-27,13,REF013,6
2024-02-27,14,REF014,96
2024-02-27,14,REF014,60
2024-02-27,15,REF015,89
2024-02-27,15,REF015,16
2024-02-27,15,REF015,86
2024-02-27,15,REF015,31
2024-02-27,15,REF015,33
2024-02-27,16,REF016,88
2024-02-27,16,REF016,39
2024-02-27,16,REF016,80
2024-02-27,17,REF017,23
2024-02-27,17,REF017,72
2024-02-27,18,REF018,60
2024-02-27,18,REF018,49
2024-02-27,19,REF019,61
2024-02-27,19,REF019,25
2024-02-27,19,REF019,39
2024-02-27,19,REF019,40
2024-02-27,19,REF019,61
2024-02-27,19,REF019,33
2024-02-27,20,REF020,77
2024-02-27,20,REF020,57
2024-02-27,20,REF020,22
2024-02-27,20,REF020,45
2024-02-27,20,REF020,16
2024-02-28,1,REF001,91
2024-02-28,1,REF001,21
2024-02-28,1,REF001,44
2024-02-28,2,REF002,98
2024-02-28,2,REF002,77
2024-02-28,2,REF002,42
2024-02-28,2,REF002,66
2024-02-28,3,REF003,86
2024-02-28,3,REF003,81
2024-02-28,3,REF003,49
2024-02-28,3,REF003,71
2024-02-28,4,REF004,92
2024-02-28,6,REF006,95
2024-02-28,6,REF006,38
2024-02-28,7,REF007,7
2024-02-28,7,REF007,11
2024-02-28,7,REF007,38
2024-02-28,7,REF007,62
2024-02-28,7,REF007,72
2024-02-28,7,REF007,37
2024-02-28,7,REF007,1
2024-02-28,8,REF008,30
2024-02-28,9,REF009,16
2024-02-28,11,REF011,51
2024-02-28,11,REF011,7
2024-02-28,11,REF011,40
2024-02-28,11,REF011,98
2024-02-28,11,REF011,96
2024-02-28,11,REF011,50
2024-02-28,11,REF011,71
2024-02-28,11,REF011,76
2024-02-28,12,REF012,25
2024-02-28,12,REF012,96
2024-02-28,12,REF012,51
2024-02-28,13,REF013,64
2024-02-28,13,REF013,43
2024-02-28,13,REF013,41
2024-02-28,13,REF013,51
2024-02-28,13,REF013,55
2024-02-28,14,REF014,26
2024-02-28,14,REF014,14
2024-02-28,15,REF015,88
2024-02-28,17,REF017,98
2024-02-28,17,REF017,96
2024-02-28,17,REF017,85
2024-02-28,17,REF017,8
2024-02-28,18,REF018,63
2024-02-28,18,REF018,23
2024-02-28,20,REF020,63
2024-02-28,20,REF020,97
2024-02-29,1,REF001,36
2024-02-29,1,REF001,23
2024-02-29,2,REF002,59
2024-02-29,2,REF002,96
2024-02-29,2,REF002,26
2024-02-29,2,REF002,65
2024-02-29,2,REF002,52
2024-02-29,3,REF003,42
2024-02-29,3,REF003,93
2024-02-29,4,REF004,53
2024-02-29,4,REF004,95
2024-02-29,4,REF004,47
2024-02-29,5,REF005,72
2024-02-29,5,REF005,53
2024-02-29,6,REF006,42
2024-02-29,7,REF007,6
2024-02-29,7,REF007,68
2024-02-29,7,REF007,74
2024-02-29,7,REF007,44
2024-02-29,8,REF008,53
2024-02-29,8,REF008,28
2024-02-29,8,REF008,24
2024-02-29,8,REF008,53
2024-02-29,10,REF010,60
2024-02-29,10,REF010,60
2024-02-29,10,REF010,22
2024-02-29,11,REF011,92
2024-02-29,12,REF012,90
2024-02-29,12,REF012,11
2024-02-29,13,REF013,78
2024-02-29,14,REF014,16
2024-02-29,14,REF014,40
2024-02-29,14,REF014,93
2024-02-29,15,REF015,10
2024-02-29,15,REF015,46
2024-02-29,15,REF015,1
2024-02-29,16,REF016,45
2024-02-29,16,REF016,41
2024-02-29,16,REF016,15
2024-02-29,17,REF017,60
2024-02-29,17,REF017,38
2024-02-29,17,REF017,31
2024-02-29,18,REF018,25
2024-02-29,18,REF018,87
2024-02-29,18,REF018,86
2024-02-29,18,REF018,100
2024-02-29,18,REF018,96
2024-02-29,18,REF018,86
2024-02-29,19,REF019,45
2024-02-29,19,REF019,49
2024-02-29,20,REF020,76
2024-02-29,20,REF020,14
2024-02-29,20,REF020,55
2024-02-29,20,REF020,48
2024-02-29,20,REF020,59
2024-03-01,1,REF001,91
2024-03-01,1,REF001,39
2024-03-01,1,REF001,5
2024-03-01,2,REF002,39
2024-03-01,2,REF002,51
2024-03-01,2,REF002,82
2024-03-01,2,REF002,35
2024-03-01,3,REF003,37
2024-03-01,3,REF003,2
2024-03-01,4,REF004,63
2024-03-01,4,REF004,15
2024-03-01,4,REF004,83
2024-03-01,4,REF004,85
2024-03-01,4,REF004,90
2024-03-01,5,REF005,99
2024-03-01,5,REF005,73
2024-03-01,5,REF005,37
2024-03-01,6,REF006,32
2024-03-01,6,REF006,29
2024-03-01,6,REF006,34
2024-03-01,6,REF006,10
2024-03-01,7,REF007,66
2024-03-01,7,REF007,99
2024-03-01,8,REF008,39
2024-03-01,8,REF008,69
2024-03-01,8,REF008,34
2024-03-01,9,REF009,86
2024-03-01,10,REF010,89
2024-03-01,10,REF010,77
2024-03-01,10,REF010,100
2024-03-01,10,REF010,92
2024-03-01,11,REF011,69
2024-03-01,11,REF011,67
2024-03-01,11,REF011,86
2024-03-01,12,REF012,90
2024-03-01,12,REF012,2
2024-03-01,14,REF014,85
2024-03-01,14,REF014,21
2024-03-01,14,REF014,89
2024-03-01,14,REF014,37
2024-03-01,14,REF014,25
2024-03-01,14,REF014,51
2024-03-01,15,REF015,21
2024-03-01,16,REF016,71
2024-03-01,16,REF016,33
2024-03-01,16,REF016,14
2024-03-01,17,REF017,23
2024-03-01,17,REF017,70
2024-03-01,17,REF017,95
2024-03-01,17,REF017,53
2024-03-01,18,REF018,56
2024-03-01,18,REF018,71
2024-03-01,18,REF018,83
2024-03-01,18,REF018,15
2024-03-01,19,REF019,71
2024-03-01,19,REF019,79
2024-03-01,19,REF019,65
2024-03-01,19,REF019,40
2024-03-01,20,REF020,35
2024-03-02,1,REF001,49
2024-03-02,1,REF001,87
2024-03-02,1,REF001,13
2024-03-02,2,REF002,74
2024-03-02,3,REF003,30
2024-03-02,3,REF003,90
2024-03-02,4,REF004,74
2024-03-02,4,REF004,38
2024-03-02,4,REF004,88
2024-03-02,4,REF004,79
2024-03-02,4,REF004,83
2024-03-02,5,REF005,2
2024-03-02,6,REF006,29
2024-03-02,6,REF006,79
2024-03-02,6,REF006,68
2024-03-02,6,REF006,79
2024-03-02,7,REF007,5
2024-03-02,7,REF007,40
2024-03-02,7,REF007,99
2024-03-02,8,REF008,81
2024-03-02,8,REF008,91
2024-03-02,9,REF009,39
2024-03-02,11,REF011,27
2024-03-02,11,REF011,4
2024-03-02,11,REF011,90
2024-03-02,12,REF012,79
2024-03-02,12,REF012,68
2024-03-02,12,REF012,2
2024-03-02,13,REF013,75
2024-03-02,14,REF014,24
2024-03-02,14,REF014,2
2024-03-02,14,REF014,38
2024-03-02,14,REF014,25
2024-03-02,14,REF014,53
2024-03-02,15,REF015,48
2024-03-02,15,REF015,24
2024-03-02,15,REF015,10
2024-03-02,16,REF016,94
2024-03-02,17,REF017,32
2024-03-02,18,REF018,48
2024-03-02,18,REF018,31
2024-03-02,18,REF018,24
2024-03-02,19,REF019,20
2024-03-02,20,REF020,14
2024-03-02,20,REF020,61
2024-03-03,1,REF001,93
2024-03-03,1,REF001,50
2024-03-03,1,REF001,5
2024-03-03,1,REF001,45
2024-03-03,1,REF001,54
2024-03-03,2,REF002,1
2024-03-03,3,REF003,65
2024-03-03,3,REF003,54
2024-03-03,3,REF003,92
2024-03-03,4,REF004,5
2024-03-03,4,REF004,53
2024-03-03,6,REF006,89
2024-03-03,6,REF006,73
2024-03-03,6,REF006,7
2024-03-03,6,REF006,82
2024-03-03,7,REF007,74
2024-03-03,8,REF008,45
2024-03-03,8,REF008,20
2024-03-03,9,REF009,41
2024-03-03,9,REF009,61
2024-03-03,10,REF010,4
2024-03-03,10,REF010,77
2024-03-03,11,REF011,13
2024-03-03,11,REF011,61
2024-03-03,11,REF011,60
2024-03-03,12,REF012,34
2024-03-03,12,REF012,62
2024-03-03,12,REF012,86
2024-03-03,13,REF013,18
2024-03-03,13,REF013,78
2024-03-03,13,REF013,54
2024-03-03,13,REF013,63
2024-03-03,13,REF013,68
2024-03-03,14,REF014,69
2024-03-03,14,REF014,76
2024-03-03,14,REF014,79
2024-03-03,15,REF015,15
2024-03-03,15,REF015,86
2024-03-03,15,REF015,3
2024-03-03,15,REF015,40
2024-03-03,16,REF016,89
2024-03-03,16,REF016,56
2024-03-03,16,REF016,53
2024-03-03,17,REF017,10
2024-03-03,17,REF017,17
2024-03-03,17,REF017,81
2024-03-03,18,REF018,55
2024-03-03,19,REF019,65
2024-03-03,19,REF019,26
2024-03-03,19,REF019,99
2024-03-03,19,REF019,22
2024-03-03,19,REF019,91
2024-03-03,19,REF019,89
2024-03-03,20,REF020,18
2024-03-03,20,REF020,15
2024-03-03,20,REF020,74
2024-03-03,20,REF020,24
2024-03-04,1,REF001,54
2024-03-04,2,REF002,82
2024-03-04,2,REF002,80
2024-03-04,3,REF003,40
2024-03-04,3,REF003,53
2024-03-04,3,REF003,54
2024-03-04,3,REF003,51
2024-03-04,3,REF003,20
2024-03-04,3,REF003,12
2024-03-04,3,REF003,35
2024-03-04,4,REF004,35
2024-03-04,4,REF004,8
2024-03-04,5,REF005,52
2024-03-04,5,REF005,88
2024-03-04,5,REF005,11
2024-03-04,6,REF006,46
2024-03-04,6,REF006,47
2024-03-04,7,REF007,27
2024-03-04,7,REF007,68
2024-03-04,7,REF007,51
2024-03-04,7,REF007,97
2024-03-04,8,REF008,64
2024-03-04,8,REF008,57
2024-03-04,8,REF008,72
2024-03-04,8,REF008,50
2024-03-04,9,REF009,28
2024-03-04,9,REF009,49
2024-03-04,10,REF010,3
2024-03-04,10,REF010,61
2024-03-04,11,REF011,80
2024-03-04,11,REF011,54
2024-03-04,11,REF011,39
2024-03-04,12,REF012,70
2024-03-04,12,REF012,30
2024-03-04,13,REF013,44
2024-03-04,13,REF013,91
2024-03-04,13,REF013,2
2024-03-04,13,REF013,18
2024-03-04,13,REF013,60
2024-03-04,14,REF014,43
2024-03-04,14,REF014,83
2024-03-04,14,REF014,96
2024-03-04,14,REF014,13
2024-03-04,15,REF015,77
2024-03-04,15,REF015,63
2024-03-04,15,REF015,49
2024-03-04,15,REF015,85
2024-03-04,15,REF015,52
2024-03-04,15,REF015,70
2024-03-04,16,REF016,9
2024-03-04,16,REF016,59
2024-03-04,17,REF017,39
2024-03-04,17,REF017,43
2024-03-04,17,REF017,32
2024-03-04,18,REF018,41
2024-03-04,18,REF018,79
2024-03-04,18,REF018,4
2024-03-04,19,REF019,45
2024-03-04,19,REF019,72
2024-03-04,19,REF019,4
2024-03-04,19,REF019,85
2024-03-04,20,REF020,2
2024-03-04,20,REF020,37
2024-03-04,20,REF020,27
2024-03-04,20,REF020,77
2024-03-05,1,REF001,1
2024-03-05,2,REF002,76
2024-03-05,2,REF002,54
2024-03-05,2,REF002,29
2024-03-05,2,REF002,58
2024-03-05,2,REF002,45
2024-03-05,3,REF003,99
2024-03-05,3,REF003,29
2024-03-05,4,REF004,77
2024-03-05,5,REF005,87
2024-03-05,5,REF005,38
2024-03-05,5,REF005,96
2024-03-05,6,REF006,38
2024-03-05,6,REF006,85
2024-03-05,7,REF007,64
2024-03-05,7,REF007,43
2024-03-05,8,REF008,30
2024-03-05,8,REF008,69
2024-03-05,8,REF008,54
2024-03-05,9,REF009,65
2024-03-05,9,REF009,11
2024-03-05,9,REF009,75
2024-03-05,9,REF009,43
2024-03-05,10,REF010,90
2024-03-05,10,REF010,79
2024-03-05,10,REF010,28
2024-03-05,10,REF010,32
2024-03-05,11,REF011,46
2024-03-05,11,REF011,63
2024-03-05,12,REF012,37
2024-03-05,12,REF012,39
2024-03-05,13,REF013,75
2024-03-05,13,REF013,83
2024-03-05,13,REF013,64
2024-03-05,13,REF013,83
2024-03-05,13,REF013,88
2024-03-05,13,REF013,73
2024-03-05,13,REF013,74
2024-03-05,14,REF014,39
2024-03-05,14,REF014,36
2024-03-05,15,REF015,80
2024-03-05,15,REF015,53
2024-03-05,15,REF015,11
2024-03-05,15,REF015,87
2024-03-05,16,REF016,8
2024-03-05,16,REF016,42
2024-03-05,16,REF016,42
2024-03-05,16,REF016,92
2024-03-05,17,REF017,30
2024-03-05,18,REF018,29
2024-03-05,18,REF018,3
2024-03-05,19,REF019,81
2024-03-05,19,REF019,17
2024-03-05,19,REF019,53
2024-03-05,19,REF019,95
2024-03-05,20,REF020,40
2024-03-05,20,REF020,22
2024-03-05,20,REF020,59
2024-03-06,1,REF001,36
2024-03-06,1,REF001,69
2024-03-06,1,REF001,94
2024-03-06,2,REF002,25
2024-03-06,2,REF002,85
2024-03-06,3,REF003,11
2024-03-06,3,REF003,50
2024-03-06,4,REF004,70
2024-03-06,4,REF004,35
2024-03-06,4,REF004,66
2024-03-06,4,REF004,7
2024-03-06,5,REF005,54
2024-03-06,5,REF005,80
2024-03-06,5,REF005,46
2024-03-06,6,REF006,9
2024-03-06,6,REF006,17
2024-03-06,6,REF006,25
2024-03-06,6,REF006,52
2024-03-06,7,REF007,41
2024-03-06,7,REF007,72
2024-03-06,7,REF007,4
2024-03-06,8,REF008,24
2024-03-06,8,REF008,41
2024-03-06,9,REF009,95
2024-03-06,9,REF009,6
2024-03-06,9,REF009,40
2024-03-06,9,REF009,73
2024-03-06,10,REF010,80
2024-03-06,10,REF010,32
2024-03-06,10,REF010,34
2024-03-06,10,REF010,22
2024-03-06,11,REF011,47
2024-03-06,11,REF011,64
2024-03-06,11,REF011,100
2024-03-06,11,REF011,20
2024-03-06,11,REF011,92
2024-03-06,11,REF011,78
2024-03-06,11,REF011,58
2024-03-06,11,REF011,4
2024-03-06,12,REF012,15
2024-03-06,12,REF012,96
2024-03-06,12,REF012,21
2024-03-06,13,REF013,71
2024-03-06,13,REF013,49
2024-03-06,13,REF013,92
2024-03-06,13,REF013,15
2024-03-06,13,REF013,94
2024-03-06,13,REF013,20
2024-03-06,14,REF014,89
2024-03-06,14,REF014,80
2024-03-06,14,REF014,46
2024-03-06,14,REF014,28
2024-03-06,15,REF015,46
2024-03-06,15,REF015,29
2024-03-06,15,REF015,78
2024-03-06,15,REF015,48
2024-03-06,16,REF016,11
2024-03-06,16,REF016,54
2024-03-06,16,REF016,45
2024-03-06,17,REF017,9
2024-03-06,17,REF017,21
2024-03-06,17,REF017,69
2024-03-06,17,REF017,12
2024-03-06,17,REF017,20
2024-03-06,17,REF017,38
2024-03-06,17,REF017,63
2024-03-06,18,REF018,51
2024-03-06,18,REF018,38
2024-03-06,18,REF018,75
2024-03-06,19,REF019,15
2024-03-06,19,REF019,87
2024-03-06,19,REF019,71
2024-03-06,19,REF019,2
2024-03-06,20,REF020,98
2024-03-06,20,REF020,68
2024-03-07,1,REF001,61
2024-03-07,2,REF002,21
2024-03-07,2,REF002,51
2024-03-07,2,REF002,97
2024-03-07,3,REF003,10
2024-03-07,4,REF004,53
2024-03-07,5,REF005,67
2024-03-07,5,REF005,58
2024-03-07,5,REF005,49
2024-03-07,5,REF005,95
2024-03-07,5,REF005,61
2024-03-07,6,REF006,28
2024-03-07,6,REF006,73
2024-03-07,7,REF007,28
2024-03-07,8,REF008,17
2024-03-07,8,REF008,76
2024-03-07,8,REF008,42
2024-03-07,9,REF009,24
2024-03-07,9,REF009,66
2024-03-07,9,REF009,52
2024-03-07,10,REF010,69
2024-03-07,10,REF010,34
2024-03-07,10,REF010,4
2024-03-07,10,REF010,45
2024-03-07,11,REF011,40
2024-03-07,11,REF011,39
2024-03-07,11,REF011,74
2024-03-07,12,REF012,8
2024-03-07,12,REF012,30
2024-03-07,12,REF012,60
2024-03-07,12,REF012,72
2024-03-07,14,REF014,87
2024-03-07,15,REF015,100
2024-03-07,15,REF015,34
2024-03-07,15,REF015,97
2024-03-07,15,REF015,74
2024-03-07,15,REF015,69
2024-03-07,16,REF016,51
2024-03-07,17,REF017,94
2024-03-07,17,REF017,66
2024-03-07,17,REF017,2
2024-03-07,18,REF018,94
2024-03-07,18,REF018,94
2024-03-07,18,REF018,43
2024-03-07,19,REF019,94
2024-03-07,19,REF019,32
2024-03-07,19,REF019,7
2024-03-07,19,REF019,65
2024-03-07,19,REF019,8
2024-03-07,19,REF019,52
2024-03-07,19,REF019,95
2024-03-07,20,REF020,98
2024-03-07,20,REF020,83
2024-03-08,1,REF001,4
2024-03-08,1,REF001,34
2024-03-08,1,REF001,12
2024-03-08,1,REF001,19
2024-03-08,2,REF002,65
2024-03-08,2,REF002,61
2024-03-08,2,REF002,14
2024-03-08,2,REF002,19
2024-03-08,3,REF003,89
2024-03-08,5,REF005,22
2024-03-08,5,REF005,48
2024-03-08,6,REF006,27
2024-03-08,6,REF006,67
2024-03-08,6,REF006,83
2024-03-08,6,REF006,47
2024-03-08,7,REF007,41
2024-03-08,7,REF007,37
2024-03-08,8,REF008,48
2024-03-08,8,REF008,7
2024-03-08,8,REF008,99
2024-03-08,8,REF008,59
2024-03-08,9,REF009,59
2024-03-08,9,REF009,19
2024-03-08,9,REF009,5
2024-03-08,9,REF009,82
2024-03-08,11,REF011,88
2024-03-08,11,REF011,29
2024-03-08,12,REF012,26
2024-03-08,12,REF012,53
2024-03-08,12,REF012,34
2024-03-08,12,REF012,82
2024-03-08,13,REF013,14
2024-03-08,13,REF013,98
2024-03-08,14,REF014,64
2024-03-08,14,REF014,32
2024-03-08,14,REF014,21
2024-03-08,14,REF014,36
2024-03-08,15,REF015,80
2024-03-08,16,REF016,19
2024-03-08,16,REF016,9
2024-03-08,16,REF016,80
2024-03-08,18,REF018,31
2024-03-08,18,REF018,79
2024-03-08,18,REF018,26
2024-03-08,20,REF020,38
2024-03-08,20,REF020,33
2024-03-09,1,REF001,43
2024-03-09,2,REF002,71
2024-03-09,2,REF002,54
2024-03-09,2,REF002,84
2024-03-09,3,REF003,96
2024-03-09,3,REF003,48
2024-03-09,3,REF003,76
2024-03-09,3,REF003,27
2024-03-09,4,REF004,17
2024-03-09,4,REF004,53
2024-03-09,5,REF005,40
2024-03-09,6,REF006,88
2024-03-09,6,REF006,90
2024-03-09,6,REF006,36
2024-03-09,7,REF007,10
2024-03-09,8,REF008,79
2024-03-09,8,REF008,28
2024-03-09,8,REF008,44
2024-03-09,8,REF008,85
2024-03-09,10,REF010,15
2024-03-09,10,REF010,57
2024-03-09,10,REF010,53
2024-03-09,10,REF010,77
2024-03-09,11,REF011,78
2024-03-09,12,REF012,32
2024-03-09,12,REF012,23
2024-03-09,12,REF012,4
2024-03-09,12,REF012,56
2024-03-09,13,REF013,6
2024-03-09,13,REF013,11
2024-03-09,13,REF013,48
2024-03-09,13,REF013,93
2024-03-09,13,REF013,5
2024-03-09,14,REF014,12
2024-03-09,14,REF014,44
2024-03-09,14,REF014,60
2024-03-09,14,REF014,15
2024-03-09,15,REF015,14
2024-03-09,15,REF015,9
2024-03-09,16,REF016,15
2024-03-09,16,REF016,84
2024-03-09,16,REF016,82
2024-03-09,16,REF016,39
2024-03-09,17,REF017,76
2024-03-09,17,REF017,88
2024-03-09,17,REF017,34
2024-03-09,18,REF018,76
2024-03-09,19,REF019,53
2024-03-09,19,REF019,21
2024-03-09,19,REF019,82
2024-03-09,19,REF019,65
2024-03-09,20,REF020,37
2024-03-09,20,REF020,75
2024-03-09,20,REF020,18
2024-03-09,20,REF020,42
2024-03-10,1,REF001,77
2024-03-10,1,REF001,30
2024-03-10,1,REF001,23
2024-03-10,1,REF001,74
2024-03-10,2,REF002,63
2024-03-10,2,REF002,7
2024-03-10,2,REF002,23
2024-03-10,2,REF002,37
2024-03-10,2,REF002,23
2024-03-10,3,REF003,50
2024-03-10,3,REF003,82
2024-03-10,5,REF005,46
2024-03-10,5,REF005,61
2024-03-10,6,REF006,54
2024-03-10,6,REF006,71
2024-03-10,6,REF006,69
2024-03-10,7,REF007,50
2024-03-10,7,REF007,1
2024-03-10,8,REF008,41
2024-03-10,8,REF008,90
2024-03-10,8,REF008,96
2024-03-10,8,REF008,92
2024-03-10,8,REF008,5
2024-03-10,8,REF008,77
2024-03-10,9,REF009,23
2024-03-10,9,REF009,45
2024-03-10,9,REF009,30
2024-03-10,10,REF010,96
2024-03-10,10,REF010,37
2024-03-10,10,REF010,59
2024-03-10,10,REF010,6
2024-03-10,10,REF010,83
2024-03-10,11,REF011,39
2024-03-10,11,REF011,83
2024-03-10,12,REF012,64
2024-03-10,12,REF012,32
2024-03-10,12,REF012,85
2024-03-10,12,REF012,51
2024-03-10,12,REF012,36
2024-03-10,13,REF013,6
2024-03-10,14,REF014,77
2024-03-10,14,REF014,26
2024-03-10,15,REF015,68
2024-03-10,15,REF015,45
2024-03-10,15,REF015,10
2024-03-10,15,REF015,18
2024-03-10,16,REF016,88
2024-03-10,16,REF016,43
2024-03-10,17,REF017,34
2024-03-10,17,REF017,7
2024-03-10,17,REF017,47
2024-03-10,17,REF017,6
2024-03-10,17,REF017,66
2024-03-10,18,REF018,37
2024-03-10,19,REF019,25
2024-03-10,20,REF020,45
2024-03-10,20,REF020,62
2024-03-11,2,REF002,13
2024-03-11,2,REF002,75
2024-03-11,3,REF003,9
2024-03-11,3,REF003,8
2024-03-11,3,REF003,85
2024-03-11,3,REF003,13
2024-03-11,4,REF004,61
2024-03-11,4,REF004,88
2024-03-11,4,REF004,41
2024-03-11,4,REF004,92
2024-03-11,4,REF004,44
2024-03-11,4,REF004,39
2024-03-11,5,REF005,90
2024-03-11,5,REF005,59
2024-03-11,5,REF005,14
2024-03-11,6,REF006,58
2024-03-11,6,REF006,60
2024-03-11,7,REF007,95
2024-03-11,7,REF007,20
2024-03-11,8,REF008,35
2024-03-11,8,REF008,78
2024-03-11,8,REF008,24
2024-03-11,9,REF009,92
2024-03-11,9,REF009,11
2024-03-11,10,REF010,63
2024-03-11,10,REF010,36
2024-03-11,10,REF010,98
2024-03-11,10,REF010,10
2024-03-11,10,REF010,57
2024-03-11,10,REF010,95
2024-03-11,11,REF011,71
2024-03-11,11,REF011,69
2024-03-11,11,REF011,88
2024-03-11,11,REF011,79
2024-03-11,11,REF011,54
2024-03-11,12,REF012,83
2024-03-11,13,REF013,95
2024-03-11,13,REF013,98
2024-03-11,14,REF014,10
2024-03-11,15,REF015,91
2024-03-11,15,REF015,87
2024-03-11,16,REF016,30
2024-03-11,16,REF016,94
2024-03-11,16,REF016,87
2024-03-11,16,REF016,52
2024-03-11,17,REF017,98
2024-03-11,17,REF017,40
2024-03-11,17,REF017,28
2024-03-11,17,REF017,41
2024-03-11,18,REF018,57
2024-03-11,18,REF018,17
2024-03-11,18,REF018,59
2024-03-11,18,REF018,78
2024-03-11,19,REF019,25
2024-03-11,19,REF019,32
2024-03-11,19,REF019,3
2024-03-11,19,REF019,89
2024-03-11,20,REF020,95
2024-03-12,1,REF001,18
2024-03-12,1,REF001,52
2024-03-12,2,REF002,17
2024-03-12,2,REF002,40
2024-03-12,2,REF002,45
2024-03-12,2,REF002,76
2024-03-12,2,REF002,31
2024-03-12,3,REF003,84
2024-03-12,3,REF003,57
2024-03-12,3,REF003,81
2024-03-12,4,REF004,41
2024-03-12,6,REF006,5
2024-03-12,6,REF006,17
2024-03-12,7,REF007,29
2024-03-12,7,REF007,43
2024-03-12,8,REF008,27
2024-03-12,9,REF009,7
2024-03-12,10,REF010,7
2024-03-12,10,REF010,61
2024-03-12,10,REF010,75
2024-03-12,10,REF010,41
2024-03-12,10,REF010,35
2024-03-12,11,REF011,100
2024-03-12,11,REF011,8
2024-03-12,11,REF011,5
2024-03-12,11,REF011,77
2024-03-12,14,REF014,32
2024-03-12,14,REF014,73
2024-03-12,14,REF014,35
2024-03-12,14,REF014,9
2024-03-12,14,REF014,24
2024-03-12,15,REF015,40
2024-03-12,15,REF015,65
2024-03-12,16,REF016,38
2024-03-12,16,REF016,57
2024-03-12,16,REF016,71
2024-03-12,16,REF016,83
2024-03-12,17,REF017,23
2024-03-12,17,REF017,34
2024-03-12,18,REF018,77
2024-03-12,18,REF018,45
2024-03-12,18,REF018,1
2024-03-12,18,REF018,41
2024-03-12,20,REF020,62
2024-03-12,20,REF020,83
2024-03-13,1,REF001,100
2024-03-13,1,REF001,37
2024-03-13,1,REF001,48
2024-03-13,1,REF001,74
2024-03-13,1,REF001,80
2024-03-13,1,REF001,9
2024-03-13,2,REF002,82
2024-03-13,2,REF002,29
2024-03-13,3,REF003,75
2024-03-13,3,REF003,68
2024-03-13,3,REF003,49
2024-03-13,4,REF004,45
2024-03-13,4,REF004,4
2024-03-13,5,REF005,71
2024-03-13,5,REF005,20
2024-03-13,6,REF006,61
2024-03-13,6,REF006,100
2024-03-13,7,REF007,95
2024-03-13,7,REF007,8
2024-03-13,7,REF007,44
2024-03-13,8,REF008,60
2024-03-13,9,REF009,3
2024-03-13,9,REF009,49
2024-03-13,9,REF009,81
2024-03-13,9,REF009,73
2024-03-13,10,REF010,39
2024-03-13,10,REF010,1
2024-03-13,11,REF011,28
2024-03-13,11,REF011,53
2024-03-13,12,REF012,53
2024-03-13,13,REF013,80
2024-03-13,13,REF013,44
2024-03-13,13,REF013,9
2024-03-13,15,REF015,51
2024-03-13,15,REF015,85
2024-03-13,15,REF015,17
2024-03-13,16,REF016,80
2024-03-13,16,REF016,14
2024-03-13,16,REF016,73
2024-03-13,16,REF016,67
2024-03-13,17,REF017,53
2024-03-13,17,REF017,34
2024-03-13,17,REF017,45
2024-03-13,17,REF017,27
2024-03-13,17,REF017,11
2024-03-13,17,REF017,40
2024-03-13,17,REF017,43
2024-03-13,18,REF018,9
2024-03-13,18,REF018,76
2024-03-13,18,REF018,85
2024-03-13,19,REF019,65
2024-03-13,20,REF020,73
2024-03-14,1,REF001,57
2024-03-14,1,REF001,95
2024-03-14,1,REF001,71
2024-03-14,2,REF002,52
2024-03-14,2,REF002,33
2024-03-14,2,REF002,82
2024-03-14,3,REF003,21
2024-03-14,3,REF003,31
2024-03-14,3,REF003,10
2024-03-14,5,REF005,77
2024-03-14,5,REF005,61
2024-03-14,6,REF006,21
2024-03-14,6,REF006,58
2024-03-14,6,REF006,66
2024-03-14,7,REF007,78
2024-03-14,7,REF007,52
2024-03-14,7,REF007,87
2024-03-14,8,REF008,4
2024-03-14,8,REF008,65
2024-03-14,9,REF009,4
2024-03-14,9,REF009,95
2024-03-14,9,REF009,58
2024-03-14,10,REF010,65
2024-03-14,11,REF011,77
2024-03-14,11,REF011,34
2024-03-14,12,REF012,44
2024-03-14,12,REF012,39
2024-03-14,12,REF012,38
2024-03-14,13,REF013,59
2024-03-14,13,REF013,18
2024-03-14,14,REF014,45
2024-03-14,14,REF014,70
2024-03-14,14,REF014,5
2024-03-14,14,REF014,57
2024-03-14,14,REF014,39
2024-03-14,14,REF014,53
2024-03-14,15,REF015,35
2024-03-14,15,REF015,25
2024-03-14,15,REF015,66
2024-03-14,15,REF015,54
2024-03-14,15,REF015,81
2024-03-14,15,REF015,41
2024-03-14,15,REF015,45
2024-03-14,16,REF016,8
2024-03-14,16,REF016,89
2024-03-14,17,REF017,70
2024-03-14,18,REF018,54
2024-03-14,19,REF019,7
2024-03-14,19,REF019,37
2024-03-15,1,REF001,36
2024-03-15,1,REF001,39
2024-03-15,1,REF001,2
2024-03-15,1,REF001,73
2024-03-15,2,REF002,15
2024-03-15,2,REF002,58
2024-03-15,3,REF003,80
2024-03-15,5,REF005,27
2024-03-15,5,REF005,96
2024-03-15,6,REF006,6
2024-03-15,6,REF006,61
2024-03-15,6,REF006,16
2024-03-15,7,REF007,62
2024-03-15,7,REF007,68
2024-03-15,7,REF007,62
2024-03-15,7,REF007,4
2024-03-15,8,REF008,71
2024-03-15,8,REF008,45
2024-03-15,8,REF008,40
2024-03-15,9,REF009,90
2024-03-15,9,REF009,6
2024-03-15,10,REF010,60
2024-03-15,11,REF011,59
2024-03-15,11,REF011,42
2024-03-15,11,REF011,13
2024-03-15,11,REF011,86
2024-03-15,11,REF011,9
2024-03-15,11,REF011,28
2024-03-15,12,REF012,35
2024-03-15,12,REF012,26
2024-03-15,12,REF012,60
2024-03-15,12,REF012,86
2024-03-15,13,REF013,11
2024-03-15,13,REF013,83
2024-03-15,14,REF014,83
2024-03-15,14,REF014,84
2024-03-15,14,REF014,89
2024-03-15,15,REF015,46
2024-03-15,16,REF016,54
2024-03-15,17,REF017,10
2024-03-15,17,REF017,18
2024-03-15,17,REF017,10
2024-03-15,18,REF018,10
2024-03-15,18,REF018,21
2024-03-15,18,REF018,69
2024-03-15,18,REF018,30
2024-03-15,19,REF019,45
2024-03-15,19,REF019,39
2024-03-15,19,REF019,21
2024-03-15,19,REF019,64
2024-03-15,19,REF019,94
2024-03-15,19,REF019,40
2024-03-15,19,REF019,1
2024-03-15,19,REF019,62
2024-03-15,20,REF020,32
2024-03-15,20,REF020,3
2024-03-15,20,REF020,9
2024-03-15,20,REF020,35
2024-03-15,20,REF020,41
2024-03-16,1,REF001,55
2024-03-16,1,REF001,25
2024-03-16,1,REF001,33
2024-03-16,1,REF001,64
2024-03-16,1,REF001,24
2024-03-16,2,REF002,65
2024-03-16,2,REF002,61
2024-03-16,2,REF002,1
2024-03-16,4,REF004,38
2024-03-16,4,REF004,26
2024-03-16,5,REF005,69
2024-03-16,5,REF005,38
2024-03-16,5,REF005,15
2024-03-16,5,REF005,86
2024-03-16,6,REF006,88
2024-03-16,7,REF007,55
2024-03-16,7,REF007,12
2024-03-16,8,REF008,23
2024-03-16,8,REF008,24
2024-03-16,9,REF009,52
2024-03-16,9,REF009,87
2024-03-16,10,REF010,90
2024-03-16,10,REF010,1
2024-03-16,10,REF010,84
2024-03-16,10,REF010,90
2024-03-16,10,REF010,21
2024-03-16,11,REF011,79
2024-03-16,11,REF011,90
2024-03-16,11,REF011,53
2024-03-16,12,REF012,70
2024-03-16,12,REF012,82
2024-03-16,12,REF012,49
2024-03-16,13,REF013,91
2024-03-16,13,REF013,19
2024-03-16,13,REF013,40
2024-03-16,14,REF014,49
2024-03-16,14,REF014,27
2024-03-16,14,REF014,58
2024-03-16,15,REF015,55
2024-03-16,15,REF015,40
2024-03-16,15,REF015,75
2024-03-16,15,REF015,3
2024-03-16,15,REF015,66
2024-03-16,15,REF015,93
2024-03-16,16,REF016,33
2024-03-16,17,REF017,7
2024-03-16,18,REF018,73
2024-03-16,18,REF018,99
2024-03-16,19,REF019,87
2024-03-16,19,REF019,10
2024-03-16,19,REF019,33
2024-03-16,19,REF019,38
2024-03-16,19,REF019,72
2024-03-16,20,REF020,86
2024-03-17,1,REF001,71
2024-03-17,1,REF001,32
2024-03-17,1,REF001,88
2024-03-17,1,REF001,12
2024-03-17,1,REF001,71
2024-03-17,2,REF002,49
2024-03-17,3,REF003,96
2024-03-17,4,REF004,85
2024-03-17,4,REF004,16
2024-03-17,4,REF004,65
2024-03-17,5,REF005,4
2024-03-17,5,REF005,100
2024-03-17,5,REF005,47
2024-03-17,6,REF006,92
2024-03-17,7,REF007,83
2024-03-17,7,REF007,68
2024-03-17,8,REF008,66
2024-03-17,8,REF008,50
2024-03-17,10,REF010,66
2024-03-17,10,REF010,83
2024-03-17,11,REF011,53
2024-03-17,11,REF011,44
2024-03-17,11,REF011,51
2024-03-17,12,REF012,79
2024-03-17,12,REF012,25
2024-03-17,12,REF012,18
2024-03-17,12,REF012,73
2024-03-17,12,REF012,34
2024-03-17,12,REF012,89
2024-03-17,12,REF012,25
2024-03-17,13,REF013,94
2024-03-17,13,REF013,4
2024-03-17,13,REF013,89
2024-03-17,13,REF013,71
2024-03-17,15,REF015,80
2024-03-17,15,REF015,57
2024-03-17,15,REF015,47
2024-03-17,16,REF016,56
2024-03-17,16,REF016,75
2024-03-17,16,REF016,47
2024-03-17,16,REF016,72
2024-03-17,17,REF017,24
2024-03-17,17,REF017,2
2024-03-17,17,REF017,23
2024-03-17,18,REF018,78
2024-03-17,18,REF018,70
2024-03-17,18,REF018,82
2024-03-17,19,REF019,63
2024-03-17,19,REF019,41
2024-03-17,20,REF020,32
2024-03-17,20,REF020,9
2024-03-18,1,REF001,73
2024-03-18,1,REF001,58
2024-03-18,1,REF001,88
2024-03-18,1,REF001,13
2024-03-18,1,REF001,13
2024-03-18,1,REF001,90
2024-03-18,2,REF002,22
2024-03-18,2,REF002,46
2024-03-18,4,REF004,84
2024-03-18,4,REF004,43
2024-03-18,4,REF004,17
2024-03-18,4,REF004,56
2024-03-18,5,REF005,47
2024-03-18,5,REF005,12
2024-03-18,5,REF005,36
2024-03-18,5,REF005,49
2024-03-18,6,REF006,27
2024-03-18,6,REF006,40
2024-03-18,6,REF006,83
2024-03-18,7,REF007,7
2024-03-18,7,REF007,61
2024-03-18,8,REF008,28
2024-03-18,8,REF008,87
2024-03-18,8,REF008,22
2024-03-18,8,REF008,87
2024-03-18,8,REF008,81
2024-03-18,9,REF009,70
2024-03-18,9,REF009,88
2024-03-18,9,REF009,2
2024-03-18,10,REF010,25
2024-03-18,11,REF011,62
2024-03-18,12,REF012,19
2024-03-18,12,REF012,62
2024-03-18,12,REF012,27
2024-03-18,13,REF013,1
2024-03-18,13,REF013,7
2024-03-18,13,REF013,100
2024-03-18,14,REF014,87
2024-03-18,14,REF014,84
2024-03-18,15,REF015,95
2024-03-18,16,REF016,91
2024-03-18,16,REF016,46
2024-03-18,16,REF016,70
2024-03-18,18,REF018,85
2024-03-18,20,REF020,19
2024-03-18,20,REF020,71
2024-03-19,1,REF001,11
2024-03-19,1,REF001,99
2024-03-19,1,REF001,1
2024-03-19,2,REF002,12
2024-03-19,2,REF002,11
2024-03-19,3,REF003,33
2024-03-19,5,REF005,58
2024-03-19,5,REF005,72
2024-03-19,5,REF005,58
2024-03-19,5,REF005,87
2024-03-19,5,REF005,67
2024-03-19,6,REF006,48
2024-03-19,6,REF006,91
2024-03-19,6,REF006,32
2024-03-19,6,REF006,16
2024-03-19,7,REF007,39
2024-03-19,7,REF007,56
2024-03-19,7,REF007,79
2024-03-19,8,REF008,34
2024-03-19,8,REF008,40
2024-03-19,8,REF008,91
2024-03-19,9,REF009,4
2024-03-19,9,REF009,15
2024-03-19,9,REF009,27
2024-03-19,9,REF009,91
2024-03-19,10,REF010,34
2024-03-19,11,REF011,65
2024-03-19,11,REF011,39
2024-03-19,11,REF011,96
2024-03-19,12,REF012,86
2024-03-19,12,REF012,69
2024-03-19,13,REF013,90
2024-03-19,13,REF013,13
2024-03-19,13,REF013,36
2024-03-19,13,REF013,52
2024-03-19,14,REF014,86
2024-03-19,14,REF014,82
2024-03-19,15,REF015,84
2024-03-19,15,REF015,81
2024-03-19,15,REF015,44
2024-03-19,15,REF015,35
2024-03-19,15,REF015,32
2024-03-19,15,REF015,21
2024-03-19,15,REF015,12
2024-03-19,15,REF015,95
2024-03-19,15,REF015,67
2024-03-19,16,REF016,44
2024-03-19,16,REF016,45
2024-03-19,16,REF016,53
2024-03-19,16,REF016,63
2024-03-19,17,REF017,72
2024-03-19,17,REF017,61
2024-03-19,17,REF017,25
2024-03-19,17,REF017,60
2024-03-19,17,REF017,59
2024-03-19,18,REF018,17
2024-03-19,18,REF018,57
2024-03-19,18,REF018,50
2024-03-19,18,REF018,12
2024-03-19,18,REF018,82
2024-03-19,18,REF018,27
2024-03-19,19,REF019,51
2024-03-19,19,REF019,35
2024-03-19,20,REF020,72
2024-03-20,1,REF001,15
2024-03-20,1,REF001,94
2024-03-20,2,REF002,93
2024-03-20,2,REF002,57
2024-03-20,2,REF002,88
2024-03-20,2,REF002,9
2024-03-20,2,REF002,29
2024-03-20,2,REF002,40
2024-03-20,3,REF003,53
2024-03-20,4,REF004,45
2024-03-20,4,REF004,75
2024-03-20,4,REF004,4
2024-03-20,4,REF004,41
2024-03-20,5,REF005,22
2024-03-20,5,REF005,34
2024-03-20,5,REF005,72
2024-03-20,6,REF006,78
2024-03-20,6,REF006,24
2024-03-20,6,REF006,40
2024-03-20,7,REF007,78
2024-03-20,8,REF008,49
2024-03-20,9,REF009,90
2024-03-20,10,REF010,62
2024-03-20,10,REF010,58
2024-03-20,10,REF010,5
2024-03-20,11,REF011,61
2024-03-20,12,REF012,46
2024-03-20,12,REF012,19
2024-03-20,13,REF013,60
2024-03-20,13,REF013,29
2024-03-20,13,REF013,34
2024-03-20,14,REF014,81
2024-03-20,16,REF016,1
2024-03-20,16,REF016,81
2024-03-20,17,REF017,74
2024-03-20,17,REF017,94
2024-03-20,17,REF017,81
2024-03-20,18,REF018,19
2024-03-20,19,REF019,88
2024-03-20,19,REF019,24
2024-03-20,20,REF020,7
2024-03-20,20,REF020,46
2024-03-20,20,REF020,95
2024-03-21,1,REF001,69
2024-03-21,1,REF001,93
2024-03-21,1,REF001,25
2024-03-21,1,REF001,88
2024-03-21,2,REF002,96
2024-03-21,2,REF002,42
2024-03-21,2,REF002,70
2024-03-21,2,REF002,53
2024-03-21,3,REF003,97
2024-03-21,3,REF003,14
2024-03-21,3,REF003,13
2024-03-21,3,REF003,64
2024-03-21,4,REF004,24
2024-03-21,4,REF004,99
2024-03-21,4,REF004,75
2024-03-21,4,REF004,22
2024-03-21,4,REF004,22
2024-03-21,5,REF005,8
2024-03-21,5,REF005,98
2024-03-21,6,REF006,74
2024-03-21,6,REF006,74
2024-03-21,7,REF007,42
2024-03-21,7,REF007,24
2024-03-21,7,REF007,41
2024-03-21,7,REF007,2
2024-03-21,8,REF008,91
2024-03-21,9,REF009,17
2024-03-21,9,REF009,78
2024-03-21,10,REF010,60
2024-03-21,10,REF010,94
2024-03-21,11,REF011,79
2024-03-21,11,REF011,30
2024-03-21,11,REF011,85
2024-03-21,12,REF012,28
2024-03-21,12,REF012,37
2024-03-21,13,REF013,58
2024-03-21,13,REF013,74
2024-03-21,13,REF013,51
2024-03-21,14,REF014,64
2024-03-21,14,REF014,84
2024-03-21,14,REF014,63
2024-03-21,14,REF014,76
2024-03-21,15,REF015,91
2024-03-21,15,REF015,70
2024-03-21,15,REF015,96
2024-03-21,16,REF016,68
2024-03-21,16,REF016,91
2024-03-21,16,REF016,21
2024-03-21,18,REF018,53
2024-03-21,18,REF018,2
2024-03-21,19,REF019,8
2024-03-21,19,REF019,8
2024-03-21,19,REF019,87
2024-03-21,19,REF019,55
2024-03-21,19,REF019,87
2024-03-21,19,REF019,14
2024-03-21,19,REF019,78
2024-03-21,19,REF019,57
2024-03-21,20,REF020,22
2024-03-21,20,REF020,27
2024-03-22,1,REF001,75
2024-03-22,1,REF001,45
2024-03-22,1,REF001,93
2024-03-22,1,REF001,66
2024-03-22,2,REF002,37
2024-03-22,3,REF003,53
2024-03-22,3,REF003,77
2024-03-22,4,REF004,7
2024-03-22,5,REF005,36
2024-03-22,5,REF005,19
2024-03-22,5,REF005,49
2024-03-22,5,REF005,22
2024-03-22,6,REF006,65
2024-03-22,6,REF006,23
2024-03-22,6,REF006,37
2024-03-22,6,REF006,50
2024-03-22,6,REF006,74
2024-03-22,6,REF006,89
2024-03-22,6,REF006,80
2024-03-22,6,REF006,71
2024-03-22,7,REF007,18
2024-03-22,7,REF007,83
2024-03-22,8,REF008,94
2024-03-22,9,REF009,64
2024-03-22,10,REF010,4
2024-03-22,10,REF010,96
2024-03-22,10,REF010,23
2024-03-22,12,REF012,88
2024-03-22,12,REF012,100
2024-03-22,12,REF012,87
2024-03-22,12,REF012,53
2024-03-22,12,REF012,14
2024-03-22,12,REF012,19
2024-03-22,13,REF013,88
2024-03-22,14,REF014,13
2024-03-22,14,REF014,22
2024-03-22,14,REF014,18
2024-03-22,15,REF015,59
2024-03-22,15,REF015,60
2024-03-22,15,REF015,94
2024-03-22,15,REF015,97
2024-03-22,16,REF016,56
2024-03-22,16,REF016,22
2024-03-22,17,REF017,63
2024-03-22,17,REF017,97
2024-03-22,18,REF018,3
2024-03-22,18,REF018,69
2024-03-22,18,REF018,54
2024-03-22,18,REF018,11
2024-03-22,18,REF018,4
2024-03-22,19,REF019,80
2024-03-22,19,REF019,82
2024-03-22,20,REF020,81
2024-03-22,20,REF020,84
2024-03-23,2,REF002,51
2024-03-23,2,REF002,3
2024-03-23,2,REF002,2
2024-03-23,3,REF003,3
2024-03-23,3,REF003,67
2024-03-23,3,REF003,26
2024-03-23,3,REF003,83
2024-03-23,4,REF004,56
2024-03-23,4,REF004,65
2024-03-23,4,REF004,19
2024-03-23,4,REF004,76
2024-03-23,4,REF004,55
2024-03-23,5,REF005,20
2024-03-23,5,REF005,4
2024-03-23,5,REF005,93
2024-03-23,5,REF005,14
2024-03-23,5,REF005,30
2024-03-23,6,REF006,61
2024-03-23,7,REF007,40
2024-03-23,8,REF008,97
2024-03-23,8,REF008,92
2024-03-23,8,REF008,44
2024-03-23,8,REF008,99
2024-03-23,8,REF008,31
2024-03-23,9,REF009,74
2024-03-23,9,REF009,2
2024-03-23,9,REF009,59
2024-03-23,10,REF010,56
2024-03-23,10,REF010,66
2024-03-23,11,REF011,72
2024-03-23,12,REF012,47
2024-03-23,12,REF012,29
2024-03-23,12,REF012,36
2024-03-23,12,REF012,39
2024-03-23,13,REF013,86
2024-03-23,13,REF013,67
2024-03-23,13,REF013,87
2024-03-23,14,REF014,82
2024-03-23,15,REF015,17
2024-03-23,15,REF015,60
2024-03-23,16,REF016,17
2024-03-23,16,REF016,23
2024-03-23,16,REF016,20
2024-03-23,17,REF017,61
2024-03-23,17,REF017,98
2024-03-23,17,REF017,36
2024-03-23,18,REF018,65
2024-03-23,18,REF018,50
2024-03-23,18,REF018,82
2024-03-23,19,REF019,72
2024-03-23,19,REF019,40
2024-03-23,19,REF019,69
2024-03-23,19,REF019,29
2024-03-23,19,REF019,86
2024-03-23,20,REF020,91
2024-03-23,20,REF020,6
2024-03-23,20,REF020,47
2024-03-23,20,REF020,56
2024-03-23,20,REF020,73
2024-03-24,1,REF001,84
2024-03-24,1,REF001,71
2024-03-24,1,REF001,92
2024-03-24,2,REF002,30
2024-03-24,2,REF002,51
2024-03-24,2,REF002,42
2024-03-24,2,REF002,58
2024-03-24,2,REF002,1
2024-03-24,2,REF002,57
2024-03-24,3,REF003,7
2024-03-24,3,REF003,3
2024-03-24,4,REF004,13
2024-03-24,4,REF004,27
2024-03-24,5,REF005,31
2024-03-24,5,REF005,57
2024-03-24,5,REF005,73
2024-03-24,5,REF005,99
2024-03-24,5,REF005,71
2024-03-24,6,REF006,60
2024-03-24,6,REF006,25
2024-03-24,6,REF006,32
2024-03-24,7,REF007,83
2024-03-24,7,REF007,55
2024-03-24,8,REF008,36
2024-03-24,8,REF008,91
2024-03-24,8,REF008,46
2024-03-24,8,REF008,55
2024-03-24,8,REF008,34
2024-03-24,9,REF009,16
2024-03-24,9,REF009,8
2024-03-24,9,REF009,6
2024-03-24,10,REF010,7
2024-03-24,10,REF010,62
2024-03-24,10,REF010,57
2024-03-24,10,REF010,19
2024-03-24,11,REF011,31
2024-03-24,11,REF011,61
2024-03-24,11,REF011,62
2024-03-24,11,REF011,11
2024-03-24,11,REF011,52
2024-03-24,11,REF011,59
2024-03-24,12,REF012,91
2024-03-24,13,REF013,14
2024-03-24,14,REF014,80
2024-03-24,16,REF016,63
2024-03-24,16,REF016,52
2024-03-24,16,REF016,69
2024-03-24,16,REF016,82
2024-03-24,16,REF016,65
2024-03-24,17,REF017,37
2024-03-24,17,REF017,58
2024-03-24,17,REF017,21
2024-03-24,18,REF018,85
2024-03-24,18,REF018,95
2024-03-24,18,REF018,88
2024-03-24,20,REF020,1
2024-03-24,20,REF020,97
2024-03-25,1,REF001,19
2024-03-25,1,REF001,84
2024-03-25,1,REF001,10
2024-03-25,1,REF001,4
2024-03-25,2,REF002,47
2024-03-25,2,REF002,100
2024-03-25,2,REF002,19
2024-03-25,3,REF003,75
2024-03-25,4,REF004,45
2024-03-25,4,REF004,62
2024-03-25,4,REF004,31
2024-03-25,5,REF005,31
2024-03-25,5,REF005,42
2024-03-25,5,REF005,26
2024-03-25,6,REF006,14
2024-03-25,6,REF006,36
2024-03-25,7,REF007,94
2024-03-25,7,REF007,67
2024-03-25,9,REF009,63
2024-03-25,9,REF009,96
2024-03-25,9,REF009,13
2024-03-25,9,REF009,59
2024-03-25,10,REF010,96
2024-03-25,10,REF010,69
2024-03-25,10,REF010,85
2024-03-25,11,REF011,46
2024-03-25,11,REF011,42
2024-03-25,11,REF011,68
2024-03-25,12,REF012,53
2024-03-25,12,REF012,29
2024-03-25,12,REF012,22
2024-03-25,12,REF012,92
2024-03-25,12,REF012,89
2024-03-25,13,REF013,85
2024-03-25,13,REF013,81
2024-03-25,13,REF013,100
2024-03-25,14,REF014,67
2024-03-25,15,REF015,4
2024-03-25,15,REF015,67
2024-03-25,16,REF016,69
2024-03-25,16,REF016,85
2024-03-25,16,REF016,93
2024-03-25,17,REF017,56
2024-03-25,17,REF017,50
2024-03-25,17,REF017,81
2024-03-25,17,REF017,25
2024-03-25,18,REF018,47
2024-03-25,18,REF018,55
2024-03-25,19,REF019,59
2024-03-25,20,REF020,51
2024-03-25,20,REF020,68
2024-03-25,20,REF020,95
2024-03-25,20,REF020,78
2024-03-25,20,REF020,37
2024-03-25,20,REF020,5
2024-03-25,20,REF020,85
2024-03-25,20,REF020,39
2024-03-25,20,REF020,66
2024-03-25,20,REF020,36
2024-03-26,1,REF001,12
2024-03-26,1,REF001,56
2024-03-26,1,REF001,31
2024-03-26,2,REF002,57
2024-03-26,2,REF002,75
2024-03-26,2,REF002,65
2024-03-26,2,REF002,53
2024-03-26,3,REF003,57
2024-03-26,3,REF003,87
2024-03-26,3,REF003,83
2024-03-26,3,REF003,80
2024-03-26,3,REF003,6
2024-03-26,3,REF003,78
2024-03-26,4,REF004,17
2024-03-26,5,REF005,32
2024-03-26,5,REF005,87
2024-03-26,5,REF005,14
2024-03-26,5,REF005,76
2024-03-26,5,REF005,62
2024-03-26,5,REF005,45
2024-03-26,5,REF005,22
2024-03-26,6,REF006,99
2024-03-26,6,REF006,2
2024-03-26,8,REF008,1
2024-03-26,8,REF008,69
2024-03-26,8,REF008,37
2024-03-26,8,REF008,40
2024-03-26,8,REF008,4
2024-03-26,8,REF008,45
2024-03-26,9,REF009,68
2024-03-26,9,REF009,79
2024-03-26,9,REF009,43
2024-03-26,9,REF009,70
2024-03-26,9,REF009,95
2024-03-26,10,REF010,24
2024-03-26,10,REF010,99
2024-03-26,11,REF011,19
2024-03-26,11,REF011,14
2024-03-26,11,REF011,67
2024-03-26,11,REF011,98
2024-03-26,11,REF011,70
2024-03-26,12,REF012,37
2024-03-26,12,REF012,53
2024-03-26,13,REF013,30
2024-03-26,13,REF013,34
2024-03-26,14,REF014,93
2024-03-26,14,REF014,99
2024-03-26,15,REF015,97
2024-03-26,15,REF015,42
2024-03-26,17,REF017,58
2024-03-26,17,REF017,61
2024-03-26,17,REF017,39
2024-03-26,17,REF017,87
2024-03-26,17,REF017,52
2024-03-26,18,REF018,30
2024-03-26,18,REF018,1
2024-03-26,18,REF018,93
2024-03-26,18,REF018,75
2024-03-26,18,REF018,12
2024-03-26,18,REF018,89
2024-03-26,19,REF019,20
2024-03-26,19,REF019,5
2024-03-26,20,REF020,57
2024-03-26,20,REF020,30
2024-03-27,2,REF002,37
2024-03-27,2,REF002,47
2024-03-27,3,REF003,51
2024-03-27,3,REF003,73
2024-03-27,3,REF003,92
2024-03-27,3,REF003,53
2024-03-27,4,REF004,59
2024-03-27,4,REF004,31
2024-03-27,4,REF004,98
2024-03-27,4,REF004,32
2024-03-27,4,REF004,17
2024-03-27,4,REF004,74
2024-03-27,4,REF004,99
2024-03-27,5,REF005,95
2024-03-27,5,REF005,70
2024-03-27,5,REF005,48
2024-03-27,5,REF005,83
2024-03-27,6,REF006,83
2024-03-27,6,REF006,18
2024-03-27,6,REF006,76
2024-03-27,6,REF006,32
2024-03-27,6,REF006,13
2024-03-27,7,REF007,26
2024-03-27,8,REF008,83
2024-03-27,8,REF008,84
2024-03-27,8,REF008,1
2024-03-27,8,REF008,82
2024-03-27,9,REF009,98
2024-03-27,9,REF009,47
2024-03-27,10,REF010,57
2024-03-27,11,REF011,79
2024-03-27,11,REF011,32
2024-03-27,12,REF012,26
2024-03-27,13,REF013,68
2024-03-27,13,REF013,84
2024-03-27,13,REF013,4
2024-03-27,14,REF014,79
2024-03-27,14,REF014,34
2024-03-27,14,REF014,24
2024-03-27,14,REF014,87
2024-03-27,15,REF015,92
2024-03-27,15,REF015,69
2024-03-27,15,REF015,36
2024-03-27,15,REF015,8
2024-03-27,16,REF016,87
2024-03-27,16,REF016,49
2024-03-27,17,REF017,89
2024-03-27,17,REF017,55
2024-03-27,18,REF018,74
2024-03-27,18,REF018,2
2024-03-27,18,REF018,42
2024-03-27,20,REF020,87
2024-03-28,1,REF001,69
2024-03-28,1,REF001,97
2024-03-28,1,REF001,6
2024-03-28,1,REF001,12
2024-03-28,2,REF002,81
2024-03-28,3,REF003,95
2024-03-28,3,REF003,60
2024-03-28,3,REF003,1
2024-03-28,5,REF005,49
2024-03-28,5,REF005,49
2024-03-28,5,REF005,89
2024-03-28,5,REF005,7
2024-03-28,6,REF006,73
2024-03-28,6,REF006,66
2024-03-28,6,REF006,97
2024-03-28,6,REF006,70
2024-03-28,7,REF007,11
2024-03-28,7,REF007,15
2024-03-28,8,REF008,59
2024-03-28,8,REF008,62
2024-03-28,9,REF009,52
2024-03-28,9,REF009,75
2024-03-28,9,REF009,99
2024-03-28,9,REF009,79
2024-03-28,10,REF010,55
2024-03-28,11,REF011,46
2024-03-28,11,REF011,77
2024-03-28,12,REF012,4
2024-03-28,12,REF012,18
2024-03-28,13,REF013,27
2024-03-28,13,REF013,85
2024-03-28,13,REF013,35
2024-03-28,14,REF014,14
2024-03-28,14,REF014,40
2024-03-28,14,REF014,6
2024-03-28,15,REF015,9
2024-03-28,15,REF015,2
2024-03-28,15,REF015,14
2024-03-28,15,REF015,4
2024-03-28,16,REF016,100
2024-03-28,16,REF016,50
2024-03-28,16,REF016,69
2024-03-28,16,REF016,48
2024-03-28,17,REF017,28
2024-03-28,17,REF017,12
2024-03-28,18,REF018,86
2024-03-28,19,REF019,51
2024-03-28,19,REF019,38
2024-03-28,19,REF019,33
2024-03-28,20,REF020,42
2024-03-28,20,REF020,40
2024-03-28,20,REF020,8
2024-03-29,1,REF001,71
2024-03-29,1,REF001,77
2024-03-29,1,REF001,88
2024-03-29,2,REF002,74
2024-03-29,2,REF002,8
2024-03-29,2,REF002,86
2024-03-29,2,REF002,90
2024-03-29,3,REF003,44
2024-03-29,3,REF003,49
2024-03-29,4,REF004,29
2024-03-29,4,REF004,55
2024-03-29,4,REF004,20
2024-03-29,5,REF005,1
2024-03-29,5,REF005,5
2024-03-29,5,REF005,76
2024-03-29,5,REF005,18
2024-03-29,6,REF006,43
2024-03-29,6,REF006,42
2024-03-29,7,REF007,15
2024-03-29,7,REF007,15
2024-03-29,7,REF007,34
2024-03-29,8,REF008,87
2024-03-29,8,REF008,79
2024-03-29,8,REF008,7
2024-03-29,9,REF009,99
2024-03-29,9,REF009,31
2024-03-29,10,REF010,62
2024-03-29,11,REF011,100
2024-03-29,11,REF011,57
2024-03-29,11,REF011,29
2024-03-29,12,REF012,64
2024-03-29,12,REF012,58
2024-03-29,12,REF012,100
2024-03-29,13,REF013,40
2024-03-29,13,REF013,62
2024-03-29,14,REF014,20
2024-03-29,14,REF014,60
2024-03-29,14,REF014,23
2024-03-29,15,REF015,72
2024-03-29,15,REF015,72
2024-03-29,15,REF015,19
2024-03-29,15,REF015,60
2024-03-29,16,REF016,20
2024-03-29,16,REF016,4
2024-03-29,17,REF017,19
2024-03-29,17,REF017,25
2024-03-29,17,REF017,48
2024-03-29,17,REF017,83
2024-03-29,18,REF018,44
2024-03-29,19,REF019,67
2024-03-29,19,REF019,24
2024-03-29,20,REF020,95
2024-03-29,20,REF020,5
2024-03-29,20,REF020,48
2024-03-29,20,REF020,92
2024-03-30,1,REF001,20
2024-03-30,1,REF001,54
2024-03-30,2,REF002,55
2024-03-30,2,REF002,95
2024-03-30,3,REF003,70
2024-03-30,3,REF003,47
2024-03-30,3,REF003,13
2024-03-30,3,REF003,31
2024-03-30,4,REF004,2
2024-03-30,5,REF005,79
2024-03-30,5,REF005,18
2024-03-30,5,REF005,24
2024-03-30,5,REF005,34
2024-03-30,6,REF006,11
2024-03-30,6,REF006,88
2024-03-30,6,REF006,15
2024-03-30,7,REF007,55
2024-03-30,7,REF007,99
2024-03-30,7,REF007,9
2024-03-30,7,REF007,57
2024-03-30,7,REF007,64
2024-03-30,7,REF007,30
2024-03-30,8,REF008,13
2024-03-30,8,REF008,22
2024-03-30,9,REF009,100
2024-03-30,9,REF009,23
2024-03-30,10,REF010,45
2024-03-30,10,REF010,26
2024-03-30,10,REF010,19
2024-03-30,10,REF010,76
2024-03-30,11,REF011,78
2024-03-30,11,REF011,20
2024-03-30,11,REF011,72
2024-03-30,11,REF011,100
2024-03-30,11,REF011,83
2024-03-30,13,REF013,90
2024-03-30,13,REF013,5
2024-03-30,13,REF013,70
2024-03-30,14,REF014,18
2024-03-30,14,REF014,35
2024-03-30,16,REF016,21
2024-03-30,16,REF016,37
2024-03-30,16,REF016,30
2024-03-30,16,REF016,97
2024-03-30,17,REF017,35
2024-03-30,17,REF017,53
2024-03-30,17,REF017,100
2024-03-30,17,REF017,51
2024-03-30,17,REF017,44
2024-03-30,18,REF018,76
2024-03-30,18,REF018,17
2024-03-30,18,REF018,4
2024-03-30,18,REF018,64
2024-03-30,18,REF018,86
2024-03-30,18,REF018,72
2024-03-30,19,REF019,18
2024-03-30,19,REF019,30
2024-03-30,19,REF019,42
2024-03-30,20,REF020,26
2024-03-30,20,REF020,76
2024-03-30,20,REF020,83
2024-03-31,1,REF001,12
2024-03-31,1,REF001,13
2024-03-31,1,REF001,51
2024-03-31,2,REF002,75
2024-03-31,2,REF002,67
2024-03-31,2,REF002,34
2024-03-31,3,REF003,76
2024-03-31,6,REF006,40
2024-03-31,6,REF006,31
2024-03-31,7,REF007,84
2024-03-31,7,REF007,71
2024-03-31,8,REF008,3
2024-03-31,8,REF008,11
2024-03-31,8,REF008,45
2024-03-31,8,REF008,55
2024-03-31,9,REF009,72
2024-03-31,9,REF009,70
2024-03-31,9,REF009,12
2024-03-31,9,REF009,56
2024-03-31,10,REF010,28
2024-03-31,10,REF010,13
2024-03-31,11,REF011,21
2024-03-31,11,REF011,47
2024-03-31,12,REF012,11
2024-03-31,12,REF012,95
2024-03-31,12,REF012,44
2024-03-31,12,REF012,57
2024-03-31,14,REF014,58
2024-03-31,15,REF015,91
2024-03-31,15,REF015,7
2024-03-31,15,REF015,43
2024-03-31,16,REF016,77
2024-03-31,17,REF017,24
2024-03-31,18,REF018,31
2024-03-31,18,REF018,33
2024-03-31,19,REF019,11
2024-03-31,19,REF019,80
2024-03-31,20,REF020,87
2024-04-01,1,REF001,23
2024-04-01,2,REF002,50
2024-04-01,3,REF003,74
2024-04-01,3,REF003,99
2024-04-01,3,REF003,32
2024-04-01,4,REF004,99
2024-04-01,4,REF004,48
2024-04-01,4,REF004,10
2024-04-01,5,REF005,89
2024-04-01,5,REF005,3
2024-04-01,5,REF005,68
2024-04-01,6,REF006,25
2024-04-01,6,REF006,68
2024-04-01,7,REF007,36
2024-04-01,8,REF008,74
2024-04-01,8,REF008,44
2024-04-01,9,REF009,69
2024-04-01,9,REF009,81
2024-04-01,9,REF009,67
2024-04-01,9,REF009,79
2024-04-01,9,REF009,53
2024-04-01,10,REF010,2
2024-04-01,11,REF011,81
2024-04-01,11,REF011,77
2024-04-01,11,REF011,78
2024-04-01,12,REF012,44
2024-04-01,13,REF013,66
2024-04-01,13,REF013,90
2024-04-01,14,REF014,36
2024-04-01,14,REF014,91
2024-04-01,15,REF015,30
2024-04-01,15,REF015,3
2024-04-01,15,REF015,36
2024-04-01,16,REF016,99
2024-04-01,16,REF016,94
2024-04-01,16,REF016,100
2024-04-01,16,REF016,11
2024-04-01,16,REF016,75
2024-04-01,16,REF016,96
2024-04-01,17,REF017,53
2024-04-01,17,REF017,26
2024-04-01,17,REF017,10
2024-04-01,17,REF017,75
2024-04-01,17,REF017,19
2024-04-01,18,REF018,16
2024-04-01,18,REF018,93
2024-04-01,18,REF018,16
2024-04-01,18,REF018,37
2024-04-01,19,REF019,17
2024-04-01,19,REF019,20
2024-04-01,19,REF019,72
2024-04-01,19,REF019,3
2024-04-01,19,REF019,12
2024-04-01,19,REF019,68
2024-04-01,20,REF020,46
2024-04-01,20,REF020,77
2024-04-02,1,REF001,57
2024-04-02,1,REF001,38
2024-04-02,2,REF002,20
2024-04-02,3,REF003,32
2024-04-02,3,REF003,45
2024-04-02,3,REF003,53
2024-04-02,3,REF003,77
2024-04-02,3,REF003,28
2024-04-02,4,REF004,21
2024-04-02,4,REF004,79
2024-04-02,4,REF004,84
2024-04-02,6,REF006,93
2024-04-02,6,REF006,3
2024-04-02,6,REF006,66
2024-04-02,6,REF006,95
2024-04-02,7,REF007,43
2024-04-02,7,REF007,19
2024-04-02,7,REF007,86
2024-04-02,8,REF008,22
2024-04-02,8,REF008,8
2024-04-02,8,REF008,89
2024-04-02,9,REF009,14
2024-04-02,9,REF009,78
2024-04-02,10,REF010,56
2024-04-02,10,REF010,96
2024-04-02,10,REF010,89
2024-04-02,10,REF010,30
2024-04-02,10,REF010,55
2024-04-02,11,REF011,75
2024-04-02,11,REF011,38
2024-04-02,12,REF012,74
2024-04-02,13,REF013,12
2024-04-02,13,REF013,17
2024-04-02,13,REF013,76
2024-04-02,14,REF014,6
2024-04-02,14,REF014,35
2024-04-02,15,REF015,92
2024-04-02,15,REF015,33
2024-04-02,15,REF015,2
2024-04-02,15,REF015,74
2024-04-02,15,REF015,42
2024-04-02,16,REF016,86
2024-04-02,16,REF016,85
2024-04-02,16,REF016,17
2024-04-02,17,REF017,88
2024-04-02,17,REF017,44
2024-04-02,17,REF017,90
2024-04-02,18,REF018,66
2024-04-02,18,REF018,35
2024-04-02,18,REF018,67
2024-04-02,19,REF019,58
2024-04-02,19,REF019,18
2024-04-02,19,REF019,50
2024-04-02,19,REF019,62
2024-04-02,19,REF019,86
2024-04-02,20,REF020,82
2024-04-02,20,REF020,44
2024-04-03,1,REF001,34
2024-04-03,1,REF001,54
2024-04-03,1,REF001,9
2024-04-03,1,REF001,42
2024-04-03,1,REF001,9
2024-04-03,2,REF002,17
2024-04-03,3,REF003,87
2024-04-03,3,REF003,94
2024-04-03,3,REF003,42
2024-04-03,3,REF003,5
2024-04-03,3,REF003,91
2024-04-03,4,REF004,31
2024-04-03,4,REF004,95
2024-04-03,4,REF004,30
2024-04-03,5,REF005,17
2024-04-03,5,REF005,40
2024-04-03,5,REF005,47
2024-04-03,6,REF006,96
2024-04-03,6,REF006,68
2024-04-03,6,REF006,80
2024-04-03,7,REF007,26
2024-04-03,7,REF007,51
2024-04-03,7,REF007,77
2024-04-03,7,REF007,17
2024-04-03,7,REF007,9
2024-04-03,8,REF008,90
2024-04-03,8,REF008,62
2024-04-03,9,REF009,12
2024-04-03,10,REF010,84
2024-04-03,10,REF010,62
2024-04-03,10,REF010,3
2024-04-03,11,REF011,23
2024-04-03,11,REF011,51
2024-04-03,12,REF012,87
2024-04-03,12,REF012,66
2024-04-03,12,REF012,17
2024-04-03,12,REF012,10
2024-04-03,12,REF012,30
2024-04-03,13,REF013,76
2024-04-03,13,REF013,42
2024-04-03,13,REF013,22
2024-04-03,14,REF014,61
2024-04-03,14,REF014,95
2024-04-03,15,REF015,45
2024-04-03,15,REF015,3
2024-04-03,15,REF015,84
2024-04-03,16,REF016,92
2024-04-03,16,REF016,30
2024-04-03,17,REF017,74
2024-04-03,17,REF017,34
2024-04-03,17,REF017,100
2024-04-03,18,REF018,26
2024-04-03,18,REF018,96
2024-04-03,18,REF018,32
2024-04-03,18,REF018,28
2024-04-03,19,REF019,53
2024-04-03,19,REF019,61
2024-04-03,19,REF019,35
2024-04-03,20,REF020,61
2024-04-04,1,REF001,78
2024-04-04,1,REF001,16
2024-04-04,1,REF001,94
2024-04-04,1,REF001,22
2024-04-04,2,REF002,65
2024-04-04,2,REF002,2
2024-04-04,2,REF002,56
2024-04-04,2,REF002,67
2024-04-04,3,REF003,94
2024-04-04,3,REF003,48
2024-04-04,3,REF003,20
2024-04-04,4,REF004,28
2024-04-04,4,REF004,19
2024-04-04,4,REF004,10
2024-04-04,5,REF005,84
2024-04-04,5,REF005,61
2024-04-04,5,REF005,1
2024-04-04,5,REF005,76
2024-04-04,6,REF006,66
2024-04-04,6,REF006,92
2024-04-04,6,REF006,59
2024-04-04,6,REF006,73
2024-04-04,7,REF007,32
2024-04-04,7,REF007,35
2024-04-04,8,REF008,88
2024-04-04,8,REF008,73
2024-04-04,8,REF008,40
2024-04-04,8,REF008,10
2024-04-04,9,REF009,15
2024-04-04,9,REF009,57
2024-04-04,10,REF010,27
2024-04-04,11,REF011,55
2024-04-04,11,REF011,34
2024-04-04,11,REF011,35
2024-04-04,11,REF011,63
2024-04-04,12,REF012,18
2024-04-04,12,REF012,65
2024-04-04,12,REF012,86
2024-04-04,12,REF012,51
2024-04-04,13,REF013,86
2024-04-04,13,REF013,95
2024-04-04,13,REF013,24
2024-04-04,14,REF014,75
2024-04-04,14,REF014,62
2024-04-04,14,REF014,97
2024-04-04,14,REF014,59
2024-04-04,14,REF014,24
2024-04-04,14,REF014,11
2024-04-04,15,REF015,65
2024-04-04,15,REF015,31
2024-04-04,15,REF015,55
2024-04-04,17,REF017,1
2024-04-04,17,REF017,34
2024-04-04,18,REF018,73
2024-04-04,19,REF019,40
2024-04-04,19,REF019,64
2024-04-04,19,REF019,27
2024-04-04,19,REF019,68
2024-04-04,20,REF020,81
2024-04-05,1,REF001,72
2024-04-05,2,REF002,36
2024-04-05,2,REF002,54
2024-04-05,2,REF002,85
2024-04-05,3,REF003,98
2024-04-05,3,REF003,41
2024-04-05,3,REF003,80
2024-04-05,3,REF003,24
2024-04-05,4,REF004,17
2024-04-05,4,REF004,47
2024-04-05,4,REF004,73
2024-04-05,4,REF004,34
2024-04-05,4,REF004,69
2024-04-05,4,REF004,31
2024-04-05,4,REF004,41
2024-04-05,4,REF004,41
2024-04-05,5,REF005,39
2024-04-05,5,REF005,61
2024-04-05,5,REF005,65
2024-04-05,6,REF006,31
2024-04-05,6,REF006,57
2024-04-05,7,REF007,40
2024-04-05,8,REF008,69
2024-04-05,8,REF008,96
2024-04-05,8,REF008,17
2024-04-05,8,REF008,52
2024-04-05,9,REF009,59
2024-04-05,10,REF010,44
2024-04-05,10,REF010,74
2024-04-05,11,REF011,74
2024-04-05,11,REF011,34
2024-04-05,11,REF011,27
2024-04-05,11,REF011,19
2024-04-05,12,REF012,87
2024-04-05,12,REF012,2
2024-04-05,13,REF013,47
2024-04-05,13,REF013,85
2024-04-05,13,REF013,76
2024-04-05,13,REF013,87
2024-04-05,14,REF014,39
2024-04-05,14,REF014,74
2024-04-05,14,REF014,18
2024-04-05,14,REF014,30
2024-04-05,15,REF015,81
2024-04-05,16,REF016,57
2024-04-05,16,REF016,87
2024-04-05,17,REF017,2
2024-04-05,17,REF017,80
2024-04-05,17,REF017,9
2024-04-05,18,REF018,29
2024-04-05,18,REF018,48
2024-04-05,19,REF019,49
2024-04-05,20,REF020,39
2024-04-05,20,REF020,69
2024-04-06,1,REF001,19
2024-04-06,1,REF001,11
2024-04-06,1,REF001,58
2024-04-06,1,REF001,56
2024-04-06,2,REF002,28
2024-04-06,3,REF003,88
2024-04-06,3,REF003,62
2024-04-06,4,REF004,3
2024-04-06,4,REF004,95
2024-04-06,4,REF004,42
2024-04-06,4,REF004,36
2024-04-06,6,REF006,18
2024-04-06,7,REF007,78
2024-04-06,7,REF007,8
2024-04-06,7,REF007,13
2024-04-06,7,REF007,70
2024-04-06,8,REF008,54
2024-04-06,8,REF008,50
2024-04-06,9,REF009,44
2024-04-06,9,REF009,83
2024-04-06,9,REF009,50
2024-04-06,9,REF009,48
2024-04-06,9,REF009,58
2024-04-06,10,REF010,28
2024-04-06,10,REF010,89
2024-04-06,10,REF010,52
2024-04-06,10,REF010,52
2024-04-06,11,REF011,33
2024-04-06,11,REF011,65
2024-04-06,12,REF012,84
2024-04-06,12,REF012,79
2024-04-06,12,REF012,78
2024-04-06,13,REF013,100
2024-04-06,13,REF013,11
2024-04-06,14,REF014,51
2024-04-06,14,REF014,22
2024-04-06,15,REF015,67
2024-04-06,15,REF015,65
2024-04-06,15,REF015,13
2024-04-06,15,REF015,54
2024-04-06,17,REF017,19
2024-04-06,17,REF017,76
2024-04-06,17,REF017,54
2024-04-06,17,REF017,53
2024-04-06,17,REF017,97
2024-04-06,18,REF018,89
2024-04-06,18,REF018,73
2024-04-06,18,REF018,26
2024-04-06,18,REF018,66
2024-04-06,19,REF019,32
2024-04-06,20,REF020,8
2024-04-06,20,REF020,15
2024-04-06,20,REF020,90
2024-04-06,20,REF020,91
2024-04-06,20,REF020,13
2024-04-06,20,REF020,97
2024-04-06,20,REF020,27
2024-04-06,20,REF020,86
2024-04-07,1,REF001,58
2024-04-07,1,REF001,22
2024-04-07,1,REF001,6
2024-04-07,2,REF002,73
2024-04-07,2,REF002,19
2024-04-07,2,REF002,68
2024-04-07,3,REF003,36
2024-04-07,3,REF003,56
2024-04-07,3,REF003,73
2024-04-07,3,REF003,21
2024-04-07,3,REF003,22
2024-04-07,4,REF004,94
2024-04-07,4,REF004,68
2024-04-07,4,REF004,80
2024-04-07,5,REF005,47
2024-04-07,5,REF005,93
2024-04-07,6,REF006,70
2024-04-07,6,REF006,83
2024-04-07,6,REF006,89
2024-04-07,6,REF006,46
2024-04-07,6,REF006,31
2024-04-07,6,REF006,25
2024-04-07,6,REF006,16
2024-04-07,6,REF006,100
2024-04-07,7,REF007,35
2024-04-07,7,REF007,93
2024-04-07,7,REF007,40
2024-04-07,8,REF008,10
2024-04-07,8,REF008,69
2024-04-07,9,REF009,22
2024-04-07,9,REF009,94
2024-04-07,10,REF010,94
2024-04-07,10,REF010,91
2024-04-07,10,REF010,84
2024-04-07,10,REF010,69
2024-04-07,10,REF010,75
2024-04-07,11,REF011,7
2024-04-07,12,REF012,20
2024-04-07,12,REF012,40
2024-04-07,12,REF012,99
2024-04-07,12,REF012,57
2024-04-07,12,REF012,60
2024-04-07,13,REF013,24
2024-04-07,15,REF015,99
2024-04-07,15,REF015,8
2024-04-07,15,REF015,25
2024-04-07,15,REF015,67
2024-04-07,15,REF015,70
2024-04-07,16,REF016,15
2024-04-07,16,REF016,78
2024-04-07,17,REF017,86
2024-04-07,18,REF018,40
2024-04-07,18,REF018,59
2024-04-07,19,REF019,44
2024-04-07,19,REF019,49
2024-04-07,19,REF019,68
2024-04-07,19,REF019,21
2024-04-07,20,REF020,56
2024-04-07,20,REF020,50
2024-04-08,1,REF001,29
2024-04-08,1,REF001,98
2024-04-08,2,REF002,70
2024-04-08,3,REF003,59
2024-04-08,3,REF003,97
2024-04-08,3,REF003,20
2024-04-08,4,REF004,41
2024-04-08,5,REF005,91
2024-04-08,6,REF006,36
2024-04-08,6,REF006,34
2024-04-08,6,REF006,44
2024-04-08,6,REF006,13
2024-04-08,6,REF006,37
2024-04-08,6,REF006,50
2024-04-08,6,REF006,54
2024-04-08,7,REF007,52
2024-04-08,7,REF007,63
2024-04-08,7,REF007,67
2024-04-08,8,REF008,51
2024-04-08,8,REF008,58
2024-04-08,8,REF008,18
2024-04-08,9,REF009,37
2024-04-08,9,REF009,47
2024-04-08,9,REF009,42
2024-04-08,11,REF011,38
2024-04-08,11,REF011,38
2024-04-08,12,REF012,34
2024-04-08,12,REF012,64
2024-04-08,12,REF012,46
2024-04-08,13,REF013,79
2024-04-08,13,REF013,5
2024-04-08,13,REF013,75
2024-04-08,13,REF013,88
2024-04-08,13,REF013,35
2024-04-08,14,REF014,86
2024-04-08,15,REF015,41
2024-04-08,16,REF016,12
2024-04-08,16,REF016,33
2024-04-08,17,REF017,64
2024-04-08,17,REF017,25
2024-04-08,17,REF017,83
2024-04-08,18,REF018,59
2024-04-08,19,REF019,91
2024-04-08,19,REF019,98
2024-04-08,19,REF019,46
2024-04-08,20,REF020,62
2024-04-08,20,REF020,71
2024-04-08,20,REF020,36
2024-04-08,20,REF020,43
2024-04-08,20,REF020,69
2024-04-09,1,REF001,19
2024-04-09,1,REF001,4
2024-04-09,2,REF002,30
2024-04-09,2,REF002,48
2024-04-09,2,REF002,44
2024-04-09,3,REF003,2
2024-04-09,4,REF004,95
2024-04-09,4,REF004,74
2024-04-09,5,REF005,61
2024-04-09,6,REF006,74
2024-04-09,7,REF007,99
2024-04-09,7,REF007,61
2024-04-09,8,REF008,85
2024-04-09,8,REF008,62
2024-04-09,8,REF008,15
2024-04-09,9,REF009,36
2024-04-09,10,REF010,93
2024-04-09,10,REF010,90
2024-04-09,10,REF010,37
2024-04-09,10,REF010,21
2024-04-09,11,REF011,62
2024-04-09,11,REF011,13
2024-04-09,11,REF011,18
2024-04-09,12,REF012,56
2024-04-09,12,REF012,61
2024-04-09,12,REF012,45
2024-04-09,13,REF013,33
2024-04-09,14,REF014,81
2024-04-09,14,REF014,35
2024-04-09,14,REF014,48
2024-04-09,14,REF014,35
2024-04-09,15,REF015,96
2024-04-09,15,REF015,29
2024-04-09,15,REF015,46
2024-04-09,15,REF015,41
2024-04-09,16,REF016,42
2024-04-09,16,REF016,93
2024-04-09,16,REF016,15
2024-04-09,16,REF016,34
2024-04-09,16,REF016,39
2024-04-09,17,REF017,29
2024-04-09,17,REF017,10
2024-04-09,17,REF017,59
2024-04-09,18,REF018,86
2024-04-09,19,REF019,32
2024-04-09,19,REF019,72
2024-04-09,19,REF019,71
2024-04-09,19,REF019,74
2024-04-09,20,REF020,40
2024-04-09,20,REF020,51
2024-04-10,1,REF001,67
2024-04-10,1,REF001,53
2024-04-10,1,REF001,94
2024-04-10,2,REF002,83
2024-04-10,3,REF003,88
2024-04-10,3,REF003,31
2024-04-10,3,REF003,98
2024-04-10,5,REF005,66
2024-04-10,5,REF005,57
2024-04-10,5,REF005,2
2024-04-10,5,REF005,39
2024-04-10,6,REF006,4
2024-04-10,6,REF006,6
2024-04-10,7,REF007,58
2024-04-10,7,REF007,91
2024-04-10,7,REF007,80
2024-04-10,7,REF007,74
2024-04-10,8,REF008,78
2024-04-10,8,REF008,78
2024-04-10,8,REF008,43
2024-04-10,8,REF008,91
2024-04-10,9,REF009,5
2024-04-10,9,REF009,43
2024-04-10,9,REF009,92
2024-04-10,9,REF009,60
2024-04-10,11,REF011,76
2024-04-10,12,REF012,85
2024-04-10,12,REF012,25
2024-04-10,13,REF013,72
2024-04-10,13,REF013,61
2024-04-10,14,REF014,87
2024-04-10,14,REF014,47
2024-04-10,14,REF014,94
2024-04-10,14,REF014,58
2024-04-10,14,REF014,23
2024-04-10,15,REF015,85
2024-04-10,15,REF015,88
2024-04-10,16,REF016,23
2024-04-10,16,REF016,58
2024-04-10,17,REF017,74
2024-04-10,17,REF017,2
2024-04-10,17,REF017,14
2024-04-10,17,REF017,47
2024-04-10,18,REF018,90
2024-04-10,19,REF019,84
2024-04-10,19,REF019,57
2024-04-10,19,REF019,56
2024-04-10,20,REF020,36
2024-04-11,2,REF002,29
2024-04-11,2,REF002,14
2024-04-11,2,REF002,22
2024-04-11,2,REF002,28
2024-04-11,2,REF002,18
2024-04-11,2,REF002,64
2024-04-11,3,REF003,67
2024-04-11,3,REF003,44
2024-04-11,3,REF003,14
2024-04-11,4,REF004,65
2024-04-11,5,REF005,93
2024-04-11,5,REF005,49
2024-04-11,5,REF005,79
2024-04-11,5,REF005,71
2024-04-11,6,REF006,49
2024-04-11,6,REF006,49
2024-04-11,6,REF006,34
2024-04-11,6,REF006,44
2024-04-11,6,REF006,22
2024-04-11,7,REF007,49
2024-04-11,7,REF007,65
2024-04-11,7,REF007,8
2024-04-11,7,REF007,7
2024-04-11,9,REF009,95
2024-04-11,10,REF010,9
2024-04-11,10,REF010,58
2024-04-11,10,REF010,65
2024-04-11,11,REF011,23
2024-04-11,11,REF011,75
2024-04-11,11,REF011,60
2024-04-11,11,REF011,32
2024-04-11,11,REF011,27
2024-04-11,11,REF011,91
2024-04-11,11,REF011,38
2024-04-11,12,REF012,81
2024-04-11,12,REF012,11
2024-04-11,12,REF012,32
2024-04-11,12,REF012,62
2024-04-11,12,REF012,49
2024-04-11,12,REF012,85
2024-04-11,12,REF012,76
2024-04-11,13,REF013,24
2024-04-11,13,REF013,26
2024-04-11,14,REF014,72
2024-04-11,15,REF015,71
2024-04-11,15,REF015,74
2024-04-11,15,REF015,15
2024-04-11,16,REF016,66
2024-04-11,16,REF016,89
2024-04-11,16,REF016,61
2024-04-11,16,REF016,36
2024-04-11,16,REF016,85
2024-04-11,17,REF017,1
2024-04-11,17,REF017,25
2024-04-11,17,REF017,54
2024-04-11,18,REF018,4
2024-04-11,18,REF018,1
2024-04-11,18,REF018,7
2024-04-11,18,REF018,1
2024-04-11,19,REF019,81
2024-04-11,19,REF019,19
2024-04-11,19,REF019,35
2024-04-11,20,REF020,61
2024-04-11,20,REF020,67
2024-04-12,1,REF001,22
2024-04-12,1,REF001,51
2024-04-12,1,REF001,55
2024-04-12,1,REF001,24
2024-04-12,2,REF002,4
2024-04-12,2,REF002,94
2024-04-12,3,REF003,78
2024-04-12,3,REF003,1
2024-04-12,3,REF003,39
2024-04-12,3,REF003,65
2024-04-12,3,REF003,88
2024-04-12,4,REF004,58
2024-04-12,5,REF005,27
2024-04-12,5,REF005,44
2024-04-12,6,REF006,37
2024-04-12,7,REF007,47
2024-04-12,7,REF007,41
2024-04-12,7,REF007,66
2024-04-12,7,REF007,60
2024-04-12,7,REF007,36
2024-04-12,7,REF007,19
2024-04-12,8,REF008,51
2024-04-12,8,REF008,16
2024-04-12,9,REF009,3
2024-04-12,9,REF009,48
2024-04-12,9,REF009,4
2024-04-12,10,REF010,69
2024-04-12,10,REF010,90
2024-04-12,10,REF010,6
2024-04-12,10,REF010,23
2024-04-12,11,REF011,42
2024-04-12,11,REF011,30
2024-04-12,11,REF011,83
2024-04-12,11,REF011,69
2024-04-12,11,REF011,11
2024-04-12,11,REF011,100
2024-04-12,11,REF011,5
2024-04-12,12,REF012,30
2024-04-12,12,REF012,62
2024-04-12,13,REF013,7
2024-04-12,13,REF013,19
2024-04-12,13,REF013,60
2024-04-12,13,REF013,59
2024-04-12,14,REF014,16
2024-04-12,14,REF014,20
2024-04-12,14,REF014,61
2024-04-12,14,REF014,6
2024-04-12,14,REF014,49
2024-04-12,14,REF014,71
2024-04-12,15,REF015,39
2024-04-12,16,REF016,28
2024-04-12,16,REF016,86
2024-04-12,16,REF016,76
2024-04-12,16,REF016,76
2024-04-12,17,REF017,67
2024-04-12,17,REF017,79
2024-04-12,17,REF017,31
2024-04-12,18,REF018,71
2024-04-12,19,REF019,26
2024-04-12,20,REF020,20
2024-04-12,20,REF020,9
2024-04-12,20,REF020,21
2024-04-12,20,REF020,67
2024-04-13,1,REF001,99
2024-04-13,1,REF001,41
2024-04-13,1,REF001,61
2024-04-13,2,REF002,79
2024-04-13,2,REF002,45
2024-04-13,2,REF002,6
2024-04-13,3,REF003,83
2024-04-13,3,REF003,55
2024-04-13,4,REF004,3
2024-04-13,4,REF004,49
2024-04-13,4,REF004,86
2024-04-13,5,REF005,63
2024-04-13,5,REF005,63
2024-04-13,5,REF005,90
2024-04-13,6,REF006,32
2024-04-13,7,REF007,25
2024-04-13,8,REF008,32
2024-04-13,8,REF008,39
2024-04-13,8,REF008,87
2024-04-13,9,REF009,14
2024-04-13,9,REF009,27
2024-04-13,9,REF009,40
2024-04-13,11,REF011,60
2024-04-13,13,REF013,37
2024-04-13,13,REF013,67
2024-04-13,13,REF013,58
2024-04-13,15,REF015,88
2024-04-13,15,REF015,96
2024-04-13,16,REF016,92
2024-04-13,16,REF016,61
2024-04-13,17,REF017,56
2024-04-13,17,REF017,53
2024-04-13,17,REF017,85
2024-04-13,17,REF017,41
2024-04-13,18,REF018,37
2024-04-13,18,REF018,32
2024-04-13,18,REF018,73
2024-04-13,18,REF018,86
2024-04-13,19,REF019,29
2024-04-13,19,REF019,45
2024-04-13,19,REF019,98
2024-04-13,19,REF019,21
2024-04-13,20,REF020,94
2024-04-13,20,REF020,69
2024-04-13,20,REF020,14
2024-04-13,20,REF020,43
2024-04-14,1,REF001,23
2024-04-14,1,REF001,74
2024-04-14,1,REF001,100
2024-04-14,2,REF002,69
2024-04-14,2,REF002,77
2024-04-14,2,REF002,48
2024-04-14,2,REF002,5
2024-04-14,3,REF003,2
2024-04-14,3,REF003,83
2024-04-14,3,REF003,60
2024-04-14,3,REF003,43
2024-04-14,4,REF004,41
2024-04-14,4,REF004,24
2024-04-14,4,REF004,83
2024-04-14,5,REF005,57
2024-04-14,5,REF005,43
2024-04-14,5,REF005,27
2024-04-14,5,REF005,18
2024-04-14,6,REF006,66
2024-04-14,6,REF006,12
2024-04-14,6,REF006,13
2024-04-14,6,REF006,49
2024-04-14,6,REF006,22
2024-04-14,7,REF007,4
2024-04-14,7,REF007,73
2024-04-14,8,REF008,26
2024-04-14,8,REF008,76
2024-04-14,9,REF009,15
2024-04-14,9,REF009,1
2024-04-14,10,REF010,34
2024-04-14,10,REF010,26
2024-04-14,11,REF011,58
2024-04-14,11,REF011,1
2024-04-14,12,REF012,100
2024-04-14,12,REF012,56
2024-04-14,14,REF014,59
2024-04-14,14,REF014,75
2024-04-14,14,REF014,96
2024-04-14,14,REF014,87
2024-04-14,15,REF015,93
2024-04-14,15,REF015,95
2024-04-14,15,REF015,89
2024-04-14,15,REF015,99
2024-04-14,16,REF016,95
2024-04-14,16,REF016,64
2024-04-14,16,REF016,84
2024-04-14,16,REF016,97
2024-04-14,16,REF016,67
2024-04-14,17,REF017,39
2024-04-14,17,REF017,66
2024-04-14,18,REF018,8
2024-04-14,18,REF018,59
2024-04-14,18,REF018,31
2024-04-14,18,REF018,33
2024-04-14,18,REF018,97
2024-04-14,18,REF018,59
2024-04-14,18,REF018,11
2024-04-14,20,REF020,34
2024-04-14,20,REF020,92
2024-04-15,1,REF001,32
2024-04-15,1,REF001,35
2024-04-15,2,REF002,96
2024-04-15,2,REF002,43
2024-04-15,2,REF002,94
2024-04-15,3,REF003,20
2024-04-15,3,REF003,4
2024-04-15,3,REF003,30
2024-04-15,3,REF003,29
2024-04-15,4,REF004,15
2024-04-15,4,REF004,80
2024-04-15,5,REF005,45
2024-04-15,5,REF005,81
2024-04-15,5,REF005,33
2024-04-15,5,REF005,98
2024-04-15,6,REF006,83
2024-04-15,6,REF006,38
2024-04-15,6,REF006,70
2024-04-15,6,REF006,39
2024-04-15,7,REF007,83
2024-04-15,7,REF007,64
2024-04-15,7,REF007,31
2024-04-15,8,REF008,73
2024-04-15,8,REF008,60
2024-04-15,9,REF009,30
2024-04-15,10,REF010,65
2024-04-15,10,REF010,83
2024-04-15,10,REF010,66
2024-04-15,12,REF012,41
2024-04-15,12,REF012,51
2024-04-15,13,REF013,45
2024-04-15,13,REF013,84
2024-04-15,13,REF013,83
2024-04-15,13,REF013,55
2024-04-15,13,REF013,38
2024-04-15,14,REF014,24
2024-04-15,14,REF014,82
2024-04-15,15,REF015,35
2024-04-15,15,REF015,30
2024-04-15,15,REF015,15
2024-04-15,15,REF015,10
2024-04-15,16,REF016,45
2024-04-15,16,REF016,70
2024-04-15,16,REF016,27
2024-04-15,16,REF016,58
2024-04-15,16,REF016,34
2024-04-15,17,REF017,87
2024-04-15,18,REF018,31
2024-04-15,18,REF018,30
2024-04-15,19,REF019,31
2024-04-15,19,REF019,84
2024-04-15,19,REF019,71
2024-04-15,20,REF020,46
2024-04-16,1,REF001,81
2024-04-16,2,REF002,63
2024-04-16,3,REF003,86
2024-04-16,3,REF003,38
2024-04-16,3,REF003,22
2024-04-16,3,REF003,65
2024-04-16,4,REF004,89
2024-04-16,4,REF004,26
2024-04-16,4,REF004,63
2024-04-16,4,REF004,84
2024-04-16,4,REF004,31
2024-04-16,5,REF005,51
2024-04-16,6,REF006,21
2024-04-16,6,REF006,10
2024-04-16,6,REF006,46
2024-04-16,6,REF006,29
2024-04-16,7,REF007,79
2024-04-16,7,REF007,21
2024-04-16,7,REF007,37
2024-04-16,7,REF007,58
2024-04-16,7,REF007,5
2024-04-16,8,REF008,29
2024-04-16,8,REF008,93
2024-04-16,9,REF009,76
2024-04-16,9,REF009,11
2024-04-16,9,REF009,64
2024-04-16,9,REF009,26
2024-04-16,9,REF009,20
2024-04-16,11,REF011,10
2024-04-16,11,REF011,73
2024-04-16,11,REF011,40
2024-04-16,11,REF011,52
2024-04-16,11,REF011,83
2024-04-16,12,REF012,18
2024-04-16,12,REF012,26
2024-04-16,12,REF012,43
2024-04-16,12,REF012,56
2024-04-16,13,REF013,59
2024-04-16,13,REF013,97
2024-04-16,13,REF013,48
2024-04-16,13,REF013,58
2024-04-16,13,REF013,8
2024-04-16,13,REF013,35
2024-04-16,14,REF014,55
2024-04-16,14,REF014,27
2024-04-16,14,REF014,9
2024-04-16,15,REF015,88
2024-04-16,15,REF015,5
2024-04-16,16,REF016,77
2024-04-16,17,REF017,79
2024-04-16,17,REF017,98
2024-04-16,18,REF018,11
2024-04-16,18,REF018,38
2024-04-16,18,REF018,41
2024-04-16,18,REF018,76
2024-04-16,19,REF019,33
2024-04-16,19,REF019,82
2024-04-16,20,REF020,55
2024-04-16,20,REF020,64
2024-04-16,20,REF020,31
2024-04-16,20,REF020,20
2024-04-17,2,REF002,94
2024-04-17,2,REF002,7
2024-04-17,3,REF003,3
2024-04-17,3,REF003,90
2024-04-17,3,REF003,85
2024-04-17,4,REF004,90
2024-04-17,5,REF005,20
2024-04-17,5,REF005,24
2024-04-17,5,REF005,28
2024-04-17,6,REF006,77
2024-04-17,6,REF006,62
2024-04-17,6,REF006,52
2024-04-17,6,REF006,100
2024-04-17,7,REF007,95
2024-04-17,7,REF007,95
2024-04-17,7,REF007,24
2024-04-17,7,REF007,2
2024-04-17,7,REF007,52
2024-04-17,8,REF008,37
2024-04-17,8,REF008,78
2024-04-17,8,REF008,100
2024-04-17,9,REF009,13
2024-04-17,9,REF009,98
2024-04-17,10,REF010,36
2024-04-17,10,REF010,16
2024-04-17,10,REF010,39
2024-04-17,10,REF010,6
2024-04-17,10,REF010,87
2024-04-17,10,REF010,95
2024-04-17,10,REF010,54
2024-04-17,11,REF011,16
2024-04-17,11,REF011,80
2024-04-17,12,REF012,36
2024-04-17,12,REF012,88
2024-04-17,12,REF012,37
2024-04-17,12,REF012,33
2024-04-17,13,REF013,64
2024-04-17,13,REF013,80
2024-04-17,13,REF013,14
2024-04-17,13,REF013,58
2024-04-17,13,REF013,97
2024-04-17,14,REF014,16
2024-04-17,14,REF014,29
2024-04-17,14,REF014,67
2024-04-17,14,REF014,19
2024-04-17,15,REF015,19
2024-04-17,16,REF016,94
2024-04-17,16,REF016,97
2024-04-17,16,REF016,57
2024-04-17,16,REF016,88
2024-04-17,17,REF017,72
2024-04-17,17,REF017,16
2024-04-17,17,REF017,89
2024-04-17,18,REF018,79
2024-04-17,19,REF019,45
2024-04-17,20,REF020,68
2024-04-17,20,REF020,84
2024-04-17,20,REF020,22
2024-04-17,20,REF020,55
2024-04-18,1,REF001,50
2024-04-18,1,REF001,79
2024-04-18,1,REF001,90
2024-04-18,1,REF001,96
2024-04-18,2,REF002,83
2024-04-18,2,REF002,78
2024-04-18,2,REF002,35
2024-04-18,2,REF002,37
2024-04-18,2,REF002,90
2024-04-18,3,REF003,26
2024-04-18,3,REF003,85
2024-04-18,4,REF004,90
2024-04-18,4,REF004,90
2024-04-18,5,REF005,16
2024-04-18,5,REF005,47
2024-04-18,5,REF005,21
2024-04-18,6,REF006,29
2024-04-18,6,REF006,5
2024-04-18,7,REF007,94
2024-04-18,7,REF007,6
2024-04-18,7,REF007,81
2024-04-18,8,REF008,14
2024-04-18,9,REF009,69
2024-04-18,10,REF010,54
2024-04-18,10,REF010,94
2024-04-18,10,REF010,41
2024-04-18,10,REF010,94
2024-04-18,11,REF011,32
2024-04-18,11,REF011,34
2024-04-18,11,REF011,61
2024-04-18,11,REF011,72
2024-04-18,12,REF012,98
2024-04-18,12,REF012,98
2024-04-18,12,REF012,63
2024-04-18,12,REF012,26
2024-04-18,13,REF013,92
2024-04-18,13,REF013,34
2024-04-18,13,REF013,95
2024-04-18,14,REF014,95
2024-04-18,14,REF014,66
2024-04-18,14,REF014,36
2024-04-18,14,REF014,6
2024-04-18,14,REF014,66
2024-04-18,15,REF015,69
2024-04-18,15,REF015,37
2024-04-18,16,REF016,19
2024-04-18,16,REF016,96
2024-04-18,16,REF016,16
2024-04-18,16,REF016,49
2024-04-18,17,REF017,60
2024-04-18,17,REF017,72
2024-04-18,17,REF017,95
2024-04-18,18,REF018,46
2024-04-18,18,REF018,44
2024-04-18,18,REF018,7
2024-04-18,18,REF018,78
2024-04-18,18,REF018,25
2024-04-18,19,REF019,39
2024-04-18,19,REF019,91
2024-04-18,19,REF019,87
2024-04-18,19,REF019,62
2024-04-18,20,REF020,75
2024-04-18,20,REF020,42
2024-04-18,20,REF020,51
2024-04-18,20,REF020,6
2024-04-19,1,REF001,23
2024-04-19,1,REF001,82
2024-04-19,2,REF002,7
2024-04-19,3,REF003,30
2024-04-19,3,REF003,1
2024-04-19,4,REF004,53
2024-04-19,4,REF004,99
2024-04-19,5,REF005,29
2024-04-19,5,REF005,5
2024-04-19,5,REF005,66
2024-04-19,5,REF005,81
2024-04-19,5,REF005,79
2024-04-19,6,REF006,52
2024-04-19,6,REF006,87
2024-04-19,7,REF007,32
2024-04-19,7,REF007,64
2024-04-19,7,REF007,2
2024-04-19,7,REF007,36
2024-04-19,8,REF008,16
2024-04-19,8,REF008,86
2024-04-19,9,REF009,47
2024-04-19,9,REF009,82
2024-04-19,10,REF010,82
2024-04-19,10,REF010,14
2024-04-19,10,REF010,53
2024-04-19,10,REF010,21
2024-04-19,10,REF010,34
2024-04-19,11,REF011,25
2024-04-19,11,REF011,49
2024-04-19,11,REF011,40
2024-04-19,11,REF011,79
2024-04-19,12,REF012,33
2024-04-19,12,REF012,28
2024-04-19,12,REF012,66
2024-04-19,14,REF014,90
2024-04-19,14,REF014,80
2024-04-19,14,REF014,82
2024-04-19,14,REF014,75
2024-04-19,15,REF015,26
2024-04-19,15,REF015,85
2024-04-19,15,REF015,89
2024-04-19,16,REF016,76
2024-04-19,16,REF016,85
2024-04-19,17,REF017,45
2024-04-19,19,REF019,55
2024-04-19,19,REF019,32
2024-04-19,19,REF019,8
2024-04-19,19,REF019,61
2024-04-19,20,REF020,46
2024-04-19,20,REF020,50
2024-04-20,1,REF001,19
2024-04-20,1,REF001,68
2024-04-20,1,REF001,31
2024-04-20,2,REF002,48
2024-04-20,4,REF004,2
2024-04-20,4,REF004,56
2024-04-20,4,REF004,94
2024-04-20,4,REF004,71
2024-04-20,5,REF005,28
2024-04-20,5,REF005,87
2024-04-20,6,REF006,47
2024-04-20,7,REF007,97
2024-04-20,7,REF007,18
2024-04-20,7,REF007,2
2024-04-20,7,REF007,6
2024-04-20,8,REF008,61
2024-04-20,8,REF008,11
2024-04-20,8,REF008,43
2024-04-20,9,REF009,40
2024-04-20,9,REF009,12
2024-04-20,9,REF009,18
2024-04-20,9,REF009,7
2024-04-20,9,REF009,79
2024-04-20,10,REF010,23
2024-04-20,10,REF010,8
2024-04-20,11,REF011,100
2024-04-20,11,REF011,66
2024-04-20,11,REF011,94
2024-04-20,11,REF011,83
2024-04-20,12,REF012,7
2024-04-20,13,REF013,55
2024-04-20,13,REF013,95
2024-04-20,13,REF013,5
2024-04-20,14,REF014,55
2024-04-20,14,REF014,90
2024-04-20,14,REF014,77
2024-04-20,15,REF015,3
2024-04-20,15,REF015,55
2024-04-20,16,REF016,44
2024-04-20,16,REF016,20
2024-04-20,17,REF017,66
2024-04-20,17,REF017,36
2024-04-20,17,REF017,22
2024-04-20,17,REF017,64
2024-04-20,17,REF017,35
2024-04-20,17,REF017,9
2024-04-20,17,REF017,27
2024-04-20,18,REF018,54
2024-04-20,18,REF018,22
2024-04-20,18,REF018,19
2024-04-20,19,REF019,96
2024-04-20,19,REF019,10
2024-04-20,20,REF020,24
2024-04-20,20,REF020,38
2024-04-20,20,REF020,12
2024-04-20,20,REF020,9
2024-04-20,20,REF020,37
2024-04-21,1,REF001,84
2024-04-21,1,REF001,72
2024-04-21,1,REF001,53
2024-04-21,1,REF001,94
2024-04-21,1,REF001,13
2024-04-21,2,REF002,60
2024-04-21,2,REF002,16
2024-04-21,2,REF002,28
2024-04-21,3,REF003,28
2024-04-21,3,REF003,94
2024-04-21,3,REF003,57
2024-04-21,4,REF004,40
2024-04-21,5,REF005,65
2024-04-21,5,REF005,83
2024-04-21,6,REF006,33
2024-04-21,7,REF007,30
2024-04-21,7,REF007,35
2024-04-21,7,REF007,9
2024-04-21,8,REF008,21
2024-04-21,8,REF008,48
2024-04-21,8,REF008,41
2024-04-21,8,REF008,98
2024-04-21,9,REF009,96
2024-04-21,9,REF009,97
2024-04-21,10,REF010,74
2024-04-21,10,REF010,25
2024-04-21,10,REF010,34
2024-04-21,10,REF010,10
2024-04-21,10,REF010,22
2024-04-21,10,REF010,9
2024-04-21,11,REF011,85
2024-04-21,11,REF011,72
2024-04-21,12,REF012,97
2024-04-21,12,REF012,44
2024-04-21,12,REF012,20
2024-04-21,12,REF012,4
2024-04-21,12,REF012,49
2024-04-21,13,REF013,52
2024-04-21,13,REF013,59
2024-04-21,13,REF013,77
2024-04-21,14,REF014,82
2024-04-21,14,REF014,23
2024-04-21,15,REF015,78
2024-04-21,15,REF015,21
2024-04-21,15,REF015,97
2024-04-21,15,REF015,25
2024-04-21,15,REF015,73
2024-04-21,15,REF015,49
2024-04-21,16,REF016,71
2024-04-21,16,REF016,19
2024-04-21,16,REF016,64
2024-04-21,16,REF016,68
2024-04-21,16,REF016,91
2024-04-21,16,REF016,56
2024-04-21,17,REF017,26
2024-04-21,17,REF017,92
2024-04-21,17,REF017,89
2024-04-21,18,REF018,69
2024-04-21,18,REF018,16
2024-04-21,19,REF019,47
2024-04-21,19,REF019,6
2024-04-21,19,REF019,45
2024-04-21,19,REF019,88
2024-04-21,19,REF019,81
2024-04-21,19,REF019,59
2024-04-21,19,REF019,44
2024-04-21,19,REF019,6
2024-04-21,20,REF020,33
2024-04-21,20,REF020,40
2024-04-22,1,REF001,41
2024-04-22,2,REF002,11
2024-04-22,2,REF002,82
2024-04-22,2,REF002,48
2024-04-22,3,REF003,64
2024-04-22,3,REF003,16
2024-04-22,4,REF004,2
2024-04-22,4,REF004,73
2024-04-22,4,REF004,33
2024-04-22,4,REF004,90
2024-04-22,4,REF004,94
2024-04-22,4,REF004,39
2024-04-22,5,REF005,96
2024-04-22,6,REF006,17
2024-04-22,6,REF006,12
2024-04-22,6,REF006,38
2024-04-22,6,REF006,91
2024-04-22,6,REF006,86
2024-04-22,7,REF007,88
2024-04-22,7,REF007,46
2024-04-22,7,REF007,65
2024-04-22,7,REF007,33
2024-04-22,8,REF008,95
2024-04-22,8,REF008,91
2024-04-22,9,REF009,40
2024-04-22,9,REF009,14
2024-04-22,9,REF009,81
2024-04-22,9,REF009,31
2024-04-22,10,REF010,31
2024-04-22,10,REF010,72
2024-04-22,11,REF011,97
2024-04-22,11,REF011,63
2024-04-22,11,REF011,85
2024-04-22,11,REF011,23
2024-04-22,11,REF011,11
2024-04-22,12,REF012,7
2024-04-22,13,REF013,35
2024-04-22,13,REF013,46
2024-04-22,14,REF014,45
2024-04-22,14,REF014,60
2024-04-22,14,REF014,14
2024-04-22,16,REF016,25
2024-04-22,16,REF016,63
2024-04-22,16,REF016,28
2024-04-22,16,REF016,30
2024-04-22,18,REF018,12
2024-04-22,18,REF018,79
2024-04-22,18,REF018,53
2024-04-22,19,REF019,22
2024-04-22,19,REF019,10
2024-04-22,19,REF019,49
2024-04-22,20,REF020,39
2024-04-22,20,REF020,16
2024-04-23,1,REF001,24
2024-04-23,1,REF001,42
2024-04-23,2,REF002,96
2024-04-23,2,REF002,61
2024-04-23,2,REF002,56
2024-04-23,2,REF002,87
2024-04-23,3,REF003,81
2024-04-23,4,REF004,95
2024-04-23,4,REF004,87
2024-04-23,5,REF005,38
2024-04-23,5,REF005,64
2024-04-23,6,REF006,74
2024-04-23,6,REF006,80
2024-04-23,6,REF006,52
2024-04-23,7,REF007,61
2024-04-23,7,REF007,56
2024-04-23,8,REF008,24
2024-04-23,8,REF008,41
2024-04-23,8,REF008,89
2024-04-23,8,REF008,78
2024-04-23,8,REF008,75
2024-04-23,9,REF009,78
2024-04-23,9,REF009,61
2024-04-23,9,REF009,2
2024-04-23,9,REF009,82
2024-04-23,9,REF009,88
2024-04-23,10,REF010,66
2024-04-23,10,REF010,80
2024-04-23,10,REF010,80
2024-04-23,10,REF010,61
2024-04-23,10,REF010,35
2024-04-23,11,REF011,20
2024-04-23,11,REF011,47
2024-04-23,11,REF011,20
2024-04-23,12,REF012,25
2024-04-23,12,REF012,51
2024-04-23,12,REF012,3
2024-04-23,13,REF013,22
2024-04-23,13,REF013,44
2024-04-23,14,REF014,74
2024-04-23,14,REF014,60
2024-04-23,14,REF014,91
2024-04-23,14,REF014,93
2024-04-23,15,REF015,51
2024-04-23,15,REF015,90
2024-04-23,16,REF016,96
2024-04-23,16,REF016,35
2024-04-23,17,REF017,75
2024-04-23,18,REF018,78
2024-04-23,18,REF018,72
2024-04-23,19,REF019,43
2024-04-23,19,REF019,9
2024-04-23,19,REF019,49
2024-04-23,19,REF019,96
2024-04-23,20,REF020,2
2024-04-23,20,REF020,41
2024-04-23,20,REF020,31
2024-04-24,1,REF001,21
2024-04-24,1,REF001,41
2024-04-24,1,REF001,54
2024-04-24,1,REF001,56
2024-04-24,1,REF001,7
2024-04-24,2,REF002,33
2024-04-24,2,REF002,9
2024-04-24,3,REF003,58
2024-04-24,3,REF003,32
2024-04-24,4,REF004,20
2024-04-24,4,REF004,89
2024-04-24,4,REF004,66
2024-04-24,5,REF005,78
2024-04-24,5,REF005,7
2024-04-24,5,REF005,44
2024-04-24,5,REF005,31
2024-04-24,6,REF006,19
2024-04-24,7,REF007,38
2024-04-24,7,REF007,84
2024-04-24,7,REF007,64
2024-04-24,7,REF007,57
2024-04-24,7,REF007,5
2024-04-24,8,REF008,85
2024-04-24,9,REF009,93
2024-04-24,9,REF009,26
2024-04-24,9,REF009,48
2024-04-24,9,REF009,7
2024-04-24,10,REF010,49
2024-04-24,11,REF011,46
2024-04-24,11,REF011,84
2024-04-24,11,REF011,31
2024-04-24,12,REF012,31
2024-04-24,12,REF012,56
2024-04-24,12,REF012,31
2024-04-24,12,REF012,1
2024-04-24,12,REF012,97
2024-04-24,12,REF012,59
2024-04-24,13,REF013,72
2024-04-24,13,REF013,11
2024-04-24,13,REF013,11
2024-04-24,13,REF013,49
2024-04-24,13,REF013,95
2024-04-24,14,REF014,60
2024-04-24,15,REF015,62
2024-04-24,15,REF015,40
2024-04-24,15,REF015,42
2024-04-24,16,REF016,27
2024-04-24,16,REF016,42
2024-04-24,16,REF016,26
2024-04-24,16,REF016,95
2024-04-24,16,REF016,79
2024-04-24,16,REF016,98
2024-04-24,17,REF017,32
2024-04-24,17,REF017,42
2024-04-24,17,REF017,54
2024-04-24,18,REF018,68
2024-04-24,18,REF018,66
2024-04-24,19,REF019,8
2024-04-24,19,REF019,51
2024-04-24,20,REF020,50
2024-04-24,20,REF020,67
2024-04-24,20,REF020,1
2024-04-25,1,REF001,100
2024-04-25,1,REF001,75
2024-04-25,2,REF002,52
2024-04-25,2,REF002,53
2024-04-25,2,REF002,6
2024-04-25,2,REF002,2
2024-04-25,2,REF002,95
2024-04-25,3,REF003,60
2024-04-25,3,REF003,77
2024-04-25,3,REF003,69
2024-04-25,3,REF003,6
2024-04-25,3,REF003,9
2024-04-25,3,REF003,88
2024-04-25,3,REF003,91
2024-04-25,4,REF004,14
2024-04-25,4,REF004,88
2024-04-25,5,REF005,16
2024-04-25,5,REF005,43
2024-04-25,5,REF005,24
2024-04-25,6,REF006,88
2024-04-25,6,REF006,68
2024-04-25,6,REF006,23
2024-04-25,7,REF007,64
2024-04-25,7,REF007,32
2024-04-25,8,REF008,86
2024-04-25,8,REF008,19
2024-04-25,8,REF008,65
2024-04-25,9,REF009,69
2024-04-25,9,REF009,7
2024-04-25,9,REF009,37
2024-04-25,9,REF009,55
2024-04-25,9,REF009,36
2024-04-25,9,REF009,21
2024-04-25,10,REF010,49
2024-04-25,10,REF010,40
2024-04-25,10,REF010,76
2024-04-25,10,REF010,69
2024-04-25,11,REF011,20
2024-04-25,11,REF011,68
2024-04-25,11,REF011,47
2024-04-25,12,REF012,33
2024-04-25,12,REF012,25
2024-04-25,12,REF012,11
2024-04-25,13,REF013,48
2024-04-25,13,REF013,68
2024-04-25,13,REF013,73
2024-04-25,13,REF013,98
2024-04-25,13,REF013,91
2024-04-25,13,REF013,27
2024-04-25,14,REF014,13
2024-04-25,14,REF014,48
2024-04-25,14,REF014,85
2024-04-25,15,REF015,6
2024-04-25,16,REF016,76
2024-04-25,16,REF016,97
2024-04-25,16,REF016,4
2024-04-25,17,REF017,49
2024-04-25,17,REF017,35
2024-04-25,18,REF018,77
2024-04-25,18,REF018,95
2024-04-25,18,REF018,32
2024-04-25,18,REF018,31
2024-04-25,19,REF019,38
2024-04-25,19,REF019,35
2024-04-25,19,REF019,67
2024-04-25,19,REF019,59
2024-04-25,19,REF019,29
2024-04-25,20,REF020,46
2024-04-25,20,REF020,47
2024-04-25,20,REF020,98
2024-04-25,20,REF020,39
2024-04-26,1,REF001,51
2024-04-26,1,REF001,59
2024-04-26,1,REF001,64
2024-04-26,1,REF001,30
2024-04-26,2,REF002,1
2024-04-26,2,REF002,39
2024-04-26,2,REF002,41
2024-04-26,2,REF002,14
2024-04-26,2,REF002,88
2024-04-26,3,REF003,85
2024-04-26,3,REF003,51
2024-04-26,4,REF004,70
2024-04-26,4,REF004,87
2024-04-26,4,REF004,57
2024-04-26,5,REF005,3
2024-04-26,5,REF005,67
2024-04-26,6,REF006,13
2024-04-26,6,REF006,37
2024-04-26,7,REF007,84
2024-04-26,8,REF008,22
2024-04-26,9,REF009,12
2024-04-26,9,REF009,82
2024-04-26,9,REF009,89
2024-04-26,10,REF010,53
2024-04-26,10,REF010,66
2024-04-26,10,REF010,72
2024-04-26,10,REF010,44
2024-04-26,11,REF011,99
2024-04-26,11,REF011,46
2024-04-26,11,REF011,63
2024-04-26,11,REF011,95
2024-04-26,13,REF013,90
2024-04-26,13,REF013,37
2024-04-26,13,REF013,6
2024-04-26,13,REF013,34
2024-04-26,14,REF014,28
2024-04-26,16,REF016,63
2024-04-26,16,REF016,49
2024-04-26,17,REF017,54
2024-04-26,17,REF017,40
2024-04-26,18,REF018,4
2024-04-26,18,REF018,47
2024-04-26,18,REF018,33
2024-04-26,19,REF019,94
2024-04-26,19,REF019,30
2024-04-26,19,REF019,39
2024-04-26,20,REF020,6
2024-04-26,20,REF020,64
2024-04-27,1,REF001,4
2024-04-27,1,REF001,12
2024-04-27,2,REF002,27
2024-04-27,2,REF002,50
2024-04-27,2,REF002,79
2024-04-27,2,REF002,74
2024-04-27,3,REF003,56
2024-04-27,3,REF003,77
2024-04-27,4,REF004,80
2024-04-27,4,REF004,17
2024-04-27,4,REF004,4
2024-04-27,4,REF004,80
2024-04-27,5,REF005,27
2024-04-27,5,REF005,19
2024-04-27,5,REF005,19
2024-04-27,5,REF005,23
2024-04-27,5,REF005,16
2024-04-27,6,REF006,89
2024-04-27,6,REF006,99
2024-04-27,6,REF006,47
2024-04-27,6,REF006,92
2024-04-27,6,REF006,71
2024-04-27,6,REF006,68
2024-04-27,7,REF007,99
2024-04-27,7,REF007,67
2024-04-27,7,REF007,81
2024-04-27,7,REF007,84
2024-04-27,8,REF008,45
2024-04-27,8,REF008,10
2024-04-27,9,REF009,27
2024-04-27,10,REF010,71
2024-04-27,10,REF010,71
2024-04-27,11,REF011,6
2024-04-27,11,REF011,53
2024-04-27,11,REF011,99
2024-04-27,11,REF011,42
2024-04-27,12,REF012,63
2024-04-27,13,REF013,93
2024-04-27,13,REF013,98
2024-04-27,13,REF013,16
2024-04-27,13,REF013,13
2024-04-27,13,REF013,59
2024-04-27,14,REF014,80
2024-04-27,14,REF014,66
2024-04-27,15,REF015,16
2024-04-27,15,REF015,57
2024-04-27,15,REF015,96
2024-04-27,16,REF016,52
2024-04-27,17,REF017,70
2024-04-27,17,REF017,55
2024-04-27,17,REF017,74
2024-04-27,18,REF018,84
2024-04-27,18,REF018,54
2024-04-27,19,REF019,11
2024-04-27,19,REF019,81
2024-04-27,20,REF020,41
2024-04-28,1,REF001,59
2024-04-28,1,REF001,37
2024-04-28,1,REF001,100
2024-04-28,1,REF001,22
2024-04-28,1,REF001,67
2024-04-28,2,REF002,19
2024-04-28,2,REF002,100
2024-04-28,2,REF002,23
2024-04-28,3,REF003,94
2024-04-28,3,REF003,11
2024-04-28,4,REF004,23
2024-04-28,5,REF005,63
2024-04-28,6,REF006,98
2024-04-28,6,REF006,25
2024-04-28,6,REF006,63
2024-04-28,6,REF006,77
2024-04-28,6,REF006,21
2024-04-28,6,REF006,40
2024-04-28,7,REF007,88
2024-04-28,8,REF008,68
2024-04-28,8,REF008,93
2024-04-28,8,REF008,94
2024-04-28,9,REF009,2
2024-04-28,9,REF009,13
2024-04-28,10,REF010,84
2024-04-28,10,REF010,22
2024-04-28,10,REF010,69
2024-04-28,11,REF011,10
2024-04-28,11,REF011,42
2024-04-28,11,REF011,6
2024-04-28,11,REF011,34
2024-04-28,12,REF012,96
2024-04-28,12,REF012,25
2024-04-28,12,REF012,46
2024-04-28,13,REF013,84
2024-04-28,13,REF013,20
2024-04-28,14,REF014,93
2024-04-28,14,REF014,7
2024-04-28,14,REF014,89
2024-04-28,14,REF014,48
2024-04-28,15,REF015,44
2024-04-28,15,REF015,27
2024-04-28,15,REF015,85
2024-04-28,16,REF016,5
2024-04-28,16,REF016,98
2024-04-28,17,REF017,64
2024-04-28,17,REF017,57
2024-04-28,18,REF018,74
2024-04-28,18,REF018,82
2024-04-28,18,REF018,64
2024-04-28,18,REF018,30
2024-04-28,19,REF019,94
2024-04-28,19,REF019,52
2024-04-28,19,REF019,88
2024-04-28,20,REF020,36
2024-04-29,1,REF001,93
2024-04-29,1,REF001,16
2024-04-29,1,REF001,36
2024-04-29,2,REF002,34
2024-04-29,2,REF002,41
2024-04-29,2,REF002,38
2024-04-29,2,REF002,14
2024-04-29,3,REF003,9
2024-04-29,3,REF003,38
2024-04-29,4,REF004,85
2024-04-29,4,REF004,3
2024-04-29,4,REF004,68
2024-04-29,4,REF004,85
2024-04-29,4,REF004,8
2024-04-29,5,REF005,7
2024-04-29,6,REF006,69
2024-04-29,6,REF006,76
2024-04-29,6,REF006,99
2024-04-29,6,REF006,52
2024-04-29,7,REF007,66
2024-04-29,9,REF009,55
2024-04-29,9,REF009,22
2024-04-29,9,REF009,89
2024-04-29,9,REF009,94
2024-04-29,10,REF010,25
2024-04-29,10,REF010,56
2024-04-29,10,REF010,2
2024-04-29,11,REF011,51
2024-04-29,11,REF011,87
2024-04-29,11,REF011,98
2024-04-29,12,REF012,20
2024-04-29,12,REF012,17
2024-04-29,12,REF012,91
2024-04-29,13,REF013,72
2024-04-29,13,REF013,84
2024-04-29,13,REF013,39
2024-04-29,13,REF013,15
2024-04-29,14,REF014,47
2024-04-29,14,REF014,38
2024-04-29,14,REF014,42
2024-04-29,14,REF014,18
2024-04-29,15,REF015,69
2024-04-29,15,REF015,84
2024-04-29,15,REF015,64
2024-04-29,15,REF015,63
2024-04-29,16,REF016,8
2024-04-29,16,REF016,91
2024-04-29,17,REF017,42
2024-04-29,17,REF017,54
2024-04-29,18,REF018,46
2024-04-29,18,REF018,14
2024-04-29,18,REF018,35
2024-04-29,18,REF018,53
2024-04-29,18,REF018,5
2024-04-29,18,REF018,100
2024-04-29,18,REF018,1
2024-04-29,19,REF019,46
2024-04-29,20,REF020,41
2024-04-30,2,REF002,54
2024-04-30,2,REF002,86
2024-04-30,2,REF002,52
2024-04-30,2,REF002,71
2024-04-30,2,REF002,55
2024-04-30,2,REF002,31
2024-04-30,3,REF003,37
2024-04-30,3,REF003,79
2024-04-30,3,REF003,95
2024-04-30,3,REF003,26
2024-04-30,4,REF004,55
2024-04-30,4,REF004,61
2024-04-30,5,REF005,66
2024-04-30,5,REF005,45
2024-04-30,5,REF005,76
2024-04-30,5,REF005,41
2024-04-30,5,REF005,8
2024-04-30,5,REF005,54
2024-04-30,6,REF006,24
2024-04-30,6,REF006,5
2024-04-30,7,REF007,82
2024-04-30,7,REF007,85
2024-04-30,8,REF008,95
2024-04-30,8,REF008,61
2024-04-30,8,REF008,48
2024-04-30,8,REF008,57
2024-04-30,8,REF008,20
2024-04-30,8,REF008,50
2024-04-30,8,REF008,7
2024-04-30,9,REF009,63
2024-04-30,9,REF009,58
2024-04-30,9,REF009,60
2024-04-30,9,REF009,76
2024-04-30,10,REF010,48
2024-04-30,10,REF010,48
2024-04-30,11,REF011,67
2024-04-30,11,REF011,64
2024-04-30,12,REF012,27
2024-04-30,12,REF012,71
2024-04-30,13,REF013,63
2024-04-30,13,REF013,84
2024-04-30,14,REF014,49
2024-04-30,14,REF014,61
2024-04-30,14,REF014,9
2024-04-30,14,REF014,58
2024-04-30,15,REF015,13
2024-04-30,15,REF015,55
2024-04-30,15,REF015,57
2024-04-30,15,REF015,51
2024-04-30,15,REF015,39
2024-04-30,16,REF016,89
2024-04-30,16,REF016,37
2024-04-30,17,REF017,77
2024-04-30,17,REF017,16
2024-04-30,17,REF017,72
2024-04-30,17,REF017,56
2024-04-30,17,REF017,12
2024-04-30,17,REF017,65
2024-04-30,17,REF017,86
2024-04-30,18,REF018,10
2024-04-30,19,REF019,97
2024-04-30,19,REF019,61
2024-04-30,20,REF020,61
2024-05-01,1,REF001,86
2024-05-01,1,REF001,32
2024-05-01,1,REF001,46
2024-05-01,1,REF001,17
2024-05-01,2,REF002,22
2024-05-01,2,REF002,96
2024-05-01,2,REF002,30
2024-05-01,2,REF002,99
2024-05-01,3,REF003,71
2024-05-01,4,REF004,45
2024-05-01,4,REF004,8
2024-05-01,4,REF004,68
2024-05-01,4,REF004,84
2024-05-01,5,REF005,60
2024-05-01,5,REF005,19
2024-05-01,6,REF006,47
2024-05-01,6,REF006,30
2024-05-01,7,REF007,24
2024-05-01,7,REF007,10
2024-05-01,8,REF008,50
2024-05-01,8,REF008,93
2024-05-01,8,REF008,65
2024-05-01,9,REF009,94
2024-05-01,9,REF009,2
2024-05-01,9,REF009,71
2024-05-01,9,REF009,98
2024-05-01,9,REF009,63
2024-05-01,9,REF009,60
2024-05-01,9,REF009,33
2024-05-01,9,REF009,22
2024-05-01,10,REF010,56
2024-05-01,10,REF010,12
2024-05-01,11,REF011,98
2024-05-01,11,REF011,91
2024-05-01,11,REF011,16
2024-05-01,12,REF012,4
2024-05-01,12,REF012,1
2024-05-01,14,REF014,6
2024-05-01,14,REF014,14
2024-05-01,15,REF015,77
2024-05-01,15,REF015,70
2024-05-01,16,REF016,78
2024-05-01,17,REF017,5
2024-05-01,17,REF017,78
2024-05-01,17,REF017,47
2024-05-01,18,REF018,23
2024-05-01,18,REF018,10
2024-05-01,18,REF018,45
2024-05-01,19,REF019,86
2024-05-01,19,REF019,34
2024-05-01,19,REF019,19
2024-05-01,20,REF020,67
2024-05-01,20,REF020,40
2024-05-01,20,REF020,8
2024-05-01,20,REF020,34
2024-05-01,20,REF020,95
2024-05-01,20,REF020,15
2024-05-01,20,REF020,27
2024-05-01,20,REF020,7
2024-05-02,1,REF001,16
2024-05-02,1,REF001,34
2024-05-02,2,REF002,34
2024-05-02,2,REF002,46
2024-05-02,3,REF003,44
2024-05-02,3,REF003,40
2024-05-02,4,REF004,5
2024-05-02,5,REF005,78
2024-05-02,5,REF005,55
2024-05-02,5,REF005,79
2024-05-02,6,REF006,99
2024-05-02,6,REF006,1
2024-05-02,6,REF006,97
2024-05-02,6,REF006,87
2024-05-02,6,REF006,31
2024-05-02,6,REF006,22
2024-05-02,7,REF007,17
2024-05-02,8,REF008,79
2024-05-02,9,REF009,30
2024-05-02,10,REF010,10
2024-05-02,11,REF011,25
2024-05-02,11,REF011,1
2024-05-02,11,REF011,44
2024-05-02,12,REF012,49
2024-05-02,12,REF012,59
2024-05-02,12,REF012,34
2024-05-02,12,REF012,79
2024-05-02,13,REF013,54
2024-05-02,14,REF014,87
2024-05-02,14,REF014,11
2024-05-02,14,REF014,84
2024-05-02,14,REF014,15
2024-05-02,15,REF015,2
2024-05-02,15,REF015,42
2024-05-02,16,REF016,43
2024-05-02,16,REF016,33
2024-05-02,17,REF017,25
2024-05-02,18,REF018,93
2024-05-02,19,REF019,45
2024-05-02,19,REF019,87
2024-05-02,20,REF020,97
2024-05-02,20,REF020,38
2024-05-02,20,REF020,97
2024-05-02,20,REF020,69
2024-05-03,1,REF001,100
2024-05-03,1,REF001,59
2024-05-03,1,REF001,99
2024-05-03,1,REF001,25
2024-05-03,2,REF002,18
2024-05-03,2,REF002,94
2024-05-03,3,REF003,76
2024-05-03,3,REF003,85
2024-05-03,4,REF004,92
2024-05-03,4,REF004,93
2024-05-03,4,REF004,59
2024-05-03,4,REF004,3
2024-05-03,5,REF005,39
2024-05-03,5,REF005,91
2024-05-03,5,REF005,98
2024-05-03,5,REF005,60
2024-05-03,6,REF006,70
2024-05-03,6,REF006,55
2024-05-03,6,REF006,42
2024-05-03,6,REF006,50
2024-05-03,6,REF006,28
2024-05-03,7,REF007,56
2024-05-03,7,REF007,12
2024-05-03,7,REF007,86
2024-05-03,7,REF007,67
2024-05-03,8,REF008,69
2024-05-03,9,REF009,69
2024-05-03,9,REF009,75
2024-05-03,9,REF009,13
2024-05-03,9,REF009,90
2024-05-03,9,REF009,67
2024-05-03,9,REF009,9
2024-05-03,10,REF010,98
2024-05-03,10,REF010,64
2024-05-03,11,REF011,63
2024-05-03,12,REF012,86
2024-05-03,14,REF014,42
2024-05-03,14,REF014,39
2024-05-03,14,REF014,99
2024-05-03,14,REF014,34
2024-05-03,14,REF014,9
2024-05-03,15,REF015,59
2024-05-03,15,REF015,41
2024-05-03,16,REF016,14
2024-05-03,17,REF017,63
2024-05-03,17,REF017,83
2024-05-03,17,REF017,40
2024-05-03,18,REF018,26
2024-05-03,18,REF018,85
2024-05-03,19,REF019,43
2024-05-03,19,REF019,89
2024-05-03,19,REF019,16
2024-05-03,19,REF019,7
2024-05-03,19,REF019,43
2024-05-03,19,REF019,88
2024-05-03,19,REF019,8
2024-05-03,20,REF020,44
2024-05-03,20,REF020,82
2024-05-03,20,REF020,39
2024-05-03,20,REF020,96
2024-05-03,20,REF020,12
2024-05-04,1,REF001,15
2024-05-04,2,REF002,8
2024-05-04,2,REF002,60
2024-05-04,2,REF002,28
2024-05-04,3,REF003,44
2024-05-04,3,REF003,88
2024-05-04,4,REF004,29
2024-05-04,4,REF004,88
2024-05-04,4,REF004,84
2024-05-04,5,REF005,50
2024-05-04,5,REF005,65
2024-05-04,6,REF006,1
2024-05-04,7,REF007,92
2024-05-04,7,REF007,15
2024-05-04,7,REF007,38
2024-05-04,7,REF007,51
2024-05-04,7,REF007,2
2024-05-04,8,REF008,79
2024-05-04,9,REF009,44
2024-05-04,9,REF009,13
2024-05-04,10,REF010,43
2024-05-04,10,REF010,7
2024-05-04,10,REF010,72
2024-05-04,11,REF011,70
2024-05-04,11,REF011,68
2024-05-04,12,REF012,11
2024-05-04,12,REF012,89
2024-05-04,13,REF013,88
2024-05-04,14,REF014,86
2024-05-04,14,REF014,48
2024-05-04,14,REF014,60
2024-05-04,15,REF015,90
2024-05-04,15,REF015,12
2024-05-04,16,REF016,97
2024-05-04,16,REF016,62
2024-05-04,17,REF017,82
2024-05-04,17,REF017,77
2024-05-04,18,REF018,2
2024-05-04,19,REF019,81
2024-05-04,19,REF019,92
2024-05-04,19,REF019,7
2024-05-04,20,REF020,56
2024-05-04,20,REF020,74
2024-05-05,1,REF001,26
2024-05-05,1,REF001,6
2024-05-05,1,REF001,1
2024-05-05,1,REF001,14
2024-05-05,2,REF002,25
2024-05-05,2,REF002,96
2024-05-05,3,REF003,39
2024-05-05,4,REF004,3
2024-05-05,4,REF004,78
2024-05-05,4,REF004,13
2024-05-05,5,REF005,68
2024-05-05,5,REF005,91
2024-05-05,5,REF005,21
2024-05-05,6,REF006,66
2024-05-05,7,REF007,41
2024-05-05,7,REF007,82
2024-05-05,8,REF008,47
2024-05-05,8,REF008,55
2024-05-05,8,REF008,12
2024-05-05,8,REF008,39
2024-05-05,9,REF009,34
2024-05-05,10,REF010,14
2024-05-05,11,REF011,35
2024-05-05,12,REF012,100
2024-05-05,12,REF012,58
2024-05-05,12,REF012,46
2024-05-05,12,REF012,71
2024-05-05,12,REF012,86
2024-05-05,13,REF013,11
2024-05-05,13,REF013,6
2024-05-05,13,REF013,2
2024-05-05,13,REF013,46
2024-05-05,13,REF013,12
2024-05-05,14,REF014,46
2024-05-05,14,REF014,25
2024-05-05,14,REF014,79
2024-05-05,14,REF014,53
2024-05-05,14,REF014,22
2024-05-05,14,REF014,4
2024-05-05,14,REF014,48
2024-05-05,15,REF015,65
2024-05-05,15,REF015,67
2024-05-05,15,REF015,9
2024-05-05,15,REF015,95
2024-05-05,17,REF017,15
2024-05-05,17,REF017,50
2024-05-05,17,REF017,16
2024-05-05,17,REF017,71
2024-05-05,19,REF019,36
2024-05-05,20,REF020,17
2024-05-05,20,REF020,86
2024-05-06,1,REF001,53
2024-05-06,1,REF001,31
2024-05-06,1,REF001,8
2024-05-06,1,REF001,87
2024-05-06,1,REF001,48
2024-05-06,2,REF002,6
2024-05-06,3,REF003,63
2024-05-06,3,REF003,47
2024-05-06,3,REF003,21
2024-05-06,3,REF003,25
2024-05-06,3,REF003,30
2024-05-06,3,REF003,79
2024-05-06,4,REF004,85
2024-05-06,4,REF004,94
2024-05-06,5,REF005,83
2024-05-06,5,REF005,9
2024-05-06,6,REF006,19
2024-05-06,6,REF006,80
2024-05-06,6,REF006,67
2024-05-06,7,REF007,16
2024-05-06,7,REF007,6
2024-05-06,7,REF007,81
2024-05-06,8,REF008,13
2024-05-06,8,REF008,42
2024-05-06,8,REF008,70
2024-05-06,11,REF011,44
2024-05-06,11,REF011,10
2024-05-06,12,REF012,18
2024-05-06,14,REF014,65
2024-05-06,14,REF014,95
2024-05-06,14,REF014,63
2024-05-06,14,REF014,39
2024-05-06,14,REF014,97
2024-05-06,16,REF016,93
2024-05-06,16,REF016,25
2024-05-06,16,REF016,21
2024-05-06,16,REF016,8
2024-05-06,16,REF016,1
2024-05-06,18,REF018,26
2024-05-06,18,REF018,62
2024-05-06,18,REF018,72
2024-05-06,18,REF018,78
2024-05-06,18,REF018,63
2024-05-06,19,REF019,21
2024-05-06,19,REF019,45
2024-05-06,19,REF019,29
2024-05-06,20,REF020,1
2024-05-06,20,REF020,89
2024-05-06,20,REF020,57
2024-05-06,20,REF020,16
2024-05-07,1,REF001,76
2024-05-07,1,REF001,2
2024-05-07,1,REF001,52
2024-05-07,1,REF001,10
2024-05-07,1,REF001,41
2024-05-07,2,REF002,27
2024-05-07,2,REF002,35
2024-05-07,2,REF002,59
2024-05-07,2,REF002,86
2024-05-07,4,REF004,36
2024-05-07,4,REF004,20
2024-05-07,4,REF004,82
2024-05-07,5,REF005,91
2024-05-07,5,REF005,64
2024-05-07,5,REF005,9
2024-05-07,5,REF005,80
2024-05-07,6,REF006,60
2024-05-07,6,REF006,33
2024-05-07,6,REF006,21
2024-05-07,6,REF006,49
2024-05-07,7,REF007,63
2024-05-07,7,REF007,1
2024-05-07,7,REF007,37
2024-05-07,7,REF007,6
2024-05-07,8,REF008,4
2024-05-07,8,REF008,15
2024-05-07,9,REF009,82
2024-05-07,10,REF010,97
2024-05-07,10,REF010,98
2024-05-07,10,REF010,45
2024-05-07,10,REF010,99
2024-05-07,10,REF010,90
2024-05-07,10,REF010,44
2024-05-07,11,REF011,82
2024-05-07,11,REF011,98
2024-05-07,11,REF011,3
2024-05-07,12,REF012,85
2024-05-07,12,REF012,43
2024-05-07,13,REF013,30
2024-05-07,13,REF013,28
2024-05-07,13,REF013,11
2024-05-07,14,REF014,76
2024-05-07,15,REF015,65
2024-05-07,15,REF015,90
2024-05-07,16,REF016,29
2024-05-07,16,REF016,75
2024-05-07,16,REF016,53
2024-05-07,16,REF016,19
2024-05-07,16,REF016,25
2024-05-07,17,REF017,21
2024-05-07,17,REF017,44
2024-05-07,17,REF017,27
2024-05-07,17,REF017,40
2024-05-07,17,REF017,53
2024-05-07,18,REF018,69
2024-05-07,18,REF018,90
2024-05-07,19,REF019,25
2024-05-07,19,REF019,42
2024-05-07,20,REF020,51
2024-05-07,20,REF020,87
2024-05-08,1,REF001,29
2024-05-08,1,REF001,74
2024-05-08,1,REF001,21
2024-05-08,2,REF002,68
2024-05-08,3,REF003,14
2024-05-08,3,REF003,74
2024-05-08,3,REF003,48
2024-05-08,3,REF003,52
2024-05-08,4,REF004,9
2024-05-08,4,REF004,48
2024-05-08,4,REF004,27
2024-05-08,5,REF005,28
2024-05-08,5,REF005,9
2024-05-08,6,REF006,25
2024-05-08,6,REF006,50
2024-05-08,6,REF006,91
2024-05-08,6,REF006,61
2024-05-08,6,REF006,100
2024-05-08,6,REF006,83
2024-05-08,7,REF007,13
2024-05-08,8,REF008,94
2024-05-08,8,REF008,36
2024-05-08,8,REF008,29
2024-05-08,8,REF008,93
2024-05-08,10,REF010,21
2024-05-08,11,REF011,58
2024-05-08,11,REF011,28
2024-05-08,11,REF011,99
2024-05-08,11,REF011,6
2024-05-08,12,REF012,31
2024-05-08,12,REF012,94
2024-05-08,12,REF012,87
2024-05-08,12,REF012,81
2024-05-08,13,REF013,22
2024-05-08,13,REF013,54
2024-05-08,14,REF014,1
2024-05-08,14,REF014,70
2024-05-08,14,REF014,15
2024-05-08,14,REF014,40
2024-05-08,15,REF015,30
2024-05-08,15,REF015,59
2024-05-08,15,REF015,89
2024-05-08,15,REF015,81
2024-05-08,15,REF015,32
2024-05-08,16,REF016,62
2024-05-08,16,REF016,21
2024-05-08,16,REF016,99
2024-05-08,16,REF016,33
2024-05-08,17,REF017,24
2024-05-08,17,REF017,7
2024-05-08,17,REF017,94
2024-05-08,17,REF017,9
2024-05-08,17,REF017,92
2024-05-08,17,REF017,49
2024-05-08,18,REF018,99
2024-05-08,18,REF018,40
2024-05-08,18,REF018,41
2024-05-08,18,REF018,78
2024-05-08,19,REF019,50
2024-05-08,19,REF019,30
2024-05-08,19,REF019,30
2024-05-08,19,REF019,94
2024-05-08,20,REF020,100
2024-05-08,20,REF020,44
2024-05-08,20,REF020,61
2024-05-09,1,REF001,97
2024-05-09,1,REF001,7
2024-05-09,1,REF001,58
2024-05-09,1,REF001,14
2024-05-09,2,REF002,33
2024-05-09,2,REF002,97
2024-05-09,2,REF002,40
2024-05-09,2,REF002,6
2024-05-09,2,REF002,21
2024-05-09,2,REF002,36
2024-05-09,3,REF003,12
2024-05-09,3,REF003,51
2024-05-09,3,REF003,68
2024-05-09,3,REF003,19
2024-05-09,3,REF003,10
2024-05-09,3,REF003,75
2024-05-09,4,REF004,83
2024-05-09,5,REF005,2
2024-05-09,5,REF005,31
2024-05-09,6,REF006,49
2024-05-09,6,REF006,15
2024-05-09,7,REF007,63
2024-05-09,7,REF007,23
2024-05-09,7,REF007,47
2024-05-09,7,REF007,81
2024-05-09,8,REF008,84
2024-05-09,8,REF008,22
2024-05-09,8,REF008,7
2024-05-09,8,REF008,96
2024-05-09,9,REF009,8
2024-05-09,9,REF009,54
2024-05-09,10,REF010,65
2024-05-09,10,REF010,31
2024-05-09,11,REF011,40
2024-05-09,11,REF011,70
2024-05-09,11,REF011,45
2024-05-09,12,REF012,25
2024-05-09,13,REF013,43
2024-05-09,14,REF014,39
2024-05-09,15,REF015,59
2024-05-09,15,REF015,21
2024-05-09,15,REF015,20
2024-05-09,15,REF015,27
2024-05-09,15,REF015,60
2024-05-09,16,REF016,46
2024-05-09,16,REF016,18
2024-05-09,16,REF016,59
2024-05-09,16,REF016,59
2024-05-09,16,REF016,52
2024-05-09,17,REF017,75
2024-05-09,17,REF017,78
2024-05-09,17,REF017,22
2024-05-09,17,REF017,77
2024-05-09,18,REF018,14
2024-05-09,18,REF018,40
2024-05-09,18,REF018,31
2024-05-09,19,REF019,83
2024-05-09,19,REF019,75
2024-05-09,19,REF019,18
2024-05-09,20,REF020,99
2024-05-10,1,REF001,67
2024-05-10,1,REF001,63
2024-05-10,1,REF001,52
2024-05-10,1,REF001,55
2024-05-10,2,REF002,70
2024-05-10,2,REF002,29
2024-05-10,2,REF002,36
2024-05-10,3,REF003,70
2024-05-10,3,REF003,44
2024-05-10,3,REF003,69
2024-05-10,3,REF003,52
2024-05-10,4,REF004,61
2024-05-10,4,REF004,88
2024-05-10,5,REF005,33
2024-05-10,5,REF005,93
2024-05-10,6,REF006,34
2024-05-10,6,REF006,5
2024-05-10,6,REF006,93
2024-05-10,6,REF006,95
2024-05-10,6,REF006,63
2024-05-10,7,REF007,22
2024-05-10,8,REF008,99
2024-05-10,9,REF009,31
2024-05-10,9,REF009,5
2024-05-10,9,REF009,2
2024-05-10,10,REF010,57
2024-05-10,10,REF010,58
2024-05-10,11,REF011,29
2024-05-10,11,REF011,76
2024-05-10,11,REF011,42
2024-05-10,11,REF011,96
2024-05-10,11,REF011,86
2024-05-10,11,REF011,91
2024-05-10,12,REF012,7
2024-05-10,13,REF013,31
2024-05-10,13,REF013,79
2024-05-10,13,REF013,7
2024-05-10,14,REF014,76
2024-05-10,14,REF014,38
2024-05-10,15,REF015,27
2024-05-10,15,REF015,10
2024-05-10,15,REF015,64
2024-05-10,15,REF015,83
2024-05-10,15,REF015,90
2024-05-10,16,REF016,9
2024-05-10,17,REF017,60
2024-05-10,17,REF017,97
2024-05-10,17,REF017,12
2024-05-10,18,REF018,100
2024-05-10,18,REF018,87
2024-05-10,19,REF019,98
2024-05-10,19,REF019,5
2024-05-10,19,REF019,3
2024-05-10,19,REF019,75
2024-05-10,19,REF019,52
2024-05-10,20,REF020,94
2024-05-10,20,REF020,40
2024-05-11,1,REF001,55
2024-05-11,1,REF001,25
2024-05-11,1,REF001,19
2024-05-11,1,REF001,74
2024-05-11,1,REF001,83
2024-05-11,2,REF002,64
2024-05-11,2,REF002,48
2024-05-11,2,REF002,3
2024-05-11,3,REF003,40
2024-05-11,3,REF003,93
2024-05-11,3,REF003,86
2024-05-11,4,REF004,85
2024-05-11,4,REF004,82
2024-05-11,4,REF004,36
2024-05-11,5,REF005,47
2024-05-11,5,REF005,46
2024-05-11,5,REF005,92
2024-05-11,5,REF005,98
2024-05-11,5,REF005,9
2024-05-11,7,REF007,10
2024-05-11,7,REF007,25
2024-05-11,8,REF008,12
2024-05-11,9,REF009,22
2024-05-11,9,REF009,23
2024-05-11,9,REF009,1
2024-05-11,10,REF010,68
2024-05-11,10,REF010,45
2024-05-11,11,REF011,79
2024-05-11,11,REF011,83
2024-05-11,11,REF011,51
2024-05-11,11,REF011,53
2024-05-11,11,REF011,37
2024-05-11,11,REF011,55
2024-05-11,11,REF011,53
2024-05-11,12,REF012,38
2024-05-11,12,REF012,15
2024-05-11,12,REF012,24
2024-05-11,12,REF012,88
2024-05-11,13,REF013,93
2024-05-11,14,REF014,22
2024-05-11,14,REF014,6
2024-05-11,14,REF014,97
2024-05-11,14,REF014,28
2024-05-11,14,REF014,18
2024-05-11,15,REF015,19
2024-05-11,15,REF015,45
2024-05-11,15,REF015,10
2024-05-11,15,REF015,52
2024-05-11,15,REF015,55
2024-05-11,15,REF015,22
2024-05-11,16,REF016,62
2024-05-11,18,REF018,47
2024-05-11,19,REF019,28
2024-05-11,19,REF019,95
2024-05-12,1,REF001,41
2024-05-12,1,REF001,56
2024-05-12,1,REF001,61
2024-05-12,2,REF002,72
2024-05-12,3,REF003,70
2024-05-12,3,REF003,14
2024-05-12,3,REF003,68
2024-05-12,4,REF004,89
2024-05-12,4,REF004,90
2024-05-12,5,REF005,57
2024-05-12,5,REF005,41
2024-05-12,6,REF006,32
2024-05-12,6,REF006,17
2024-05-12,6,REF006,12
2024-05-12,8,REF008,62
2024-05-12,8,REF008,40
2024-05-12,8,REF008,70
2024-05-12,9,REF009,34
2024-05-12,9,REF009,13
2024-05-12,10,REF010,60
2024-05-12,10,REF010,6
2024-05-12,10,REF010,32
2024-05-12,11,REF011,18
2024-05-12,11,REF011,28
2024-05-12,11,REF011,47
2024-05-12,12,REF012,45
2024-05-12,12,REF012,96
2024-05-12,12,REF012,67
2024-05-12,12,REF012,92
2024-05-12,12,REF012,29
2024-05-12,12,REF012,95
2024-05-12,12,REF012,22
2024-05-12,13,REF013,99
2024-05-12,16,REF016,100
2024-05-12,16,REF016,70
2024-05-12,16,REF016,32
2024-05-12,16,REF016,34
2024-05-12,16,REF016,51
2024-05-12,17,REF017,52
2024-05-12,17,REF017,63
2024-05-12,17,REF017,33
2024-05-12,18,REF018,79
2024-05-12,18,REF018,20
2024-05-12,18,REF018,44
2024-05-12,18,REF018,34
2024-05-12,18,REF018,4
2024-05-12,18,REF018,70
2024-05-12,19,REF019,1
2024-05-12,19,REF019,89
2024-05-12,19,REF019,28
2024-05-12,19,REF019,20
2024-05-12,19,REF019,66
2024-05-12,20,REF020,85
2024-05-12,20,REF020,70
2024-05-12,20,REF020,87
2024-05-13,1,REF001,37
2024-05-13,1,REF001,51
2024-05-13,1,REF001,82
2024-05-13,1,REF001,60
2024-05-13,2,REF002,56
2024-05-13,2,REF002,61
2024-05-13,3,REF003,17
2024-05-13,3,REF003,92
2024-05-13,4,REF004,24
2024-05-13,4,REF004,42
2024-05-13,4,REF004,76
2024-05-13,5,REF005,99
2024-05-13,5,REF005,79
2024-05-13,5,REF005,37
2024-05-13,6,REF006,48
2024-05-13,7,REF007,5
2024-05-13,7,REF007,11
2024-05-13,7,REF007,19
2024-05-13,8,REF008,61
2024-05-13,8,REF008,6
2024-05-13,8,REF008,8
2024-05-13,8,REF008,96
2024-05-13,8,REF008,16
2024-05-13,8,REF008,57
2024-05-13,9,REF009,71
2024-05-13,9,REF009,84
2024-05-13,9,REF009,25
2024-05-13,9,REF009,79
2024-05-13,10,REF010,44
2024-05-13,10,REF010,70
2024-05-13,10,REF010,78
2024-05-13,10,REF010,70
2024-05-13,11,REF011,85
2024-05-13,11,REF011,95
2024-05-13,11,REF011,59
2024-05-13,12,REF012,77
2024-05-13,13,REF013,33
2024-05-13,13,REF013,75
2024-05-13,13,REF013,48
2024-05-13,13,REF013,89
2024-05-13,13,REF013,73
2024-05-13,13,REF013,46
2024-05-13,14,REF014,38
2024-05-13,15,REF015,66
2024-05-13,15,REF015,5
2024-05-13,15,REF015,73
2024-05-13,16,REF016,28
2024-05-13,16,REF016,99
2024-05-13,16,REF016,48
2024-05-13,16,REF016,93
2024-05-13,17,REF017,98
2024-05-13,17,REF017,50
2024-05-13,17,REF017,14
2024-05-13,17,REF017,12
2024-05-13,17,REF017,87
2024-05-13,18,REF018,5
2024-05-13,18,REF018,40
2024-05-13,18,REF018,95
2024-05-13,19,REF019,24
2024-05-13,19,REF019,4
2024-05-13,20,REF020,35
2024-05-13,20,REF020,18
2024-05-14,1,REF001,21
2024-05-14,1,REF001,36
2024-05-14,2,REF002,56
2024-05-14,3,REF003,96
2024-05-14,3,REF003,5
2024-05-14,4,REF004,42
2024-05-14,4,REF004,9
2024-05-14,5,REF005,24
2024-05-14,6,REF006,78
2024-05-14,6,REF006,73
2024-05-14,8,REF008,17
2024-05-14,8,REF008,99
2024-05-14,8,REF008,31
2024-05-14,9,REF009,60
2024-05-14,9,REF009,36
2024-05-14,10,REF010,23
2024-05-14,10,REF010,19
2024-05-14,11,REF011,82
2024-05-14,12,REF012,6
2024-05-14,12,REF012,39
2024-05-14,12,REF012,1
2024-05-14,12,REF012,99
2024-05-14,12,REF012,40
2024-05-14,12,REF012,48
2024-05-14,13,REF013,28
2024-05-14,13,REF013,62
2024-05-14,14,REF014,1
2024-05-14,14,REF014,48
2024-05-14,14,REF014,67
2024-05-14,16,REF016,77
2024-05-14,17,REF017,91
2024-05-14,18,REF018,41
2024-05-14,18,REF018,59
2024-05-14,18,REF018,26
2024-05-14,19,REF019,26
2024-05-14,19,REF019,10
2024-05-14,19,REF019,46
2024-05-14,20,REF020,72
2024-05-14,20,REF020,69
2024-05-15,1,REF001,25
2024-05-15,1,REF001,6
2024-05-15,1,REF001,33
2024-05-15,1,REF001,99
2024-05-15,2,REF002,17
2024-05-15,3,REF003,64
2024-05-15,4,REF004,5
2024-05-15,4,REF004,70
2024-05-15,4,REF004,90
2024-05-15,4,REF004,87
2024-05-15,5,REF005,11
2024-05-15,5,REF005,8
2024-05-15,7,REF007,67
2024-05-15,7,REF007,53
2024-05-15,7,REF007,36
2024-05-15,7,REF007,84
2024-05-15,9,REF009,76
2024-05-15,9,REF009,40
2024-05-15,10,REF010,94
2024-05-15,10,REF010,42
2024-05-15,10,REF010,7
2024-05-15,10,REF010,94
2024-05-15,11,REF011,56
2024-05-15,11,REF011,24
2024-05-15,11,REF011,30
2024-05-15,12,REF012,3
2024-05-15,13,REF013,40
2024-05-15,13,REF013,57
2024-05-15,13,REF013,53
2024-05-15,14,REF014,96
2024-05-15,14,REF014,68
2024-05-15,14,REF014,13
2024-05-15,15,REF015,92
2024-05-15,15,REF015,23
2024-05-15,16,REF016,80
2024-05-15,17,REF017,2
2024-05-15,18,REF018,8
2024-05-15,18,REF018,83
2024-05-15,18,REF018,64
2024-05-15,18,REF018,61
2024-05-15,19,REF019,26
2024-05-15,20,REF020,72
2024-05-15,20,REF020,53
2024-05-15,20,REF020,62
2024-05-16,1,REF001,80
2024-05-16,1,REF001,80
2024-05-16,2,REF002,29
2024-05-16,3,REF003,38
2024-05-16,3,REF003,58
2024-05-16,3,REF003,30
2024-05-16,3,REF003,87
2024-05-16,4,REF004,23
2024-05-16,4,REF004,14
2024-05-16,5,REF005,5
2024-05-16,5,REF005,94
2024-05-16,6,REF006,21
2024-05-16,6,REF006,30
2024-05-16,6,REF006,1
2024-05-16,7,REF007,58
2024-05-16,7,REF007,92
2024-05-16,8,REF008,45
2024-05-16,8,REF008,10
2024-05-16,8,REF008,34
2024-05-16,9,REF009,31
2024-05-16,9,REF009,64
2024-05-16,9,REF009,70
2024-05-16,9,REF009,13
2024-05-16,10,REF010,29
2024-05-16,11,REF011,31
2024-05-16,12,REF012,97
2024-05-16,12,REF012,98
2024-05-16,12,REF012,37
2024-05-16,12,REF012,57
2024-05-16,12,REF012,87
2024-05-16,13,REF013,24
2024-05-16,14,REF014,77
2024-05-16,16,REF016,63
2024-05-16,16,REF016,46
2024-05-16,17,REF017,31
2024-05-16,17,REF017,91
2024-05-16,17,REF017,21
2024-05-16,18,REF018,16
2024-05-16,18,REF018,49
2024-05-16,19,REF019,96
2024-05-16,20,REF020,56
2024-05-16,20,REF020,49
2024-05-16,20,REF020,18
2024-05-17,1,REF001,43
2024-05-17,1,REF001,89
2024-05-17,2,REF002,77
2024-05-17,2,REF002,9
2024-05-17,2,REF002,5
2024-05-17,3,REF003,41
2024-05-17,3,REF003,67
2024-05-17,3,REF003,38
2024-05-17,4,REF004,18
2024-05-17,4,REF004,18
2024-05-17,4,REF004,25
2024-05-17,4,REF004,96
2024-05-17,5,REF005,1
2024-05-17,5,REF005,66
2024-05-17,5,REF005,99
2024-05-17,6,REF006,58
2024-05-17,7,REF007,53
2024-05-17,7,REF007,29
2024-05-17,7,REF007,96
2024-05-17,8,REF008,79
2024-05-17,9,REF009,45
2024-05-17,10,REF010,17
2024-05-17,10,REF010,98
2024-05-17,10,REF010,72
2024-05-17,10,REF010,24
2024-05-17,11,REF011,68
2024-05-17,11,REF011,61
2024-05-17,11,REF011,68
2024-05-17,12,REF012,100
2024-05-17,12,REF012,25
2024-05-17,13,REF013,69
2024-05-17,13,REF013,66
2024-05-17,13,REF013,85
2024-05-17,14,REF014,63
2024-05-17,14,REF014,53
2024-05-17,14,REF014,81
2024-05-17,15,REF015,64
2024-05-17,15,REF015,44
2024-05-17,16,REF016,31
2024-05-17,16,REF016,99
2024-05-17,17,REF017,41
2024-05-17,17,REF017,88
2024-05-17,17,REF017,28
2024-05-17,18,REF018,5
2024-05-17,19,REF019,74
2024-05-18,1,REF001,100
2024-05-18,1,REF001,3
2024-05-18,1,REF001,95
2024-05-18,2,REF002,4
2024-05-18,3,REF003,92
2024-05-18,3,REF003,44
2024-05-18,3,REF003,57
2024-05-18,4,REF004,25
2024-05-18,4,REF004,80
2024-05-18,4,REF004,52
2024-05-18,5,REF005,2
2024-05-18,5,REF005,33
2024-05-18,5,REF005,60
2024-05-18,6,REF006,40
2024-05-18,6,REF006,28
2024-05-18,6,REF006,26
2024-05-18,6,REF006,12
2024-05-18,7,REF007,35
2024-05-18,7,REF007,79
2024-05-18,8,REF008,23
2024-05-18,8,REF008,13
2024-05-18,8,REF008,2
2024-05-18,8,REF008,21
2024-05-18,8,REF008,10
2024-05-18,9,REF009,85
2024-05-18,9,REF009,28
2024-05-18,9,REF009,10
2024-05-18,9,REF009,55
2024-05-18,9,REF009,13
2024-05-18,10,REF010,10
2024-05-18,10,REF010,17
2024-05-18,10,REF010,19
2024-05-18,11,REF011,35
2024-05-18,11,REF011,72
2024-05-18,11,REF011,54
2024-05-18,11,REF011,84
2024-05-18,11,REF011,70
2024-05-18,11,REF011,9
2024-05-18,12,REF012,76
2024-05-18,12,REF012,97
2024-05-18,12,REF012,71
2024-05-18,13,REF013,100
2024-05-18,13,REF013,34
2024-05-18,13,REF013,30
2024-05-18,14,REF014,68
2024-05-18,14,REF014,49
2024-05-18,14,REF014,43
2024-05-18,14,REF014,90
2024-05-18,14,REF014,70
2024-05-18,15,REF015,37
2024-05-18,15,REF015,46
2024-05-18,15,REF015,46
2024-05-18,15,REF015,44
2024-05-18,15,REF015,37
2024-05-18,15,REF015,63
2024-05-18,17,REF017,10
2024-05-18,18,REF018,92
2024-05-18,19,REF019,79
2024-05-18,20,REF020,41
2024-05-18,20,REF020,64
2024-05-19,1,REF001,26
2024-05-19,1,REF001,51
2024-05-19,2,REF002,29
2024-05-19,2,REF002,50
2024-05-19,3,REF003,4
2024-05-19,3,REF003,2
2024-05-19,5,REF005,90
2024-05-19,5,REF005,5
2024-05-19,5,REF005,94
2024-05-19,5,REF005,85
2024-05-19,5,REF005,84
2024-05-19,6,REF006,68
2024-05-19,7,REF007,93
2024-05-19,7,REF007,46
2024-05-19,7,REF007,2
2024-05-19,8,REF008,12
2024-05-19,8,REF008,38
2024-05-19,8,REF008,4
2024-05-19,8,REF008,39
2024-05-19,9,REF009,2
2024-05-19,9,REF009,83
2024-05-19,11,REF011,75
2024-05-19,12,REF012,30
2024-05-19,12,REF012,11
2024-05-19,13,REF013,97
2024-05-19,13,REF013,16
2024-05-19,13,REF013,10
2024-05-19,13,REF013,93
2024-05-19,13,REF013,99
2024-05-19,14,REF014,77
2024-05-19,14,REF014,56
2024-05-19,14,REF014,59
2024-05-19,15,REF015,76
2024-05-19,15,REF015,2
2024-05-19,16,REF016,35
2024-05-19,16,REF016,31
2024-05-19,17,REF017,74
2024-05-19,17,REF017,80
2024-05-19,17,REF017,91
2024-05-19,18,REF018,38
2024-05-19,18,REF018,95
2024-05-19,19,REF019,79
2024-05-19,19,REF019,23
2024-05-19,19,REF019,70
2024-05-19,19,REF019,90
2024-05-19,19,REF019,13
2024-05-19,20,REF020,77
2024-05-19,20,REF020,82
2024-05-20,1,REF001,34
2024-05-20,1,REF001,10
2024-05-20,1,REF001,92
2024-05-20,1,REF001,12
2024-05-20,2,REF002,84
2024-05-20,2,REF002,6
2024-05-20,2,REF002,30
2024-05-20,2,REF002,21
2024-05-20,2,REF002,8
2024-05-20,3,REF003,10
2024-05-20,5,REF005,15
2024-05-20,5,REF005,63
2024-05-20,5,REF005,86
2024-05-20,6,REF006,75
2024-05-20,6,REF006,99
2024-05-20,7,REF007,40
2024-05-20,7,REF007,80
2024-05-20,8,REF008,55
2024-05-20,8,REF008,4
2024-05-20,8,REF008,74
2024-05-20,9,REF009,13
2024-05-20,9,REF009,39
2024-05-20,10,REF010,96
2024-05-20,10,REF010,28
2024-05-20,11,REF011,62
2024-05-20,11,REF011,94
2024-05-20,11,REF011,46
2024-05-20,12,REF012,76
2024-05-20,13,REF013,53
2024-05-20,13,REF013,16
2024-05-20,14,REF014,85
2024-05-20,14,REF014,78
2024-05-20,15,REF015,23
2024-05-20,15,REF015,83
2024-05-20,16,REF016,96
2024-05-20,17,REF017,38
2024-05-20,17,REF017,95
2024-05-20,19,REF019,40
2024-05-20,19,REF019,99
2024-05-20,19,REF019,41
2024-05-20,19,REF019,80
2024-05-20,19,REF019,68
2024-05-20,19,REF019,91
2024-05-20,20,REF020,55
2024-05-20,20,REF020,21
2024-05-20,20,REF020,98
2024-05-20,20,REF020,8
2024-05-20,20,REF020,74
2024-05-21,1,REF001,77
2024-05-21,1,REF001,35
2024-05-21,1,REF001,91
2024-05-21,1,REF001,75
2024-05-21,1,REF001,48
2024-05-21,1,REF001,63
2024-05-21,2,REF002,50
2024-05-21,2,REF002,23
2024-05-21,2,REF002,55
2024-05-21,2,REF002,37
2024-05-21,3,REF003,55
2024-05-21,3,REF003,30
2024-05-21,3,REF003,61
2024-05-21,4,REF004,18
2024-05-21,4,REF004,85
2024-05-21,4,REF004,44
2024-05-21,5,REF005,47
2024-05-21,5,REF005,90
2024-05-21,5,REF005,15
2024-05-21,5,REF005,12
2024-05-21,6,REF006,20
2024-05-21,6,REF006,12
2024-05-21,6,REF006,73
2024-05-21,6,REF006,4
2024-05-21,6,REF006,72
2024-05-21,7,REF007,25
2024-05-21,8,REF008,53
2024-05-21,8,REF008,99
2024-05-21,8,REF008,70
2024-05-21,9,REF009,28
2024-05-21,9,REF009,100
2024-05-21,9,REF009,37
2024-05-21,9,REF009,30
2024-05-21,9,REF009,39
2024-05-21,10,REF010,1
2024-05-21,10,REF010,83
2024-05-21,10,REF010,64
2024-05-21,10,REF010,82
2024-05-21,11,REF011,94
2024-05-21,11,REF011,70
2024-05-21,12,REF012,90
2024-05-21,12,REF012,36
2024-05-21,12,REF012,97
2024-05-21,12,REF012,63
2024-05-21,12,REF012,47
2024-05-21,12,REF012,56
2024-05-21,12,REF012,70
2024-05-21,13,REF013,27
2024-05-21,14,REF014,80
2024-05-21,14,REF014,63
2024-05-21,14,REF014,35
2024-05-21,15,REF015,64
2024-05-21,16,REF016,94
2024-05-21,16,REF016,82
2024-05-21,17,REF017,74
2024-05-21,17,REF017,8
2024-05-21,18,REF018,12
2024-05-21,19,REF019,28
2024-05-21,19,REF019,35
2024-05-21,19,REF019,28
2024-05-21,19,REF019,84
2024-05-21,20,REF020,83
2024-05-21,20,REF020,23
2024-05-22,1,REF001,20
2024-05-22,2,REF002,44
2024-05-22,2,REF002,22
2024-05-22,4,REF004,65
2024-05-22,4,REF004,53
2024-05-22,5,REF005,94
2024-05-22,5,REF005,51
2024-05-22,5,REF005,89
2024-05-22,6,REF006,12
2024-05-22,6,REF006,76
2024-05-22,6,REF006,97
2024-05-22,6,REF006,21
2024-05-22,6,REF006,24
2024-05-22,6,REF006,41
2024-05-22,7,REF007,20
2024-05-22,8,REF008,37
2024-05-22,8,REF008,61
2024-05-22,8,REF008,2
2024-05-22,8,REF008,66
2024-05-22,8,REF008,91
2024-05-22,8,REF008,60
2024-05-22,9,REF009,5
2024-05-22,9,REF009,17
2024-05-22,9,REF009,10
2024-05-22,10,REF010,44
2024-05-22,10,REF010,59
2024-05-22,10,REF010,64
2024-05-22,11,REF011,48
2024-05-22,11,REF011,40
2024-05-22,11,REF011,35
2024-05-22,12,REF012,16
2024-05-22,12,REF012,89
2024-05-22,13,REF013,94
2024-05-22,13,REF013,75
2024-05-22,13,REF013,9
2024-05-22,14,REF014,31
2024-05-22,14,REF014,61
2024-05-22,15,REF015,6
2024-05-22,15,REF015,97
2024-05-22,15,REF015,59
2024-05-22,16,REF016,9
2024-05-22,17,REF017,89
2024-05-22,17,REF017,51
2024-05-22,18,REF018,47
2024-05-22,18,REF018,79
2024-05-22,18,REF018,22
2024-05-22,19,REF019,8
2024-05-22,19,REF019,8
2024-05-22,19,REF019,73
2024-05-22,20,REF020,68
2024-05-23,1,REF001,87
2024-05-23,1,REF001,60
2024-05-23,1,REF001,19
2024-05-23,1,REF001,63
2024-05-23,1,REF001,67
2024-05-23,1,REF001,76
2024-05-23,2,REF002,7
2024-05-23,2,REF002,11
2024-05-23,2,REF002,19
2024-05-23,2,REF002,99
2024-05-23,3,REF003,44
2024-05-23,3,REF003,93
2024-05-23,4,REF004,74
2024-05-23,5,REF005,22
2024-05-23,5,REF005,46
2024-05-23,5,REF005,43
2024-05-23,6,REF006,93
2024-05-23,6,REF006,33
2024-05-23,6,REF006,78
2024-05-23,6,REF006,9
2024-05-23,7,REF007,54
2024-05-23,7,REF007,24
2024-05-23,7,REF007,13
2024-05-23,7,REF007,11
2024-05-23,8,REF008,12
2024-05-23,9,REF009,82
2024-05-23,9,REF009,77
2024-05-23,10,REF010,32
2024-05-23,10,REF010,12
2024-05-23,10,REF010,55
2024-05-23,11,REF011,45
2024-05-23,11,REF011,73
2024-05-23,11,REF011,7
2024-05-23,12,REF012,2
2024-05-23,12,REF012,78
2024-05-23,12,REF012,28
2024-05-23,12,REF012,88
2024-05-23,12,REF012,35
2024-05-23,13,REF013,29
2024-05-23,14,REF014,45
2024-05-23,14,REF014,77
2024-05-23,14,REF014,6
2024-05-23,14,REF014,50
2024-05-23,14,REF014,11
2024-05-23,16,REF016,8
2024-05-23,16,REF016,8
2024-05-23,17,REF017,59
2024-05-23,18,REF018,53
2024-05-23,18,REF018,20
2024-05-23,18,REF018,59
2024-05-23,19,REF019,74
2024-05-23,20,REF020,29
2024-05-23,20,REF020,91
2024-05-24,1,REF001,89
2024-05-24,1,REF001,29
2024-05-24,3,REF003,8
2024-05-24,3,REF003,45
2024-05-24,3,REF003,56
2024-05-24,3,REF003,38
2024-05-24,4,REF004,31
2024-05-24,4,REF004,69
2024-05-24,4,REF004,24
2024-05-24,5,REF005,99
2024-05-24,5,REF005,27
2024-05-24,5,REF005,14
2024-05-24,6,REF006,81
2024-05-24,6,REF006,80
2024-05-24,7,REF007,82
2024-05-24,7,REF007,56
2024-05-24,7,REF007,15
2024-05-24,7,REF007,38
2024-05-24,8,REF008,35
2024-05-24,8,REF008,22
2024-05-24,9,REF009,87
2024-05-24,9,REF009,21
2024-05-24,9,REF009,26
2024-05-24,10,REF010,39
2024-05-24,10,REF010,40
2024-05-24,11,REF011,7
2024-05-24,11,REF011,96
2024-05-24,11,REF011,23
2024-05-24,12,REF012,51
2024-05-24,12,REF012,24
2024-05-24,12,REF012,26
2024-05-24,13,REF013,79
2024-05-24,13,REF013,14
2024-05-24,13,REF013,49
2024-05-24,13,REF013,90
2024-05-24,14,REF014,17
2024-05-24,14,REF014,77
2024-05-24,14,REF014,19
2024-05-24,15,REF015,74
2024-05-24,15,REF015,38
2024-05-24,15,REF015,23
2024-05-24,15,REF015,43
2024-05-24,16,REF016,56
2024-05-24,16,REF016,48
2024-05-24,17,REF017,69
2024-05-24,17,REF017,39
2024-05-24,17,REF017,77
2024-05-24,18,REF018,15
2024-05-24,18,REF018,16
2024-05-24,20,REF020,12
2024-05-24,20,REF020,50
2024-05-25,1,REF001,5
2024-05-25,2,REF002,44
2024-05-25,3,REF003,90
2024-05-25,3,REF003,86
2024-05-25,3,REF003,44
2024-05-25,3,REF003,6
2024-05-25,3,REF003,58
2024-05-25,4,REF004,50
2024-05-25,5,REF005,88
2024-05-25,5,REF005,67
2024-05-25,5,REF005,57
2024-05-25,5,REF005,85
2024-05-25,5,REF005,95
2024-05-25,5,REF005,56
2024-05-25,7,REF007,47
2024-05-25,7,REF007,69
2024-05-25,7,REF007,41
2024-05-25,7,REF007,32
2024-05-25,8,REF008,83
2024-05-25,8,REF008,59
2024-05-25,8,REF008,38
2024-05-25,8,REF008,43
2024-05-25,8,REF008,22
2024-05-25,8,REF008,50
2024-05-25,9,REF009,94
2024-05-25,9,REF009,43
2024-05-25,9,REF009,24
2024-05-25,10,REF010,76
2024-05-25,10,REF010,35
2024-05-25,11,REF011,65
2024-05-25,11,REF011,66
2024-05-25,12,REF012,59
2024-05-25,12,REF012,6
2024-05-25,12,REF012,33
2024-05-25,12,REF012,93
2024-05-25,13,REF013,83
2024-05-25,13,REF013,22
2024-05-25,15,REF015,51
2024-05-25,15,REF015,72
2024-05-25,15,REF015,71
2024-05-25,15,REF015,11
2024-05-25,16,REF016,53
2024-05-25,16,REF016,36
2024-05-25,17,REF017,49
2024-05-25,17,REF017,69
2024-05-25,18,REF018,20
2024-05-25,19,REF019,84
2024-05-25,19,REF019,45
2024-05-25,19,REF019,91
2024-05-25,19,REF019,37
2024-05-25,20,REF020,94
2024-05-26,1,REF001,92
2024-05-26,1,REF001,89
2024-05-26,2,REF002,84
2024-05-26,2,REF002,6
2024-05-26,2,REF002,16
2024-05-26,2,REF002,37
2024-05-26,2,REF002,51
2024-05-26,3,REF003,5
2024-05-26,3,REF003,38
2024-05-26,3,REF003,13
2024-05-26,3,REF003,62
2024-05-26,4,REF004,41
2024-05-26,4,REF004,6
2024-05-26,4,REF004,4
2024-05-26,4,REF004,94
2024-05-26,4,REF004,29
2024-05-26,5,REF005,23
2024-05-26,6,REF006,21
2024-05-26,6,REF006,18
2024-05-26,6,REF006,97
2024-05-26,6,REF006,3
2024-05-26,6,REF006,17
2024-05-26,6,REF006,63
2024-05-26,7,REF007,59
2024-05-26,7,REF007,12
2024-05-26,7,REF007,24
2024-05-26,8,REF008,42
2024-05-26,8,REF008,6
2024-05-26,9,REF009,44
2024-05-26,9,REF009,9
2024-05-26,9,REF009,62
2024-05-26,10,REF010,66
2024-05-26,12,REF012,23
2024-05-26,12,REF012,78
2024-05-26,12,REF012,30
2024-05-26,13,REF013,59
2024-05-26,13,REF013,87
2024-05-26,13,REF013,65
2024-05-26,14,REF014,18
2024-05-26,14,REF014,84
2024-05-26,14,REF014,7
2024-05-26,14,REF014,13
2024-05-26,15,REF015,81
2024-05-26,15,REF015,97
2024-05-26,15,REF015,94
2024-05-26,15,REF015,7
2024-05-26,15,REF015,77
2024-05-26,16,REF016,51
2024-05-26,16,REF016,50
2024-05-26,17,REF017,56
2024-05-26,17,REF017,70
2024-05-26,17,REF017,58
2024-05-26,17,REF017,17
2024-05-26,17,REF017,41
2024-05-26,18,REF018,80
2024-05-26,20,REF020,44
2024-05-26,20,REF020,12
2024-05-26,20,REF020,49
2024-05-27,1,REF001,13
2024-05-27,2,REF002,9
2024-05-27,2,REF002,92
2024-05-27,3,REF003,57
2024-05-27,3,REF003,15
2024-05-27,3,REF003,8
2024-05-27,3,REF003,28
2024-05-27,3,REF003,63
2024-05-27,4,REF004,86
2024-05-27,4,REF004,48
2024-05-27,4,REF004,89
2024-05-27,4,REF004,1
2024-05-27,4,REF004,76
2024-05-27,5,REF005,17
2024-05-27,5,REF005,21
2024-05-27,5,REF005,88
2024-05-27,6,REF006,54
2024-05-27,6,REF006,30
2024-05-27,7,REF007,70
2024-05-27,7,REF007,10
2024-05-27,7,REF007,30
2024-05-27,7,REF007,5
2024-05-27,8,REF008,42
2024-05-27,8,REF008,16
2024-05-27,8,REF008,20
2024-05-27,8,REF008,45
2024-05-27,9,REF009,44
2024-05-27,9,REF009,83
2024-05-27,10,REF010,41
2024-05-27,10,REF010,33
2024-05-27,10,REF010,92
2024-05-27,11,REF011,55
2024-05-27,11,REF011,20
2024-05-27,11,REF011,60
2024-05-27,12,REF012,33
2024-05-27,12,REF012,95
2024-05-27,12,REF012,27
2024-05-27,13,REF013,36
2024-05-27,14,REF014,40
2024-05-27,14,REF014,72
2024-05-27,14,REF014,66
2024-05-27,15,REF015,5
2024-05-27,15,REF015,36
2024-05-27,16,REF016,75
2024-05-27,16,REF016,10
2024-05-27,16,REF016,25
2024-05-27,16,REF016,5
2024-05-27,16,REF016,86
2024-05-27,17,REF017,95
2024-05-27,17,REF017,97
2024-05-27,17,REF017,31
2024-05-27,18,REF018,62
2024-05-27,18,REF018,86
2024-05-27,19,REF019,37
2024-05-27,19,REF019,2
2024-05-27,20,REF020,24
2024-05-27,20,REF020,2
2024-05-28,1,REF001,87
2024-05-28,1,REF001,50
2024-05-28,1,REF001,84
2024-05-28,1,REF001,61
2024-05-28,2,REF002,60
2024-05-28,2,REF002,13
2024-05-28,2,REF002,5
2024-05-28,2,REF002,74
2024-05-28,4,REF004,47
2024-05-28,4,REF004,89
2024-05-28,4,REF004,77
2024-05-28,5,REF005,49
2024-05-28,6,REF006,37
2024-05-28,7,REF007,27
2024-05-28,7,REF007,42
2024-05-28,7,REF007,70
2024-05-28,7,REF007,80
2024-05-28,8,REF008,40
2024-05-28,8,REF008,94
2024-05-28,8,REF008,18
2024-05-28,8,REF008,56
2024-05-28,9,REF009,20
2024-05-28,9,REF009,26
2024-05-28,10,REF010,14
2024-05-28,10,REF010,76
2024-05-28,10,REF010,88
2024-05-28,10,REF010,49
2024-05-28,11,REF011,5
2024-05-28,11,REF011,89
2024-05-28,11,REF011,89
2024-05-28,11,REF011,87
2024-05-28,11,REF011,51
2024-05-28,12,REF012,62
2024-05-28,12,REF012,19
2024-05-28,12,REF012,94
2024-05-28,12,REF012,96
2024-05-28,12,REF012,73
2024-05-28,12,REF012,13
2024-05-28,12,REF012,90
2024-05-28,13,REF013,29
2024-05-28,13,REF013,66
2024-05-28,13,REF013,18
2024-05-28,13,REF013,2
2024-05-28,13,REF013,97
2024-05-28,13,REF013,65
2024-05-28,14,REF014,91
2024-05-28,14,REF014,91
2024-05-28,14,REF014,63
2024-05-28,15,REF015,10
2024-05-28,16,REF016,100
2024-05-28,17,REF017,89
2024-05-28,17,REF017,97
2024-05-28,17,REF017,90
2024-05-28,17,REF017,60
2024-05-28,17,REF017,78
2024-05-28,17,REF017,92
2024-05-28,18,REF018,73
2024-05-28,18,REF018,17
2024-05-28,18,REF018,53
2024-05-28,19,REF019,92
2024-05-28,19,REF019,26
2024-05-28,19,REF019,35
2024-05-28,19,REF019,53
2024-05-28,20,REF020,41
2024-05-28,20,REF020,50
2024-05-28,20,REF020,87
2024-05-29,1,REF001,20
2024-05-29,1,REF001,33
2024-05-29,1,REF001,75
2024-05-29,1,REF001,56
2024-05-29,1,REF001,7
2024-05-29,1,REF001,68
2024-05-29,2,REF002,76
2024-05-29,2,REF002,53
2024-05-29,2,REF002,33
2024-05-29,3,REF003,2
2024-05-29,3,REF003,3
2024-05-29,3,REF003,59
2024-05-29,4,REF004,63
2024-05-29,4,REF004,21
2024-05-29,4,REF004,98
2024-05-29,5,REF005,5
2024-05-29,5,REF005,41
2024-05-29,5,REF005,8
2024-05-29,6,REF006,90
2024-05-29,7,REF007,5
2024-05-29,8,REF008,42
2024-05-29,9,REF009,60
2024-05-29,10,REF010,27
2024-05-29,10,REF010,85
2024-05-29,10,REF010,55
2024-05-29,10,REF010,92
2024-05-29,11,REF011,44
2024-05-29,12,REF012,47
2024-05-29,13,REF013,67
2024-05-29,13,REF013,17
2024-05-29,13,REF013,14
2024-05-29,14,REF014,58
2024-05-29,14,REF014,92
2024-05-29,15,REF015,61
2024-05-29,15,REF015,85
2024-05-29,15,REF015,39
2024-05-29,16,REF016,5
2024-05-29,16,REF016,81
2024-05-29,16,REF016,18
2024-05-29,16,REF016,99
2024-05-29,17,REF017,49
2024-05-29,17,REF017,93
2024-05-29,17,REF017,76
2024-05-29,17,REF017,59
2024-05-29,18,REF018,92
2024-05-29,18,REF018,61
2024-05-29,18,REF018,59
2024-05-29,18,REF018,8
2024-05-29,19,REF019,22
2024-05-29,19,REF019,36
2024-05-29,20,REF020,25
2024-05-30,1,REF001,80
2024-05-30,1,REF001,53
2024-05-30,1,REF001,87
2024-05-30,1,REF001,86
2024-05-30,2,REF002,86
2024-05-30,2,REF002,10
2024-05-30,2,REF002,20
2024-05-30,2,REF002,92
2024-05-30,3,REF003,86
2024-05-30,3,REF003,82
2024-05-30,4,REF004,5
2024-05-30,5,REF005,87
2024-05-30,5,REF005,77
2024-05-30,6,REF006,89
2024-05-30,6,REF006,1
2024-05-30,6,REF006,66
2024-05-30,7,REF007,25
2024-05-30,7,REF007,21
2024-05-30,7,REF007,70
2024-05-30,7,REF007,46
2024-05-30,8,REF008,31
2024-05-30,8,REF008,13
2024-05-30,8,REF008,70
2024-05-30,9,REF009,37
2024-05-30,9,REF009,5
2024-05-30,10,REF010,65
2024-05-30,10,REF010,92
2024-05-30,10,REF010,19
2024-05-30,11,REF011,5
2024-05-30,11,REF011,21
2024-05-30,11,REF011,34
2024-05-30,13,REF013,75
2024-05-30,13,REF013,36
2024-05-30,13,REF013,37
2024-05-30,13,REF013,18
2024-05-30,13,REF013,44
2024-05-30,13,REF013,12
2024-05-30,14,REF014,17
2024-05-30,15,REF015,52
2024-05-30,15,REF015,49
2024-05-30,15,REF015,29
2024-05-30,16,REF016,71
2024-05-30,16,REF016,62
2024-05-30,16,REF016,35
2024-05-30,16,REF016,77
2024-05-30,18,REF018,82
2024-05-30,18,REF018,97
2024-05-30,18,REF018,83
2024-05-30,19,REF019,19
2024-05-30,20,REF020,46
2024-05-30,20,REF020,39
2024-05-30,20,REF020,94
2024-05-31,2,REF002,95
2024-05-31,2,REF002,23
2024-05-31,3,REF003,78
2024-05-31,3,REF003,79
2024-05-31,3,REF003,65
2024-05-31,3,REF003,93
2024-05-31,4,REF004,87
2024-05-31,4,REF004,94
2024-05-31,4,REF004,45
2024-05-31,5,REF005,77
2024-05-31,6,REF006,43
2024-05-31,6,REF006,42
2024-05-31,6,REF006,59
2024-05-31,6,REF006,58
2024-05-31,7,REF007,9
2024-05-31,7,REF007,81
2024-05-31,8,REF008,67
2024-05-31,8,REF008,5
2024-05-31,9,REF009,43
2024-05-31,10,REF010,71
2024-05-31,10,REF010,24
2024-05-31,10,REF010,90
2024-05-31,10,REF010,94
2024-05-31,10,REF010,72
2024-05-31,11,REF011,33
2024-05-31,12,REF012,97
2024-05-31,12,REF012,36
2024-05-31,12,REF012,12
2024-05-31,12,REF012,68
2024-05-31,13,REF013,69
2024-05-31,13,REF013,59
2024-05-31,13,REF013,44
2024-05-31,13,REF013,30
2024-05-31,13,REF013,59
2024-05-31,15,REF015,17
2024-05-31,15,REF015,38
2024-05-31,16,REF016,71
2024-05-31,16,REF016,18
2024-05-31,16,REF016,47
2024-05-31,16,REF016,91
2024-05-31,17,REF017,89
2024-05-31,17,REF017,73
2024-05-31,17,REF017,64
2024-05-31,18,REF018,14
2024-05-31,18,REF018,16
2024-05-31,19,REF019,74
2024-05-31,19,REF019,50
2024-05-31,20,REF020,82
2024-06-01,1,REF001,4
2024-06-01,1,REF001,34
2024-06-01,1,REF001,32
2024-06-01,1,REF001,8
2024-06-01,2,REF002,53
2024-06-01,2,REF002,33
2024-06-01,3,REF003,22
2024-06-01,3,REF003,48
2024-06-01,4,REF004,17
2024-06-01,4,REF004,50
2024-06-01,4,REF004,49
2024-06-01,4,REF004,36
2024-06-01,5,REF005,89
2024-06-01,5,REF005,58
2024-06-01,5,REF005,7
2024-06-01,5,REF005,3
2024-06-01,5,REF005,33
2024-06-01,6,REF006,73
2024-06-01,6,REF006,72
2024-06-01,7,REF007,73
2024-06-01,7,REF007,90
2024-06-01,8,REF008,55
2024-06-01,8,REF008,15
2024-06-01,8,REF008,83
2024-06-01,8,REF008,40
2024-06-01,9,REF009,79
2024-06-01,9,REF009,3
2024-06-01,9,REF009,81
2024-06-01,9,REF009,32
2024-06-01,10,REF010,91
2024-06-01,11,REF011,9
2024-06-01,11,REF011,53
2024-06-01,12,REF012,9
2024-06-01,12,REF012,83
2024-06-01,12,REF012,60
2024-06-01,12,REF012,91
2024-06-01,13,REF013,49
2024-06-01,14,REF014,75
2024-06-01,15,REF015,19
2024-06-01,15,REF015,96
2024-06-01,16,REF016,5
2024-06-01,16,REF016,67
2024-06-01,16,REF016,36
2024-06-01,17,REF017,11
2024-06-01,18,REF018,29
2024-06-01,19,REF019,20
2024-06-01,19,REF019,31
2024-06-01,19,REF019,42
2024-06-01,20,REF020,26
2024-06-01,20,REF020,88
2024-06-02,1,REF001,58
2024-06-02,1,REF001,97
2024-06-02,1,REF001,52
2024-06-02,2,REF002,81
2024-06-02,2,REF002,42
2024-06-02,3,REF003,91
2024-06-02,3,REF003,67
2024-06-02,3,REF003,10
2024-06-02,3,REF003,58
2024-06-02,4,REF004,67
2024-06-02,4,REF004,21
2024-06-02,5,REF005,97
2024-06-02,5,REF005,76
2024-06-02,5,REF005,8
2024-06-02,5,REF005,29
2024-06-02,6,REF006,60
2024-06-02,6,REF006,72
2024-06-02,7,REF007,25
2024-06-02,7,REF007,86
2024-06-02,8,REF008,31
2024-06-02,8,REF008,1
2024-06-02,8,REF008,59
2024-06-02,9,REF009,27
2024-06-02,9,REF009,63
2024-06-02,9,REF009,50
2024-06-02,9,REF009,88
2024-06-02,10,REF010,52
2024-06-02,10,REF010,64
2024-06-02,11,REF011,15
2024-06-02,11,REF011,42
2024-06-02,11,REF011,53
2024-06-02,12,REF012,74
2024-06-02,12,REF012,48
2024-06-02,13,REF013,16
2024-06-02,13,REF013,9
2024-06-02,13,REF013,62
2024-06-02,14,REF014,63
2024-06-02,14,REF014,1
2024-06-02,14,REF014,94
2024-06-02,14,REF014,87
2024-06-02,15,REF015,64
2024-06-02,16,REF016,83
2024-06-02,16,REF016,14
2024-06-02,17,REF017,13
2024-06-02,17,REF017,21
2024-06-02,18,REF018,96
2024-06-02,18,REF018,92
2024-06-02,19,REF019,75
2024-06-02,19,REF019,89
2024-06-02,20,REF020,42
2024-06-03,1,REF001,65
2024-06-03,1,REF001,43
2024-06-03,1,REF001,60
2024-06-03,1,REF001,86
2024-06-03,2,REF002,97
2024-06-03,2,REF002,1
2024-06-03,3,REF003,85
2024-06-03,4,REF004,10
2024-06-03,4,REF004,32
2024-06-03,5,REF005,21
2024-06-03,5,REF005,8
2024-06-03,5,REF005,32
2024-06-03,5,REF005,41
2024-06-03,6,REF006,34
2024-06-03,7,REF007,76
2024-06-03,7,REF007,93
2024-06-03,7,REF007,5
2024-06-03,8,REF008,80
2024-06-03,8,REF008,58
2024-06-03,8,REF008,85
2024-06-03,8,REF008,8
2024-06-03,8,REF008,61
2024-06-03,8,REF008,100
2024-06-03,9,REF009,78
2024-06-03,9,REF009,85
2024-06-03,9,REF009,65
2024-06-03,10,REF010,33
2024-06-03,11,REF011,14
2024-06-03,11,REF011,6
2024-06-03,11,REF011,97
2024-06-03,11,REF011,20
2024-06-03,11,REF011,17
2024-06-03,12,REF012,75
2024-06-03,12,REF012,11
2024-06-03,12,REF012,28
2024-06-03,12,REF012,25
2024-06-03,12,REF012,27
2024-06-03,12,REF012,62
2024-06-03,12,REF012,12
2024-06-03,13,REF013,91
2024-06-03,13,REF013,86
2024-06-03,13,REF013,50
2024-06-03,14,REF014,98
2024-06-03,14,REF014,37
2024-06-03,14,REF014,52
2024-06-03,14,REF014,25
2024-06-03,14,REF014,71
2024-06-03,15,REF015,39
2024-06-03,15,REF015,96
2024-06-03,15,REF015,24
2024-06-03,16,REF016,11
2024-06-03,16,REF016,61
2024-06-03,16,REF016,88
2024-06-03,17,REF017,27
2024-06-03,17,REF017,51
2024-06-03,17,REF017,98
2024-06-03,18,REF018,44
2024-06-03,18,REF018,50
2024-06-03,18,REF018,74
2024-06-03,18,REF018,41
2024-06-03,19,REF019,40
2024-06-03,19,REF019,59
2024-06-03,19,REF019,54
2024-06-04,1,REF001,19
2024-06-04,2,REF002,83
2024-06-04,2,REF002,57
2024-06-04,2,REF002,61
2024-06-04,2,REF002,81
2024-06-04,3,REF003,100
2024-06-04,3,REF003,76
2024-06-04,4,REF004,56
2024-06-04,4,REF004,40
2024-06-04,4,REF004,68
2024-06-04,5,REF005,60
2024-06-04,5,REF005,64
2024-06-04,5,REF005,49
2024-06-04,6,REF006,13
2024-06-04,7,REF007,56
2024-06-04,7,REF007,8
2024-06-04,7,REF007,51
2024-06-04,7,REF007,3
2024-06-04,7,REF007,77
2024-06-04,7,REF007,16
2024-06-04,8,REF008,18
2024-06-04,8,REF008,24
2024-06-04,8,REF008,46
2024-06-04,8,REF008,30
2024-06-04,8,REF008,60
2024-06-04,9,REF009,19
2024-06-04,9,REF009,77
2024-06-04,9,REF009,58
2024-06-04,9,REF009,69
2024-06-04,10,REF010,9
2024-06-04,10,REF010,32
2024-06-04,10,REF010,62
2024-06-04,10,REF010,77
2024-06-04,11,REF011,70
2024-06-04,11,REF011,37
2024-06-04,11,REF011,70
2024-06-04,11,REF011,43
2024-06-04,12,REF012,74
2024-06-04,12,REF012,8
2024-06-04,12,REF012,16
2024-06-04,12,REF012,33
2024-06-04,13,REF013,11
2024-06-04,13,REF013,91
2024-06-04,14,REF014,95
2024-06-04,15,REF015,67
2024-06-04,15,REF015,93
2024-06-04,15,REF015,17
2024-06-04,16,REF016,81
2024-06-04,16,REF016,19
2024-06-04,16,REF016,16
2024-06-04,16,REF016,55
2024-06-04,17,REF017,26
2024-06-04,17,REF017,94
2024-06-04,17,REF017,27
2024-06-04,18,REF018,21
2024-06-04,18,REF018,55
2024-06-04,19,REF019,90
2024-06-04,19,REF019,20
2024-06-05,1,REF001,77
2024-06-05,1,REF001,66
2024-06-05,1,REF001,82
2024-06-05,1,REF001,53
2024-06-05,1,REF001,100
2024-06-05,1,REF001,96
2024-06-05,1,REF001,91
2024-06-05,1,REF001,80
2024-06-05,1,REF001,6
2024-06-05,2,REF002,46
2024-06-05,3,REF003,26
2024-06-05,3,REF003,71
2024-06-05,3,REF003,83
2024-06-05,3,REF003,22
2024-06-05,3,REF003,89
2024-06-05,4,REF004,44
2024-06-05,4,REF004,36
2024-06-05,4,REF004,97
2024-06-05,4,REF004,74
2024-06-05,5,REF005,73
2024-06-05,5,REF005,99
2024-06-05,6,REF006,82
2024-06-05,7,REF007,100
2024-06-05,7,REF007,13
2024-06-05,7,REF007,90
2024-06-05,7,REF007,61
2024-06-05,8,REF008,6
2024-06-05,9,REF009,65
2024-06-05,9,REF009,60
2024-06-05,9,REF009,55
2024-06-05,10,REF010,13
2024-06-05,10,REF010,46
2024-06-05,11,REF011,26
2024-06-05,11,REF011,81
2024-06-05,11,REF011,64
2024-06-05,12,REF012,29
2024-06-05,12,REF012,45
2024-06-05,12,REF012,58
2024-06-05,13,REF013,47
2024-06-05,13,REF013,28
2024-06-05,14,REF014,21
2024-06-05,14,REF014,61
2024-06-05,14,REF014,66
2024-06-05,14,REF014,83
2024-06-05,15,REF015,54
2024-06-05,16,REF016,80
2024-06-05,16,REF016,16
2024-06-05,17,REF017,90
2024-06-05,17,REF017,55
2024-06-05,18,REF018,8
2024-06-05,18,REF018,21
2024-06-05,19,REF019,56
2024-06-05,19,REF019,34
2024-06-05,20,REF020,85
2024-06-05,20,REF020,41
2024-06-06,1,REF001,38
2024-06-06,1,REF001,59
2024-06-06,2,REF002,22
2024-06-06,2,REF002,89
2024-06-06,3,REF003,8
2024-06-06,4,REF004,62
2024-06-06,5,REF005,11
2024-06-06,5,REF005,28
2024-06-06,5,REF005,17
2024-06-06,6,REF006,11
2024-06-06,6,REF006,46
2024-06-06,6,REF006,36
2024-06-06,6,REF006,76
2024-06-06,6,REF006,79
2024-06-06,7,REF007,51
2024-06-06,7,REF007,69
2024-06-06,7,REF007,14
2024-06-06,7,REF007,100
2024-06-06,7,REF007,32
2024-06-06,7,REF007,69
2024-06-06,8,REF008,55
2024-06-06,10,REF010,59
2024-06-06,10,REF010,43
2024-06-06,10,REF010,50
2024-06-06,11,REF011,69
2024-06-06,12,REF012,12
2024-06-06,13,REF013,38
2024-06-06,13,REF013,16
2024-06-06,13,REF013,23
2024-06-06,13,REF013,29
2024-06-06,13,REF013,14
2024-06-06,13,REF013,34
2024-06-06,14,REF014,92
2024-06-06,14,REF014,80
2024-06-06,14,REF014,71
2024-06-06,14,REF014,76
2024-06-06,14,REF014,21
2024-06-06,14,REF014,60
2024-06-06,14,REF014,41
2024-06-06,15,REF015,75
2024-06-06,15,REF015,54
2024-06-06,15,REF015,74
2024-06-06,15,REF015,82
2024-06-06,15,REF015,89
2024-06-06,16,REF016,85
2024-06-06,16,REF016,5
2024-06-06,16,REF016,11
2024-06-06,16,REF016,65
2024-06-06,17,REF017,76
2024-06-06,17,REF017,60
2024-06-06,18,REF018,49
2024-06-06,18,REF018,13
2024-06-06,18,REF018,18
2024-06-06,18,REF018,89
2024-06-06,18,REF018,77
2024-06-06,19,REF019,20
2024-06-06,20,REF020,18
2024-06-06,20,REF020,39
2024-06-06,20,REF020,60
2024-06-06,20,REF020,86
2024-06-06,20,REF020,46
2024-06-07,1,REF001,45
2024-06-07,1,REF001,10
2024-06-07,2,REF002,28
2024-06-07,2,REF002,23
2024-06-07,2,REF002,66
2024-06-07,3,REF003,35
2024-06-07,3,REF003,15
2024-06-07,3,REF003,56
2024-06-07,3,REF003,91
2024-06-07,4,REF004,25
2024-06-07,4,REF004,88
2024-06-07,5,REF005,2
2024-06-07,5,REF005,44
2024-06-07,5,REF005,2
2024-06-07,5,REF005,26
2024-06-07,6,REF006,66
2024-06-07,6,REF006,37
2024-06-07,6,REF006,79
2024-06-07,6,REF006,99
2024-06-07,7,REF007,84
2024-06-07,7,REF007,29
2024-06-07,7,REF007,22
2024-06-07,7,REF007,46
2024-06-07,8,REF008,85
2024-06-07,8,REF008,14
2024-06-07,8,REF008,78
2024-06-07,9,REF009,14
2024-06-07,9,REF009,63
2024-06-07,10,REF010,11
2024-06-07,10,REF010,28
2024-06-07,10,REF010,44
2024-06-07,10,REF010,38
2024-06-07,11,REF011,28
2024-06-07,11,REF011,13
2024-06-07,11,REF011,93
2024-06-07,12,REF012,67
2024-06-07,12,REF012,37
2024-06-07,13,REF013,79
2024-06-07,13,REF013,68
2024-06-07,13,REF013,56
2024-06-07,14,REF014,5
2024-06-07,15,REF015,42
2024-06-07,16,REF016,63
2024-06-07,16,REF016,16
2024-06-07,17,REF017,33
2024-06-07,17,REF017,97
2024-06-07,17,REF017,86
2024-06-07,18,REF018,41
2024-06-07,18,REF018,93
2024-06-07,18,REF018,50
2024-06-07,18,REF018,5
2024-06-07,19,REF019,28
2024-06-07,19,REF019,9
2024-06-07,20,REF020,81
2024-06-07,20,REF020,50
2024-06-07,20,REF020,99
2024-06-08,1,REF001,9
2024-06-08,1,REF001,82
2024-06-08,1,REF001,19
2024-06-08,2,REF002,62
2024-06-08,2,REF002,19
2024-06-08,3,REF003,18
2024-06-08,3,REF003,18
2024-06-08,4,REF004,13
2024-06-08,4,REF004,97
2024-06-08,4,REF004,62
2024-06-08,5,REF005,37
2024-06-08,5,REF005,79
2024-06-08,7,REF007,33
2024-06-08,7,REF007,23
2024-06-08,8,REF008,54
2024-06-08,8,REF008,96
2024-06-08,8,REF008,16
2024-06-08,9,REF009,18
2024-06-08,9,REF009,50
2024-06-08,9,REF009,72
2024-06-08,10,REF010,45
2024-06-08,10,REF010,7
2024-06-08,10,REF010,84
2024-06-08,10,REF010,93
2024-06-08,10,REF010,88
2024-06-08,10,REF010,88
2024-06-08,11,REF011,2
2024-06-08,11,REF011,90
2024-06-08,11,REF011,63
2024-06-08,11,REF011,18
2024-06-08,12,REF012,99
2024-06-08,12,REF012,43
2024-06-08,13,REF013,6
2024-06-08,16,REF016,7
2024-06-08,16,REF016,82
2024-06-08,18,REF018,20
2024-06-08,18,REF018,80
2024-06-08,18,REF018,69
2024-06-08,18,REF018,78
2024-06-08,18,REF018,88
2024-06-08,18,REF018,10
2024-06-08,19,REF019,31
2024-06-08,19,REF019,81
2024-06-08,19,REF019,1
2024-06-08,20,REF020,21
2024-06-08,20,REF020,22
2024-06-09,1,REF001,54
2024-06-09,1,REF001,53
2024-06-09,1,REF001,84
2024-06-09,2,REF002,87
2024-06-09,2,REF002,91
2024-06-09,4,REF004,58
2024-06-09,4,REF004,87
2024-06-09,5,REF005,34
2024-06-09,5,REF005,77
2024-06-09,6,REF006,61
2024-06-09,6,REF006,34
2024-06-09,6,REF006,65
2024-06-09,7,REF007,83
2024-06-09,7,REF007,11
2024-06-09,7,REF007,59
2024-06-09,7,REF007,66
2024-06-09,7,REF007,23
2024-06-09,7,REF007,92
2024-06-09,7,REF007,50
2024-06-09,7,REF007,68
2024-06-09,9,REF009,92
2024-06-09,9,REF009,84
2024-06-09,9,REF009,38
2024-06-09,9,REF009,22
2024-06-09,9,REF009,58
2024-06-09,9,REF009,39
2024-06-09,10,REF010,52
2024-06-09,10,REF010,11
2024-06-09,12,REF012,69
2024-06-09,12,REF012,74
2024-06-09,12,REF012,65
2024-06-09,12,REF012,29
2024-06-09,12,REF012,41
2024-06-09,12,REF012,62
2024-06-09,12,REF012,88
2024-06-09,12,REF012,46
2024-06-09,13,REF013,86
2024-06-09,13,REF013,67
2024-06-09,13,REF013,39
2024-06-09,14,REF014,62
2024-06-09,14,REF014,22
2024-06-09,14,REF014,56
2024-06-09,15,REF015,59
2024-06-09,15,REF015,12
2024-06-09,15,REF015,79
2024-06-09,15,REF015,27
2024-06-09,15,REF015,10
2024-06-09,16,REF016,34
2024-06-09,16,REF016,53
2024-06-09,17,REF017,28
2024-06-09,17,REF017,79
2024-06-09,17,REF017,52
2024-06-09,17,REF017,51
2024-06-09,18,REF018,45
2024-06-09,18,REF018,43
2024-06-09,18,REF018,14
2024-06-09,19,REF019,82
2024-06-09,19,REF019,72
2024-06-09,20,REF020,64
2024-06-09,20,REF020,80
2024-06-09,20,REF020,55
2024-06-09,20,REF020,52
2024-06-09,20,REF020,4
2024-06-10,1,REF001,59
2024-06-10,1,REF001,58
2024-06-10,2,REF002,13
2024-06-10,2,REF002,68
2024-06-10,3,REF003,87
2024-06-10,4,REF004,25
2024-06-10,5,REF005,55
2024-06-10,5,REF005,50
2024-06-10,5,REF005,97
2024-06-10,5,REF005,72
2024-06-10,6,REF006,34
2024-06-10,6,REF006,23
2024-06-10,6,REF006,77
2024-06-10,7,REF007,87
2024-06-10,7,REF007,29
2024-06-10,7,REF007,34
2024-06-10,7,REF007,71
2024-06-10,9,REF009,74
2024-06-10,9,REF009,70
2024-06-10,10,REF010,6
2024-06-10,10,REF010,74
2024-06-10,10,REF010,96
2024-06-10,11,REF011,84
2024-06-10,11,REF011,81
2024-06-10,12,REF012,61
2024-06-10,13,REF013,56
2024-06-10,13,REF013,5
2024-06-10,13,REF013,86
2024-06-10,14,REF014,53
2024-06-10,14,REF014,14
2024-06-10,14,REF014,11
2024-06-10,14,REF014,37
2024-06-10,14,REF014,70
2024-06-10,15,REF015,35
2024-06-10,15,REF015,92
2024-06-10,15,REF015,43
2024-06-10,16,REF016,54
2024-06-10,16,REF016,94
2024-06-10,17,REF017,24
2024-06-10,18,REF018,18
2024-06-10,18,REF018,73
2024-06-10,18,REF018,8
2024-06-10,18,REF018,25
2024-06-10,18,REF018,74
2024-06-10,18,REF018,81
2024-06-10,19,REF019,65
2024-06-10,19,REF019,30
2024-06-10,20,REF020,35
2024-06-11,1,REF001,78
2024-06-11,1,REF001,23
2024-06-11,1,REF001,94
2024-06-11,1,REF001,76
2024-06-11,1,REF001,70
2024-06-11,2,REF002,64
2024-06-11,2,REF002,90
2024-06-11,2,REF002,72
2024-06-11,3,REF003,36
2024-06-11,3,REF003,26
2024-06-11,3,REF003,15
2024-06-11,3,REF003,20
2024-06-11,4,REF004,50
2024-06-11,4,REF004,46
2024-06-11,4,REF004,97
2024-06-11,5,REF005,83
2024-06-11,5,REF005,66
2024-06-11,6,REF006,87
2024-06-11,7,REF007,57
2024-06-11,7,REF007,53
2024-06-11,7,REF007,47
2024-06-11,7,REF007,80
2024-06-11,7,REF007,22
2024-06-11,8,REF008,50
2024-06-11,8,REF008,63
2024-06-11,8,REF008,62
2024-06-11,8,REF008,6
2024-06-11,9,REF009,91
2024-06-11,9,REF009,16
2024-06-11,10,REF010,71
2024-06-11,10,REF010,99
2024-06-11,10,REF010,25
2024-06-11,11,REF011,57
2024-06-11,11,REF011,20
2024-06-11,12,REF012,49
2024-06-11,13,REF013,87
2024-06-11,13,REF013,36
2024-06-11,13,REF013,28
2024-06-11,14,REF014,71
2024-06-11,14,REF014,38
2024-06-11,15,REF015,69
2024-06-11,16,REF016,22
2024-06-11,18,REF018,16
2024-06-11,18,REF018,41
2024-06-11,19,REF019,60
2024-06-11,19,REF019,80
2024-06-11,19,REF019,12
2024-06-11,20,REF020,63
2024-06-11,20,REF020,56
2024-06-12,1,REF001,27
2024-06-12,2,REF002,90
2024-06-12,2,REF002,91
2024-06-12,2,REF002,91
2024-06-12,3,REF003,99
2024-06-12,3,REF003,25
2024-06-12,3,REF003,14
2024-06-12,3,REF003,15
2024-06-12,3,REF003,35
2024-06-12,4,REF004,7
2024-06-12,4,REF004,11
2024-06-12,4,REF004,56
2024-06-12,4,REF004,47
2024-06-12,5,REF005,79
2024-06-12,5,REF005,8
2024-06-12,5,REF005,90
2024-06-12,5,REF005,95
2024-06-12,6,REF006,33
2024-06-12,6,REF006,24
2024-06-12,6,REF006,28
2024-06-12,6,REF006,21
2024-06-12,7,REF007,66
2024-06-12,8,REF008,92
2024-06-12,8,REF008,68
2024-06-12,8,REF008,56
2024-06-12,9,REF009,52
2024-06-12,9,REF009,70
2024-06-12,9,REF009,76
2024-06-12,9,REF009,98
2024-06-12,9,REF009,12
2024-06-12,9,REF009,92
2024-06-12,9,REF009,46
2024-06-12,10,REF010,81
2024-06-12,10,REF010,24
2024-06-12,10,REF010,43
2024-06-12,11,REF011,33
2024-06-12,11,REF011,52
2024-06-12,12,REF012,60
2024-06-12,12,REF012,19
2024-06-12,12,REF012,94
2024-06-12,12,REF012,20
2024-06-12,12,REF012,79
2024-06-12,13,REF013,60
2024-06-12,14,REF014,72
2024-06-12,14,REF014,26
2024-06-12,14,REF014,14
2024-06-12,15,REF015,99
2024-06-12,16,REF016,69
2024-06-12,16,REF016,39
2024-06-12,17,REF017,2
2024-06-12,17,REF017,33
2024-06-12,17,REF017,57
2024-06-12,17,REF017,35
2024-06-12,17,REF017,58
2024-06-12,17,REF017,96
2024-06-12,17,REF017,22
2024-06-12,18,REF018,71
2024-06-12,18,REF018,46
2024-06-12,18,REF018,99
2024-06-12,18,REF018,52
2024-06-12,18,REF018,4
2024-06-12,18,REF018,69
2024-06-12,19,REF019,39
2024-06-12,19,REF019,7
2024-06-12,19,REF019,62
2024-06-12,19,REF019,73
2024-06-12,19,REF019,33
2024-06-12,20,REF020,50
2024-06-12,20,REF020,56
2024-06-12,20,REF020,61
2024-06-12,20,REF020,85
2024-06-13,1,REF001,13
2024-06-13,2,REF002,37
2024-06-13,2,REF002,12
2024-06-13,2,REF002,43
2024-06-13,2,REF002,2
2024-06-13,2,REF002,56
2024-06-13,2,REF002,16
2024-06-13,3,REF003,74
2024-06-13,3,REF003,23
2024-06-13,4,REF004,38
2024-06-13,4,REF004,79
2024-06-13,5,REF005,32
2024-06-13,5,REF005,8
2024-06-13,5,REF005,92
2024-06-13,6,REF006,73
2024-06-13,6,REF006,46
2024-06-13,6,REF006,28
2024-06-13,8,REF008,52
2024-06-13,9,REF009,19
2024-06-13,9,REF009,11
2024-06-13,9,REF009,60
2024-06-13,9,REF009,60
2024-06-13,9,REF009,47
2024-06-13,10,REF010,3
2024-06-13,10,REF010,57
2024-06-13,11,REF011,7
2024-06-13,11,REF011,17
2024-06-13,11,REF011,40
2024-06-13,11,REF011,46
2024-06-13,12,REF012,19
2024-06-13,12,REF012,70
2024-06-13,13,REF013,92
2024-06-13,13,REF013,95
2024-06-13,14,REF014,42
2024-06-13,14,REF014,57
2024-06-13,15,REF015,21
2024-06-13,16,REF016,71
2024-06-13,16,REF016,92
2024-06-13,16,REF016,24
2024-06-13,17,REF017,70
2024-06-13,17,REF017,42
2024-06-13,18,REF018,64
2024-06-13,18,REF018,85
2024-06-13,18,REF018,53
2024-06-13,19,REF019,20
2024-06-13,19,REF019,53
2024-06-13,19,REF019,67
2024-06-13,20,REF020,33
2024-06-13,20,REF020,48
2024-06-13,20,REF020,21
2024-06-14,1,REF001,2
2024-06-14,1,REF001,88
2024-06-14,2,REF002,97
2024-06-14,2,REF002,90
2024-06-14,3,REF003,42
2024-06-14,4,REF004,100
2024-06-14,4,REF004,65
2024-06-14,4,REF004,90
2024-06-14,5,REF005,96
2024-06-14,5,REF005,2
2024-06-14,5,REF005,72
2024-06-14,5,REF005,52
2024-06-14,5,REF005,29
2024-06-14,6,REF006,15
2024-06-14,7,REF007,67
2024-06-14,8,REF008,21
2024-06-14,8,REF008,70
2024-06-14,8,REF008,51
2024-06-14,8,REF008,22
2024-06-14,9,REF009,1
2024-06-14,10,REF010,9
2024-06-14,10,REF010,16
2024-06-14,10,REF010,50
2024-06-14,10,REF010,10
2024-06-14,11,REF011,29
2024-06-14,11,REF011,32
2024-06-14,11,REF011,94
2024-06-14,12,REF012,95
2024-06-14,12,REF012,12
2024-06-14,12,REF012,97
2024-06-14,12,REF012,38
2024-06-14,12,REF012,62
2024-06-14,12,REF012,3
2024-06-14,13,REF013,70
2024-06-14,14,REF014,34
2024-06-14,14,REF014,34
2024-06-14,14,REF014,26
2024-06-14,14,REF014,19
2024-06-14,14,REF014,66
2024-06-14,15,REF015,3
2024-06-14,15,REF015,83
2024-06-14,16,REF016,81
2024-06-14,16,REF016,87
2024-06-14,16,REF016,99
2024-06-14,17,REF017,67
2024-06-14,17,REF017,80
2024-06-14,18,REF018,74
2024-06-14,18,REF018,45
2024-06-14,19,REF019,12
2024-06-14,19,REF019,31
2024-06-14,19,REF019,72
2024-06-14,19,REF019,4
2024-06-14,19,REF019,27
2024-06-14,19,REF019,48
2024-06-14,20,REF020,98
2024-06-14,20,REF020,32
2024-06-15,1,REF001,74
2024-06-15,2,REF002,70
2024-06-15,2,REF002,1
2024-06-15,3,REF003,2
2024-06-15,3,REF003,49
2024-06-15,3,REF003,55
2024-06-15,3,REF003,99
2024-06-15,4,REF004,28
2024-06-15,4,REF004,17
2024-06-15,4,REF004,67
2024-06-15,4,REF004,51
2024-06-15,4,REF004,80
2024-06-15,5,REF005,19
2024-06-15,5,REF005,84
2024-06-15,5,REF005,55
2024-06-15,5,REF005,5
2024-06-15,6,REF006,69
2024-06-15,6,REF006,8
2024-06-15,6,REF006,90
2024-06-15,6,REF006,36
2024-06-15,6,REF006,36
2024-06-15,7,REF007,98
2024-06-15,7,REF007,92
2024-06-15,7,REF007,63
2024-06-15,8,REF008,12
2024-06-15,8,REF008,81
2024-06-15,8,REF008,12
2024-06-15,8,REF008,18
2024-06-15,8,REF008,8
2024-06-15,8,REF008,86
2024-06-15,8,REF008,99
2024-06-15,8,REF008,87
2024-06-15,9,REF009,28
2024-06-15,10,REF010,69
2024-06-15,10,REF010,28
2024-06-15,11,REF011,26
2024-06-15,11,REF011,78
2024-06-15,11,REF011,14
2024-06-15,11,REF011,28
2024-06-15,11,REF011,84
2024-06-15,13,REF013,7
2024-06-15,13,REF013,37
2024-06-15,13,REF013,75
2024-06-15,13,REF013,20
2024-06-15,13,REF013,56
2024-06-15,14,REF014,67
2024-06-15,14,REF014,11
2024-06-15,14,REF014,33
2024-06-15,14,REF014,38
2024-06-15,14,REF014,24
2024-06-15,14,REF014,57
2024-06-15,15,REF015,15
2024-06-15,15,REF015,63
2024-06-15,15,REF015,98
2024-06-15,16,REF016,89
2024-06-15,16,REF016,12
2024-06-15,17,REF017,80
2024-06-15,17,REF017,96
2024-06-15,18,REF018,44
2024-06-15,18,REF018,37
2024-06-15,18,REF018,71
2024-06-15,19,REF019,44
2024-06-15,19,REF019,22
2024-06-15,20,REF020,52
2024-06-15,20,REF020,6
2024-06-15,20,REF020,24
2024-06-15,20,REF020,56
2024-06-16,1,REF001,43
2024-06-16,2,REF002,24
2024-06-16,2,REF002,28
2024-06-16,2,REF002,18
2024-06-16,3,REF003,7
2024-06-16,3,REF003,23
2024-06-16,3,REF003,54
2024-06-16,3,REF003,33
2024-06-16,3,REF003,97
2024-06-16,3,REF003,26
2024-06-16,4,REF004,11
2024-06-16,4,REF004,31
2024-06-16,4,REF004,75
2024-06-16,5,REF005,24
2024-06-16,6,REF006,46
2024-06-16,7,REF007,5
2024-06-16,7,REF007,3
2024-06-16,7,REF007,58
2024-06-16,7,REF007,52
2024-06-16,7,REF007,28
2024-06-16,7,REF007,93
2024-06-16,7,REF007,100
2024-06-16,8,REF008,96
2024-06-16,9,REF009,35
2024-06-16,9,REF009,90
2024-06-16,10,REF010,66
2024-06-16,10,REF010,69
2024-06-16,10,REF010,53
2024-06-16,10,REF010,30
2024-06-16,11,REF011,55
2024-06-16,11,REF011,33
2024-06-16,11,REF011,91
2024-06-16,11,REF011,92
2024-06-16,11,REF011,42
2024-06-16,12,REF012,27
2024-06-16,12,REF012,69
2024-06-16,12,REF012,95
2024-06-16,12,REF012,38
2024-06-16,12,REF012,8
2024-06-16,13,REF013,67
2024-06-16,13,REF013,86
2024-06-16,13,REF013,83
2024-06-16,13,REF013,98
2024-06-16,13,REF013,33
2024-06-16,14,REF014,28
2024-06-16,14,REF014,94
2024-06-16,14,REF014,66
2024-06-16,15,REF015,52
2024-06-16,15,REF015,55
2024-06-16,15,REF015,57
2024-06-16,15,REF015,24
2024-06-16,16,REF016,82
2024-06-16,16,REF016,94
2024-06-16,18,REF018,86
2024-06-16,18,REF018,81
2024-06-16,19,REF019,22
2024-06-16,19,REF019,49
2024-06-16,19,REF019,27
2024-06-16,20,REF020,67
2024-06-16,20,REF020,29
2024-06-16,20,REF020,89
2024-06-17,1,REF001,3
2024-06-17,1,REF001,91
2024-06-17,2,REF002,65
2024-06-17,2,REF002,35
2024-06-17,2,REF002,85
2024-06-17,2,REF002,68
2024-06-17,3,REF003,54
2024-06-17,3,REF003,71
2024-06-17,3,REF003,27
2024-06-17,4,REF004,45
2024-06-17,4,REF004,100
2024-06-17,5,REF005,3
2024-06-17,5,REF005,97
2024-06-17,5,REF005,13
2024-06-17,5,REF005,11
2024-06-17,6,REF006,80
2024-06-17,7,REF007,75
2024-06-17,7,REF007,71
2024-06-17,7,REF007,74
2024-06-17,7,REF007,87
2024-06-17,7,REF007,85
2024-06-17,8,REF008,74
2024-06-17,8,REF008,44
2024-06-17,8,REF008,82
2024-06-17,9,REF009,32
2024-06-17,9,REF009,24
2024-06-17,9,REF009,13
2024-06-17,9,REF009,93
2024-06-17,9,REF009,89
2024-06-17,10,REF010,57
2024-06-17,10,REF010,81
2024-06-17,10,REF010,97
2024-06-17,10,REF010,70
2024-06-17,10,REF010,14
2024-06-17,10,REF010,7
2024-06-17,11,REF011,69
2024-06-17,11,REF011,22
2024-06-17,11,REF011,21
2024-06-17,11,REF011,61
2024-06-17,12,REF012,39
2024-06-17,12,REF012,81
2024-06-17,13,REF013,1
2024-06-17,13,REF013,2
2024-06-17,13,REF013,24
2024-06-17,14,REF014,86
2024-06-17,14,REF014,67
2024-06-17,14,REF014,98
2024-06-17,15,REF015,72
2024-06-17,15,REF015,85
2024-06-17,15,REF015,16
2024-06-17,15,REF015,37
2024-06-17,16,REF016,72
2024-06-17,17,REF017,26
2024-06-17,17,REF017,56
2024-06-17,18,REF018,90
2024-06-17,18,REF018,83
2024-06-17,18,REF018,35
2024-06-17,19,REF019,3
2024-06-17,20,REF020,43
2024-06-17,20,REF020,42
2024-06-17,20,REF020,33
2024-06-18,1,REF001,32
2024-06-18,1,REF001,82
2024-06-18,1,REF001,98
2024-06-18,1,REF001,82
2024-06-18,1,REF001,24
2024-06-18,1,REF001,81
2024-06-18,1,REF001,39
2024-06-18,1,REF001,86
2024-06-18,2,REF002,72
2024-06-18,2,REF002,3
2024-06-18,2,REF002,39
2024-06-18,3,REF003,1
2024-06-18,3,REF003,87
2024-06-18,3,REF003,16
2024-06-18,3,REF003,27
2024-06-18,3,REF003,77
2024-06-18,3,REF003,17
2024-06-18,3,REF003,93
2024-06-18,4,REF004,38
2024-06-18,4,REF004,67
2024-06-18,5,REF005,59
2024-06-18,6,REF006,70
2024-06-18,6,REF006,70
2024-06-18,6,REF006,72
2024-06-18,6,REF006,83
2024-06-18,7,REF007,38
2024-06-18,8,REF008,7
2024-06-18,9,REF009,50
2024-06-18,9,REF009,60
2024-06-18,9,REF009,13
2024-06-18,9,REF009,46
2024-06-18,9,REF009,81
2024-06-18,10,REF010,76
2024-06-18,10,REF010,74
2024-06-18,10,REF010,10
2024-06-18,10,REF010,1
2024-06-18,10,REF010,89
2024-06-18,11,REF011,99
2024-06-18,11,REF011,73
2024-06-18,12,REF012,81
2024-06-18,12,REF012,58
2024-06-18,12,REF012,58
2024-06-18,12,REF012,53
2024-06-18,12,REF012,37
2024-06-18,13,REF013,41
2024-06-18,13,REF013,25
2024-06-18,14,REF014,95
2024-06-18,15,REF015,88
2024-06-18,15,REF015,33
2024-06-18,15,REF015,49
2024-06-18,15,REF015,15
2024-06-18,15,REF015,7
2024-06-18,16,REF016,88
2024-06-18,16,REF016,54
2024-06-18,17,REF017,86
2024-06-18,17,REF017,96
2024-06-18,18,REF018,58
2024-06-18,18,REF018,80
2024-06-18,19,REF019,76
2024-06-18,20,REF020,42
2024-06-18,20,REF020,50
2024-06-19,1,REF001,46
2024-06-19,2,REF002,22
2024-06-19,2,REF002,18
2024-06-19,2,REF002,86
2024-06-19,3,REF003,51
2024-06-19,3,REF003,45
2024-06-19,3,REF003,62
2024-06-19,3,REF003,25
2024-06-19,3,REF003,39
2024-06-19,3,REF003,35
2024-06-19,4,REF004,94
2024-06-19,4,REF004,69
2024-06-19,4,REF004,71
2024-06-19,4,REF004,43
2024-06-19,5,REF005,13
2024-06-19,5,REF005,24
2024-06-19,5,REF005,38
2024-06-19,6,REF006,83
2024-06-19,6,REF006,52
2024-06-19,7,REF007,92
2024-06-19,7,REF007,83
2024-06-19,8,REF008,76
2024-06-19,8,REF008,16
2024-06-19,8,REF008,47
2024-06-19,8,REF008,40
2024-06-19,9,REF009,85
2024-06-19,9,REF009,94
2024-06-19,9,REF009,80
2024-06-19,9,REF009,20
2024-06-19,9,REF009,88
2024-06-19,10,REF010,67
2024-06-19,10,REF010,36
2024-06-19,11,REF011,54
2024-06-19,11,REF011,74
2024-06-19,12,REF012,50
2024-06-19,12,REF012,42
2024-06-19,12,REF012,37
2024-06-19,12,REF012,91
2024-06-19,12,REF012,13
2024-06-19,12,REF012,89
2024-06-19,13,REF013,72
2024-06-19,13,REF013,15
2024-06-19,13,REF013,4
2024-06-19,13,REF013,27
2024-06-19,13,REF013,23
2024-06-19,13,REF013,14
2024-06-19,14,REF014,75
2024-06-19,14,REF014,36
2024-06-19,16,REF016,35
2024-06-19,17,REF017,30
2024-06-19,17,REF017,87
2024-06-19,17,REF017,64
2024-06-19,17,REF017,100
2024-06-19,17,REF017,98
2024-06-19,18,REF018,5
2024-06-19,18,REF018,80
2024-06-19,18,REF018,17
2024-06-19,18,REF018,23
2024-06-19,18,REF018,89
2024-06-19,18,REF018,26
2024-06-19,20,REF020,34
2024-06-19,20,REF020,62
2024-06-19,20,REF020,73
2024-06-19,20,REF020,90
2024-06-19,20,REF020,75
2024-06-20,1,REF001,93
2024-06-20,1,REF001,62
2024-06-20,1,REF001,54
2024-06-20,1,REF001,79
2024-06-20,2,REF002,50
2024-06-20,2,REF002,93
2024-06-20,3,REF003,66
2024-06-20,3,REF003,69
2024-06-20,3,REF003,49
2024-06-20,3,REF003,54
2024-06-20,4,REF004,69
2024-06-20,4,REF004,38
2024-06-20,4,REF004,6
2024-06-20,5,REF005,92
2024-06-20,5,REF005,90
2024-06-20,5,REF005,94
2024-06-20,5,REF005,17
2024-06-20,6,REF006,94
2024-06-20,7,REF007,52
2024-06-20,7,REF007,56
2024-06-20,7,REF007,54
2024-06-20,8,REF008,17
2024-06-20,8,REF008,95
2024-06-20,9,REF009,67
2024-06-20,9,REF009,81
2024-06-20,10,REF010,61
2024-06-20,11,REF011,82
2024-06-20,11,REF011,35
2024-06-20,11,REF011,2
2024-06-20,11,REF011,83
2024-06-20,11,REF011,19
2024-06-20,12,REF012,20
2024-06-20,12,REF012,42
2024-06-20,12,REF012,43
2024-06-20,13,REF013,39
2024-06-20,13,REF013,3
2024-06-20,14,REF014,98
2024-06-20,15,REF015,84
2024-06-20,15,REF015,42
2024-06-20,16,REF016,35
2024-06-20,16,REF016,7
2024-06-20,16,REF016,18
2024-06-20,16,REF016,1
2024-06-20,16,REF016,77
2024-06-20,16,REF016,88
2024-06-20,17,REF017,6
2024-06-20,17,REF017,48
2024-06-20,17,REF017,52
2024-06-20,18,REF018,78
2024-06-20,18,REF018,47
2024-06-20,18,REF018,9
2024-06-20,18,REF018,93
2024-06-20,19,REF019,93
2024-06-20,19,REF019,37
2024-06-20,20,REF020,71
2024-06-20,20,REF020,28
2024-06-20,20,REF020,12
2024-06-20,20,REF020,69
2024-06-21,1,REF001,34
2024-06-21,3,REF003,96
2024-06-21,3,REF003,4
2024-06-21,3,REF003,13
2024-06-21,4,REF004,45
2024-06-21,4,REF004,30
2024-06-21,4,REF004,92
2024-06-21,5,REF005,36
2024-06-21,5,REF005,99
2024-06-21,6,REF006,50
2024-06-21,6,REF006,42
2024-06-21,6,REF006,29
2024-06-21,6,REF006,35
2024-06-21,6,REF006,47
2024-06-21,6,REF006,76
2024-06-21,6,REF006,36
2024-06-21,7,REF007,32
2024-06-21,7,REF007,8
2024-06-21,7,REF007,10
2024-06-21,7,REF007,52
2024-06-21,8,REF008,16
2024-06-21,8,REF008,62
2024-06-21,8,REF008,14
2024-06-21,8,REF008,95
2024-06-21,9,REF009,98
2024-06-21,9,REF009,87
2024-06-21,10,REF010,32
2024-06-21,10,REF010,85
2024-06-21,10,REF010,22
2024-06-21,10,REF010,47
2024-06-21,11,REF011,9
2024-06-21,11,REF011,68
2024-06-21,12,REF012,20
2024-06-21,12,REF012,20
2024-06-21,12,REF012,58
2024-06-21,12,REF012,74
2024-06-21,12,REF012,72
2024-06-21,13,REF013,17
2024-06-21,13,REF013,43
2024-06-21,13,REF013,2
2024-06-21,13,REF013,14
2024-06-21,13,REF013,91
2024-06-21,13,REF013,86
2024-06-21,14,REF014,60
2024-06-21,14,REF014,23
2024-06-21,14,REF014,53
2024-06-21,15,REF015,59
2024-06-21,15,REF015,86
2024-06-21,15,REF015,32
2024-06-21,16,REF016,38
2024-06-21,16,REF016,24
2024-06-21,16,REF016,58
2024-06-21,17,REF017,13
2024-06-21,17,REF017,51
2024-06-21,18,REF018,86
2024-06-21,18,REF018,74
2024-06-21,18,REF018,72
2024-06-21,19,REF019,10
2024-06-21,19,REF019,6
2024-06-21,19,REF019,73
2024-06-21,20,REF020,8
2024-06-21,20,REF020,54
2024-06-21,20,REF020,55
2024-06-22,1,REF001,20
2024-06-22,1,REF001,18
2024-06-22,1,REF001,28
2024-06-22,2,REF002,24
2024-06-22,2,REF002,62
2024-06-22,4,REF004,37
2024-06-22,4,REF004,39
2024-06-22,4,REF004,54
2024-06-22,4,REF004,46
2024-06-22,4,REF004,39
2024-06-22,5,REF005,74
2024-06-22,5,REF005,29
2024-06-22,7,REF007,5
2024-06-22,7,REF007,1
2024-06-22,7,REF007,77
2024-06-22,8,REF008,49
2024-06-22,8,REF008,81
2024-06-22,9,REF009,24
2024-06-22,10,REF010,25
2024-06-22,10,REF010,86
2024-06-22,11,REF011,32
2024-06-22,11,REF011,11
2024-06-22,11,REF011,45
2024-06-22,11,REF011,3
2024-06-22,12,REF012,93
2024-06-22,12,REF012,11
2024-06-22,12,REF012,92
2024-06-22,12,REF012,88
2024-06-22,13,REF013,50
2024-06-22,13,REF013,90
2024-06-22,14,REF014,96
2024-06-22,14,REF014,91
2024-06-22,15,REF015,87
2024-06-22,15,REF015,54
2024-06-22,16,REF016,73
2024-06-22,16,REF016,64
2024-06-22,16,REF016,98
2024-06-22,16,REF016,17
2024-06-22,17,REF017,80
2024-06-22,17,REF017,44
2024-06-22,18,REF018,95
2024-06-22,18,REF018,63
2024-06-22,18,REF018,62
2024-06-22,19,REF019,1
2024-06-22,19,REF019,98
2024-06-22,19,REF019,46
2024-06-22,20,REF020,61
2024-06-22,20,REF020,76
2024-06-23,1,REF001,75
2024-06-23,2,REF002,24
2024-06-23,3,REF003,8
2024-06-23,3,REF003,61
2024-06-23,4,REF004,81
2024-06-23,4,REF004,61
2024-06-23,5,REF005,47
2024-06-23,5,REF005,73
2024-06-23,5,REF005,17
2024-06-23,5,REF005,70
2024-06-23,5,REF005,68
2024-06-23,5,REF005,65
2024-06-23,6,REF006,49
2024-06-23,6,REF006,13
2024-06-23,7,REF007,90
2024-06-23,7,REF007,26
2024-06-23,7,REF007,33
2024-06-23,7,REF007,97
2024-06-23,7,REF007,84
2024-06-23,9,REF009,12
2024-06-23,9,REF009,32
2024-06-23,9,REF009,49
2024-06-23,10,REF010,22
2024-06-23,10,REF010,35
2024-06-23,10,REF010,60
2024-06-23,10,REF010,16
2024-06-23,11,REF011,16
2024-06-23,11,REF011,50
2024-06-23,11,REF011,23
2024-06-23,11,REF011,92
2024-06-23,12,REF012,95
2024-06-23,12,REF012,40
2024-06-23,12,REF012,82
2024-06-23,12,REF012,34
2024-06-23,13,REF013,79
2024-06-23,13,REF013,78
2024-06-23,14,REF014,56
2024-06-23,15,REF015,24
2024-06-23,15,REF015,26
2024-06-23,15,REF015,90
2024-06-23,15,REF015,74
2024-06-23,16,REF016,96
2024-06-23,16,REF016,36
2024-06-23,16,REF016,89
2024-06-23,17,REF017,66
2024-06-23,17,REF017,4
2024-06-23,17,REF017,18
2024-06-23,18,REF018,33
2024-06-23,19,REF019,64
2024-06-23,19,REF019,34
2024-06-24,1,REF001,9
2024-06-24,1,REF001,95
2024-06-24,1,REF001,57
2024-06-24,2,REF002,97
2024-06-24,2,REF002,54
2024-06-24,2,REF002,68
2024-06-24,2,REF002,44
2024-06-24,2,REF002,89
2024-06-24,3,REF003,84
2024-06-24,4,REF004,71
2024-06-24,4,REF004,10
2024-06-24,5,REF005,3
2024-06-24,5,REF005,17
2024-06-24,5,REF005,98
2024-06-24,6,REF006,21
2024-06-24,6,REF006,32
2024-06-24,6,REF006,97
2024-06-24,6,REF006,51
2024-06-24,7,REF007,97
2024-06-24,7,REF007,29
2024-06-24,7,REF007,81
2024-06-24,7,REF007,54
2024-06-24,7,REF007,23
2024-06-24,7,REF007,43
2024-06-24,8,REF008,35
2024-06-24,8,REF008,89
2024-06-24,8,REF008,15
2024-06-24,8,REF008,40
2024-06-24,9,REF009,33
2024-06-24,9,REF009,33
2024-06-24,9,REF009,58
2024-06-24,9,REF009,47
2024-06-24,10,REF010,4
2024-06-24,10,REF010,85
2024-06-24,10,REF010,60
2024-06-24,13,REF013,19
2024-06-24,13,REF013,6
2024-06-24,15,REF015,75
2024-06-24,15,REF015,35
2024-06-24,16,REF016,48
2024-06-24,16,REF016,100
2024-06-24,16,REF016,14
2024-06-24,17,REF017,43
2024-06-24,18,REF018,11
2024-06-24,18,REF018,96
2024-06-24,19,REF019,5
2024-06-24,19,REF019,93
2024-06-24,19,REF019,50
2024-06-24,19,REF019,36
2024-06-24,19,REF019,44
2024-06-24,20,REF020,70
2024-06-24,20,REF020,57
2024-06-24,20,REF020,40
2024-06-25,1,REF001,86
2024-06-25,1,REF001,97
2024-06-25,1,REF001,80
2024-06-25,1,REF001,65
2024-06-25,1,REF001,42
2024-06-25,2,REF002,17
2024-06-25,2,REF002,84
2024-06-25,2,REF002,37
2024-06-25,3,REF003,41
2024-06-25,3,REF003,85
2024-06-25,3,REF003,47
2024-06-25,3,REF003,2
2024-06-25,3,REF003,17
2024-06-25,4,REF004,84
2024-06-25,4,REF004,9
2024-06-25,6,REF006,88
2024-06-25,6,REF006,15
2024-06-25,6,REF006,84
2024-06-25,6,REF006,100
2024-06-25,7,REF007,27
2024-06-25,8,REF008,12
2024-06-25,8,REF008,76
2024-06-25,9,REF009,2
2024-06-25,9,REF009,59
2024-06-25,9,REF009,53
2024-06-25,10,REF010,19
2024-06-25,10,REF010,91
2024-06-25,10,REF010,90
2024-06-25,11,REF011,43
2024-06-25,11,REF011,43
2024-06-25,11,REF011,25
2024-06-25,11,REF011,8
2024-06-25,11,REF011,50
2024-06-25,12,REF012,39
2024-06-25,12,REF012,40
2024-06-25,12,REF012,1
2024-06-25,12,REF012,17
2024-06-25,13,REF013,97
2024-06-25,13,REF013,76
2024-06-25,13,REF013,96
2024-06-25,14,REF014,61
2024-06-25,14,REF014,75
2024-06-25,14,REF014,44
2024-06-25,15,REF015,92
2024-06-25,15,REF015,34
2024-06-25,17,REF017,17
2024-06-25,17,REF017,98
2024-06-25,17,REF017,34
2024-06-25,18,REF018,13
2024-06-25,18,REF018,3
2024-06-25,18,REF018,44
2024-06-25,18,REF018,96
2024-06-25,18,REF018,48
2024-06-25,19,REF019,20
2024-06-25,19,REF019,43
2024-06-25,19,REF019,23
2024-06-25,20,REF020,3
2024-06-26,1,REF001,50
2024-06-26,1,REF001,31
2024-06-26,1,REF001,53
2024-06-26,1,REF001,85
2024-06-26,1,REF001,76
2024-06-26,1,REF001,54
2024-06-26,1,REF001,65
2024-06-26,2,REF002,96
2024-06-26,2,REF002,16
2024-06-26,2,REF002,36
2024-06-26,2,REF002,100
2024-06-26,3,REF003,20
2024-06-26,3,REF003,73
2024-06-26,3,REF003,44
2024-06-26,4,REF004,64
2024-06-26,4,REF004,54
2024-06-26,4,REF004,18
2024-06-26,5,REF005,8
2024-06-26,5,REF005,99
2024-06-26,6,REF006,67
2024-06-26,6,REF006,45
2024-06-26,6,REF006,69
2024-06-26,7,REF007,39
2024-06-26,7,REF007,47
2024-06-26,7,REF007,20
2024-06-26,8,REF008,99
2024-06-26,8,REF008,1
2024-06-26,8,REF008,98
2024-06-26,8,REF008,92
2024-06-26,8,REF008,44
2024-06-26,8,REF008,82
2024-06-26,8,REF008,45
2024-06-26,9,REF009,13
2024-06-26,9,REF009,59
2024-06-26,9,REF009,93
2024-06-26,10,REF010,14
2024-06-26,10,REF010,52
2024-06-26,10,REF010,5
2024-06-26,10,REF010,84
2024-06-26,11,REF011,44
2024-06-26,11,REF011,79
2024-06-26,11,REF011,84
2024-06-26,12,REF012,33
2024-06-26,12,REF012,73
2024-06-26,12,REF012,8
2024-06-26,12,REF012,51
2024-06-26,12,REF012,41
2024-06-26,14,REF014,61
2024-06-26,14,REF014,52
2024-06-26,14,REF014,76
2024-06-26,15,REF015,90
2024-06-26,15,REF015,33
2024-06-26,15,REF015,5
2024-06-26,16,REF016,100
2024-06-26,16,REF016,22
2024-06-26,16,REF016,39
2024-06-26,16,REF016,13
2024-06-26,17,REF017,65
2024-06-26,17,REF017,78
2024-06-26,17,REF017,30
2024-06-26,17,REF017,92
2024-06-26,17,REF017,41
2024-06-26,17,REF017,81
2024-06-26,17,REF017,31
2024-06-26,17,REF017,81
2024-06-26,17,REF017,8
2024-06-26,18,REF018,4
2024-06-26,19,REF019,94
2024-06-26,19,REF019,65
2024-06-26,19,REF019,6
2024-06-26,19,REF019,58
2024-06-26,20,REF020,27
2024-06-26,20,REF020,84
2024-06-26,20,REF020,44
2024-06-27,1,REF001,93
2024-06-27,1,REF001,96
2024-06-27,2,REF002,98
2024-06-27,3,REF003,59
2024-06-27,4,REF004,81
2024-06-27,4,REF004,56
2024-06-27,4,REF004,81
2024-06-27,4,REF004,98
2024-06-27,5,REF005,50
2024-06-27,5,REF005,30
2024-06-27,5,REF005,43
2024-06-27,6,REF006,22
2024-06-27,6,REF006,36
2024-06-27,6,REF006,96
2024-06-27,6,REF006,87
2024-06-27,7,REF007,10
2024-06-27,7,REF007,89
2024-06-27,7,REF007,60
2024-06-27,7,REF007,81
2024-06-27,7,REF007,10
2024-06-27,7,REF007,15
2024-06-27,8,REF008,20
2024-06-27,8,REF008,65
2024-06-27,9,REF009,83
2024-06-27,9,REF009,3
2024-06-27,9,REF009,52
2024-06-27,9,REF009,63
2024-06-27,9,REF009,2
2024-06-27,10,REF010,39
2024-06-27,10,REF010,52
2024-06-27,11,REF011,78
2024-06-27,11,REF011,60
2024-06-27,12,REF012,96
2024-06-27,12,REF012,45
2024-06-27,13,REF013,100
2024-06-27,13,REF013,45
2024-06-27,13,REF013,49
2024-06-27,14,REF014,74
2024-06-27,15,REF015,22
2024-06-27,16,REF016,12
2024-06-27,16,REF016,9
2024-06-27,16,REF016,11
2024-06-27,17,REF017,42
2024-06-27,17,REF017,90
2024-06-27,17,REF017,92
2024-06-27,18,REF018,52
2024-06-27,18,REF018,10
2024-06-27,18,REF018,98
2024-06-27,19,REF019,87
2024-06-27,19,REF019,43
2024-06-27,20,REF020,29
2024-06-27,20,REF020,74
2024-06-27,20,REF020,64
2024-06-27,20,REF020,26
2024-06-27,20,REF020,52
2024-06-28,1,REF001,18
2024-06-28,1,REF001,88
2024-06-28,2,REF002,66
2024-06-28,2,REF002,28
2024-06-28,2,REF002,63
2024-06-28,3,REF003,84
2024-06-28,3,REF003,97
2024-06-28,3,REF003,82
2024-06-28,4,REF004,74
2024-06-28,4,REF004,86
2024-06-28,4,REF004,3
2024-06-28,4,REF004,57
2024-06-28,4,REF004,53
2024-06-28,4,REF004,54
2024-06-28,5,REF005,51
2024-06-28,5,REF005,50
2024-06-28,6,REF006,98
2024-06-28,6,REF006,30
2024-06-28,7,REF007,15
2024-06-28,7,REF007,45
2024-06-28,7,REF007,57
2024-06-28,8,REF008,47
2024-06-28,8,REF008,7
2024-06-28,10,REF010,9
2024-06-28,10,REF010,14
2024-06-28,10,REF010,69
2024-06-28,11,REF011,67
2024-06-28,11,REF011,40
2024-06-28,12,REF012,54
2024-06-28,12,REF012,52
2024-06-28,13,REF013,11
2024-06-28,14,REF014,29
2024-06-28,14,REF014,7
2024-06-28,15,REF015,90
2024-06-28,15,REF015,18
2024-06-28,16,REF016,52
2024-06-28,17,REF017,71
2024-06-28,18,REF018,4
2024-06-28,18,REF018,37
2024-06-28,19,REF019,73
2024-06-28,19,REF019,60
2024-06-28,20,REF020,78
2024-06-29,1,REF001,98
2024-06-29,1,REF001,58
2024-06-29,1,REF001,39
2024-06-29,2,REF002,85
2024-06-29,2,REF002,62
2024-06-29,2,REF002,71
2024-06-29,2,REF002,7
2024-06-29,3,REF003,59
2024-06-29,3,REF003,8
2024-06-29,4,REF004,25
2024-06-29,5,REF005,100
2024-06-29,5,REF005,76
2024-06-29,5,REF005,56
2024-06-29,5,REF005,79
2024-06-29,5,REF005,100
2024-06-29,5,REF005,16
2024-06-29,5,REF005,54
2024-06-29,6,REF006,14
2024-06-29,6,REF006,99
2024-06-29,7,REF007,96
2024-06-29,7,REF007,91
2024-06-29,8,REF008,8
2024-06-29,8,REF008,1
2024-06-29,8,REF008,39
2024-06-29,8,REF008,61
2024-06-29,8,REF008,70
2024-06-29,8,REF008,20
2024-06-29,9,REF009,39
2024-06-29,9,REF009,73
2024-06-29,9,REF009,45
2024-06-29,9,REF009,15
2024-06-29,9,REF009,66
2024-06-29,10,REF010,44
2024-06-29,11,REF011,11
2024-06-29,12,REF012,77
2024-06-29,12,REF012,69
2024-06-29,13,REF013,80
2024-06-29,13,REF013,79
2024-06-29,13,REF013,92
2024-06-29,13,REF013,20
2024-06-29,14,REF014,47
2024-06-29,14,REF014,46
2024-06-29,14,REF014,76
2024-06-29,14,REF014,38
2024-06-29,15,REF015,17
2024-06-29,15,REF015,34
2024-06-29,16,REF016,12
2024-06-29,16,REF016,98
2024-06-29,18,REF018,79
2024-06-29,18,REF018,2
2024-06-29,19,REF019,52
2024-06-29,20,REF020,64
2024-06-29,20,REF020,38
2024-06-29,20,REF020,41
2024-06-30,1,REF001,31
2024-06-30,2,REF002,20
2024-06-30,3,REF003,64
2024-06-30,3,REF003,87
2024-06-30,3,REF003,93
2024-06-30,4,REF004,90
2024-06-30,4,REF004,78
2024-06-30,5,REF005,32
2024-06-30,6,REF006,30
2024-06-30,6,REF006,26
2024-06-30,6,REF006,38
2024-06-30,7,REF007,63
2024-06-30,7,REF007,30
2024-06-30,8,REF008,47
2024-06-30,8,REF008,34
2024-06-30,8,REF008,55
2024-06-30,9,REF009,61
2024-06-30,9,REF009,84
2024-06-30,9,REF009,89
2024-06-30,9,REF009,41
2024-06-30,10,REF010,98
2024-06-30,10,REF010,84
2024-06-30,10,REF010,35
2024-06-30,10,REF010,68
2024-06-30,11,REF011,22
2024-06-30,11,REF011,2
2024-06-30,11,REF011,46
2024-06-30,12,REF012,11
2024-06-30,12,REF012,91
2024-06-30,12,REF012,6
2024-06-30,15,REF015,59
2024-06-30,15,REF015,48
2024-06-30,15,REF015,72
2024-06-30,16,REF016,63
2024-06-30,17,REF017,37
2024-06-30,17,REF017,28
2024-06-30,17,REF017,15
2024-06-30,17,REF017,83
2024-06-30,18,REF018,83
2024-06-30,18,REF018,41
2024-06-30,18,REF018,55
2024-06-30,19,REF019,40
2024-06-30,19,REF019,22
2024-06-30,20,REF020,1
2024-06-30,20,REF020,89
2024-06-30,20,REF020,97
2024-07-01,1,REF001,56
2024-07-01,1,REF001,13
2024-07-01,1,REF001,48
2024-07-01,1,REF001,29
2024-07-01,1,REF001,21
2024-07-01,1,REF001,13
2024-07-01,2,REF002,99
2024-07-01,4,REF004,56
2024-07-01,4,REF004,49
2024-07-01,5,REF005,1
2024-07-01,6,REF006,18
2024-07-01,6,REF006,76
2024-07-01,7,REF007,52
2024-07-01,7,REF007,31
2024-07-01,7,REF007,58
2024-07-01,7,REF007,39
2024-07-01,8,REF008,22
2024-07-01,8,REF008,73
2024-07-01,8,REF008,60
2024-07-01,8,REF008,2
2024-07-01,9,REF009,70
2024-07-01,9,REF009,23
2024-07-01,9,REF009,82
2024-07-01,10,REF010,10
2024-07-01,10,REF010,24
2024-07-01,10,REF010,13
2024-07-01,10,REF010,6
2024-07-01,10,REF010,34
2024-07-01,11,REF011,23
2024-07-01,11,REF011,83
2024-07-01,11,REF011,97
2024-07-01,12,REF012,12
2024-07-01,12,REF012,25
2024-07-01,12,REF012,32
2024-07-01,12,REF012,50
2024-07-01,13,REF013,50
2024-07-01,13,REF013,21
2024-07-01,13,REF013,96
2024-07-01,14,REF014,50
2024-07-01,14,REF014,12
2024-07-01,14,REF014,12
2024-07-01,15,REF015,59
2024-07-01,15,REF015,35
2024-07-01,15,REF015,23
2024-07-01,15,REF015,38
2024-07-01,15,REF015,11
2024-07-01,15,REF015,5
2024-07-01,15,REF015,52
2024-07-01,15,REF015,33
2024-07-01,16,REF016,35
2024-07-01,16,REF016,33
2024-07-01,16,REF016,29
2024-07-01,16,REF016,13
2024-07-01,17,REF017,37
2024-07-01,17,REF017,2
2024-07-01,18,REF018,28
2024-07-01,19,REF019,53
2024-07-01,20,REF020,76
2024-07-01,20,REF020,40
2024-07-01,20,REF020,14
2024-07-02,1,REF001,34
2024-07-02,1,REF001,17
2024-07-02,1,REF001,98
2024-07-02,1,REF001,14
2024-07-02,2,REF002,76
2024-07-02,2,REF002,37
2024-07-02,2,REF002,41
2024-07-02,3,REF003,27
2024-07-02,3,REF003,41
2024-07-02,4,REF004,42
2024-07-02,5,REF005,98
2024-07-02,5,REF005,24
2024-07-02,6,REF006,34
2024-07-02,6,REF006,89
2024-07-02,6,REF006,99
2024-07-02,6,REF006,30
2024-07-02,7,REF007,78
2024-07-02,7,REF007,18
2024-07-02,7,REF007,83
2024-07-02,7,REF007,93
2024-07-02,7,REF007,17
2024-07-02,7,REF007,88
2024-07-02,7,REF007,34
2024-07-02,8,REF008,34
2024-07-02,8,REF008,13
2024-07-02,9,REF009,85
2024-07-02,9,REF009,93
2024-07-02,9,REF009,17
2024-07-02,10,REF010,6
2024-07-02,10,REF010,36
2024-07-02,11,REF011,62
2024-07-02,11,REF011,78
2024-07-02,12,REF012,70
2024-07-02,13,REF013,74
2024-07-02,13,REF013,55
2024-07-02,13,REF013,71
2024-07-02,14,REF014,76
2024-07-02,14,REF014,7
2024-07-02,14,REF014,45
2024-07-02,14,REF014,92
2024-07-02,15,REF015,15
2024-07-02,15,REF015,79
2024-07-02,15,REF015,55
2024-07-02,15,REF015,2
2024-07-02,15,REF015,40
2024-07-02,16,REF016,97
2024-07-02,16,REF016,77
2024-07-02,17,REF017,89
2024-07-02,17,REF017,97
2024-07-02,17,REF017,43
2024-07-02,17,REF017,87
2024-07-02,17,REF017,94
2024-07-02,19,REF019,11
2024-07-02,19,REF019,44
2024-07-02,19,REF019,12
2024-07-02,19,REF019,50
2024-07-02,19,REF019,2
2024-07-02,20,REF020,74
2024-07-03,1,REF001,93
2024-07-03,1,REF001,49
2024-07-03,1,REF001,26
2024-07-03,1,REF001,5
2024-07-03,2,REF002,99
2024-07-03,3,REF003,90
2024-07-03,3,REF003,46
2024-07-03,3,REF003,58
2024-07-03,3,REF003,33
2024-07-03,4,REF004,86
2024-07-03,4,REF004,16
2024-07-03,4,REF004,76
2024-07-03,5,REF005,32
2024-07-03,5,REF005,42
2024-07-03,5,REF005,26
2024-07-03,6,REF006,85
2024-07-03,6,REF006,88
2024-07-03,6,REF006,29
2024-07-03,7,REF007,95
2024-07-03,7,REF007,79
2024-07-03,7,REF007,44
2024-07-03,7,REF007,68
2024-07-03,9,REF009,63
2024-07-03,9,REF009,89
2024-07-03,9,REF009,24
2024-07-03,10,REF010,20
2024-07-03,10,REF010,57
2024-07-03,10,REF010,41
2024-07-03,10,REF010,6
2024-07-03,11,REF011,31
2024-07-03,12,REF012,46
2024-07-03,13,REF013,92
2024-07-03,13,REF013,32
2024-07-03,14,REF014,30
2024-07-03,16,REF016,100
2024-07-03,17,REF017,17
2024-07-03,17,REF017,85
2024-07-03,18,REF018,26
2024-07-03,19,REF019,73
2024-07-03,19,REF019,38
2024-07-03,20,REF020,89
2024-07-04,1,REF001,92
2024-07-04,1,REF001,60
2024-07-04,1,REF001,47
2024-07-04,2,REF002,21
2024-07-04,3,REF003,98
2024-07-04,3,REF003,85
2024-07-04,3,REF003,22
2024-07-04,3,REF003,83
2024-07-04,3,REF003,27
2024-07-04,4,REF004,98
2024-07-04,4,REF004,78
2024-07-04,4,REF004,25
2024-07-04,4,REF004,64
2024-07-04,5,REF005,65
2024-07-04,5,REF005,28
2024-07-04,5,REF005,40
2024-07-04,5,REF005,33
2024-07-04,6,REF006,40
2024-07-04,6,REF006,25
2024-07-04,7,REF007,54
2024-07-04,7,REF007,12
2024-07-04,8,REF008,1
2024-07-04,9,REF009,57
2024-07-04,9,REF009,46
2024-07-04,9,REF009,72
2024-07-04,10,REF010,64
2024-07-04,10,REF010,95
2024-07-04,10,REF010,7
2024-07-04,11,REF011,65
2024-07-04,11,REF011,5
2024-07-04,12,REF012,59
2024-07-04,13,REF013,57
2024-07-04,13,REF013,100
2024-07-04,14,REF014,67
2024-07-04,14,REF014,70
2024-07-04,14,REF014,99
2024-07-04,14,REF014,1
2024-07-04,15,REF015,83
2024-07-04,15,REF015,85
2024-07-04,15,REF015,34
2024-07-04,16,REF016,100
2024-07-04,16,REF016,90
2024-07-04,17,REF017,41
2024-07-04,18,REF018,33
2024-07-04,18,REF018,24
2024-07-04,18,REF018,96
2024-07-04,18,REF018,91
2024-07-04,18,REF018,57
2024-07-04,19,REF019,31
2024-07-04,19,REF019,7
2024-07-04,20,REF020,70
2024-07-04,20,REF020,28
2024-07-04,20,REF020,81
2024-07-05,1,REF001,35
2024-07-05,1,REF001,1
2024-07-05,3,REF003,48
2024-07-05,4,REF004,31
2024-07-05,4,REF004,38
2024-07-05,5,REF005,99
2024-07-05,5,REF005,25
2024-07-05,6,REF006,35
2024-07-05,6,REF006,49
2024-07-05,7,REF007,39
2024-07-05,7,REF007,100
2024-07-05,9,REF009,86
2024-07-05,9,REF009,24
2024-07-05,9,REF009,65
2024-07-05,9,REF009,37
2024-07-05,11,REF011,95
2024-07-05,11,REF011,65
2024-07-05,11,REF011,57
2024-07-05,11,REF011,44
2024-07-05,12,REF012,60
2024-07-05,12,REF012,56
2024-07-05,13,REF013,71
2024-07-05,14,REF014,42
2024-07-05,15,REF015,51
2024-07-05,15,REF015,25
2024-07-05,15,REF015,57
2024-07-05,16,REF016,17
2024-07-05,16,REF016,83
2024-07-05,17,REF017,24
2024-07-05,18,REF018,70
2024-07-05,18,REF018,26
2024-07-05,19,REF019,26
2024-07-05,19,REF019,26
2024-07-05,19,REF019,49
2024-07-05,19,REF019,57
2024-07-05,20,REF020,80
2024-07-06,1,REF001,66
2024-07-06,1,REF001,84
2024-07-06,1,REF001,22
2024-07-06,2,REF002,27
2024-07-06,2,REF002,52
2024-07-06,3,REF003,82
2024-07-06,3,REF003,9
2024-07-06,3,REF003,31
2024-07-06,3,REF003,100
2024-07-06,3,REF003,62
2024-07-06,4,REF004,37
2024-07-06,4,REF004,28
2024-07-06,4,REF004,16
2024-07-06,5,REF005,51
2024-07-06,5,REF005,36
2024-07-06,5,REF005,45
2024-07-06,6,REF006,88
2024-07-06,6,REF006,69
2024-07-06,6,REF006,16
2024-07-06,6,REF006,37
2024-07-06,7,REF007,55
2024-07-06,7,REF007,20
2024-07-06,8,REF008,3
2024-07-06,8,REF008,23
2024-07-06,8,REF008,18
2024-07-06,8,REF008,83
2024-07-06,8,REF008,44
2024-07-06,8,REF008,28
2024-07-06,9,REF009,38
2024-07-06,9,REF009,28
2024-07-06,9,REF009,26
2024-07-06,10,REF010,100
2024-07-06,10,REF010,19
2024-07-06,10,REF010,34
2024-07-06,10,REF010,19
2024-07-06,10,REF010,75
2024-07-06,11,REF011,80
2024-07-06,11,REF011,56
2024-07-06,12,REF012,85
2024-07-06,13,REF013,12
2024-07-06,13,REF013,18
2024-07-06,13,REF013,82
2024-07-06,13,REF013,57
2024-07-06,13,REF013,83
2024-07-06,14,REF014,71
2024-07-06,14,REF014,27
2024-07-06,15,REF015,61
2024-07-06,15,REF015,40
2024-07-06,16,REF016,41
2024-07-06,16,REF016,48
2024-07-06,17,REF017,7
2024-07-06,17,REF017,98
2024-07-06,17,REF017,85
2024-07-06,17,REF017,16
2024-07-06,18,REF018,5
2024-07-06,18,REF018,96
2024-07-06,19,REF019,71
2024-07-06,19,REF019,80
2024-07-06,19,REF019,64
2024-07-06,19,REF019,45
2024-07-06,19,REF019,12
2024-07-06,19,REF019,77
2024-07-06,19,REF019,73
2024-07-06,19,REF019,58
2024-07-06,19,REF019,59
2024-07-06,20,REF020,78
2024-07-07,1,REF001,75
2024-07-07,1,REF001,35
2024-07-07,1,REF001,21
2024-07-07,1,REF001,19
2024-07-07,2,REF002,20
2024-07-07,2,REF002,44
2024-07-07,2,REF002,93
2024-07-07,2,REF002,55
2024-07-07,2,REF002,81
2024-07-07,2,REF002,24
2024-07-07,2,REF002,77
2024-07-07,2,REF002,20
2024-07-07,3,REF003,21
2024-07-07,3,REF003,8
2024-07-07,4,REF004,52
2024-07-07,4,REF004,42
2024-07-07,4,REF004,7
2024-07-07,4,REF004,18
2024-07-07,4,REF004,71
2024-07-07,4,REF004,8
2024-07-07,5,REF005,47
2024-07-07,5,REF005,99
2024-07-07,5,REF005,27
2024-07-07,6,REF006,37
2024-07-07,7,REF007,65
2024-07-07,7,REF007,15
2024-07-07,7,REF007,66
2024-07-07,7,REF007,79
2024-07-07,8,REF008,92
2024-07-07,8,REF008,30
2024-07-07,9,REF009,6
2024-07-07,9,REF009,100
2024-07-07,9,REF009,47
2024-07-07,9,REF009,35
2024-07-07,9,REF009,23
2024-07-07,11,REF011,94
2024-07-07,11,REF011,85
2024-07-07,11,REF011,47
2024-07-07,11,REF011,26
2024-07-07,11,REF011,50
2024-07-07,12,REF012,5
2024-07-07,12,REF012,25
2024-07-07,12,REF012,42
2024-07-07,12,REF012,49
2024-07-07,13,REF013,93
2024-07-07,14,REF014,63
2024-07-07,14,REF014,55
2024-07-07,14,REF014,6
2024-07-07,15,REF015,13
2024-07-07,15,REF015,23
2024-07-07,16,REF016,78
2024-07-07,16,REF016,71
2024-07-07,16,REF016,83
2024-07-07,17,REF017,52
2024-07-07,17,REF017,99
2024-07-07,17,REF017,13
2024-07-07,19,REF019,24
2024-07-07,19,REF019,26
2024-07-07,19,REF019,66
2024-07-07,19,REF019,82
2024-07-07,20,REF020,82
2024-07-08,1,REF001,4
2024-07-08,1,REF001,83
2024-07-08,2,REF002,33
2024-07-08,3,REF003,26
2024-07-08,3,REF003,85
2024-07-08,3,REF003,49
2024-07-08,3,REF003,56
2024-07-08,3,REF003,6
2024-07-08,5,REF005,63
2024-07-08,5,REF005,40
2024-07-08,5,REF005,73
2024-07-08,6,REF006,2
2024-07-08,7,REF007,19
2024-07-08,7,REF007,66
2024-07-08,7,REF007,51
2024-07-08,8,REF008,38
2024-07-08,8,REF008,14
2024-07-08,8,REF008,10
2024-07-08,9,REF009,68
2024-07-08,9,REF009,19
2024-07-08,9,REF009,83
2024-07-08,9,REF009,34
2024-07-08,10,REF010,22
2024-07-08,11,REF011,57
2024-07-08,11,REF011,97
2024-07-08,11,REF011,75
2024-07-08,11,REF011,16
2024-07-08,11,REF011,72
2024-07-08,12,REF012,94
2024-07-08,12,REF012,28
2024-07-08,12,REF012,94
2024-07-08,14,REF014,43
2024-07-08,14,REF014,72
2024-07-08,14,REF014,62
2024-07-08,15,REF015,23
2024-07-08,17,REF017,12
2024-07-08,18,REF018,41
2024-07-08,18,REF018,86
2024-07-08,18,REF018,1
2024-07-08,18,REF018,74
2024-07-08,19,REF019,8
2024-07-08,19,REF019,48
2024-07-08,19,REF019,53
2024-07-08,20,REF020,68
2024-07-09,1,REF001,88
2024-07-09,1,REF001,17
2024-07-09,1,REF001,9
2024-07-09,2,REF002,31
2024-07-09,3,REF003,71
2024-07-09,3,REF003,83
2024-07-09,3,REF003,20
2024-07-09,4,REF004,51
2024-07-09,4,REF004,22
2024-07-09,5,REF005,15
2024-07-09,5,REF005,54
2024-07-09,5,REF005,99
2024-07-09,5,REF005,26
2024-07-09,7,REF007,54
2024-07-09,8,REF008,20
2024-07-09,10,REF010,35
2024-07-09,10,REF010,14
2024-07-09,10,REF010,64
2024-07-09,10,REF010,40
2024-07-09,10,REF010,78
2024-07-09,11,REF011,46
2024-07-09,11,REF011,8
2024-07-09,12,REF012,73
2024-07-09,12,REF012,79
2024-07-09,12,REF012,30
2024-07-09,12,REF012,51
2024-07-09,14,REF014,87
2024-07-09,14,REF014,8
2024-07-09,15,REF015,13
2024-07-09,15,REF015,88
2024-07-09,15,REF015,17
2024-07-09,16,REF016,50
2024-07-09,16,REF016,35
2024-07-09,16,REF016,57
2024-07-09,16,REF016,51
2024-07-09,17,REF017,32
2024-07-09,18,REF018,45
2024-07-09,18,REF018,45
2024-07-09,18,REF018,48
2024-07-09,19,REF019,77
2024-07-09,19,REF019,85
2024-07-09,20,REF020,64
2024-07-09,20,REF020,64
2024-07-09,20,REF020,93
2024-07-10,1,REF001,100
2024-07-10,1,REF001,85
2024-07-10,1,REF001,14
2024-07-10,1,REF001,28
2024-07-10,1,REF001,90
2024-07-10,2,REF002,66
2024-07-10,2,REF002,66
2024-07-10,2,REF002,46
2024-07-10,2,REF002,22
2024-07-10,2,REF002,72
2024-07-10,3,REF003,88
2024-07-10,4,REF004,11
2024-07-10,4,REF004,23
2024-07-10,4,REF004,62
2024-07-10,4,REF004,8
2024-07-10,5,REF005,76
2024-07-10,5,REF005,59
2024-07-10,5,REF005,59
2024-07-10,6,REF006,30
2024-07-10,6,REF006,45
2024-07-10,7,REF007,48
2024-07-10,7,REF007,80
2024-07-10,7,REF007,37
2024-07-10,7,REF007,69
2024-07-10,8,REF008,75
2024-07-10,8,REF008,47
2024-07-10,8,REF008,68
2024-07-10,8,REF008,8
2024-07-10,8,REF008,21
2024-07-10,9,REF009,95
2024-07-10,9,REF009,25
2024-07-10,10,REF010,15
2024-07-10,10,REF010,21
2024-07-10,10,REF010,93
2024-07-10,11,REF011,24
2024-07-10,11,REF011,26
2024-07-10,11,REF011,4
2024-07-10,12,REF012,97
2024-07-10,12,REF012,29
2024-07-10,13,REF013,4
2024-07-10,13,REF013,24
2024-07-10,14,REF014,50
2024-07-10,14,REF014,99
2024-07-10,14,REF014,53
2024-07-10,14,REF014,42
2024-07-10,15,REF015,26
2024-07-10,15,REF015,98
2024-07-10,16,REF016,46
2024-07-10,18,REF018,65
2024-07-10,18,REF018,15
2024-07-10,18,REF018,5
2024-07-10,19,REF019,51
2024-07-10,19,REF019,61
2024-07-10,20,REF020,14
2024-07-10,20,REF020,64
2024-07-10,20,REF020,65
2024-07-11,1,REF001,61
2024-07-11,1,REF001,35
2024-07-11,2,REF002,31
2024-07-11,2,REF002,93
2024-07-11,3,REF003,94
2024-07-11,5,REF005,8
2024-07-11,5,REF005,91
2024-07-11,6,REF006,45
2024-07-11,6,REF006,39
2024-07-11,6,REF006,54
2024-07-11,7,REF007,87
2024-07-11,7,REF007,68
2024-07-11,7,REF007,7
2024-07-11,7,REF007,27
2024-07-11,8,REF008,23
2024-07-11,8,REF008,45
2024-07-11,8,REF008,90
2024-07-11,8,REF008,44
2024-07-11,8,REF008,83
2024-07-11,8,REF008,4
2024-07-11,8,REF008,44
2024-07-11,8,REF008,41
2024-07-11,8,REF008,86
2024-07-11,8,REF008,85
2024-07-11,8,REF008,31
2024-07-11,9,REF009,71
2024-07-11,9,REF009,23
2024-07-11,9,REF009,30
2024-07-11,9,REF009,87
2024-07-11,10,REF010,32
2024-07-11,11,REF011,30
2024-07-11,12,REF012,64
2024-07-11,12,REF012,36
2024-07-11,12,REF012,98
2024-07-11,13,REF013,73
2024-07-11,13,REF013,42
2024-07-11,13,REF013,83
2024-07-11,13,REF013,98
2024-07-11,14,REF014,74
2024-07-11,14,REF014,31
2024-07-11,14,REF014,16
2024-07-11,15,REF015,3
2024-07-11,15,REF015,89
2024-07-11,15,REF015,44
2024-07-11,15,REF015,27
2024-07-11,15,REF015,49
2024-07-11,16,REF016,65
2024-07-11,16,REF016,10
2024-07-11,16,REF016,38
2024-07-11,16,REF016,24
2024-07-11,17,REF017,18
2024-07-11,19,REF019,22
2024-07-11,20,REF020,61
2024-07-11,20,REF020,9
2024-07-11,20,REF020,24
2024-07-11,20,REF020,13
2024-07-11,20,REF020,43
2024-07-11,20,REF020,46
2024-07-11,20,REF020,2
2024-07-12,1,REF001,43
2024-07-12,1,REF001,63
2024-07-12,1,REF001,6
2024-07-12,1,REF001,45
2024-07-12,1,REF001,40
2024-07-12,1,REF001,52
2024-07-12,1,REF001,61
2024-07-12,2,REF002,100
2024-07-12,2,REF002,79
2024-07-12,2,REF002,67
2024-07-12,2,REF002,77
2024-07-12,3,REF003,9
2024-07-12,3,REF003,68
2024-07-12,3,REF003,74
2024-07-12,3,REF003,93
2024-07-12,3,REF003,29
2024-07-12,4,REF004,47
2024-07-12,4,REF004,60
2024-07-12,4,REF004,50
2024-07-12,5,REF005,37
2024-07-12,6,REF006,12
2024-07-12,6,REF006,45
2024-07-12,6,REF006,20
2024-07-12,6,REF006,31
2024-07-12,7,REF007,78
2024-07-12,8,REF008,83
2024-07-12,8,REF008,68
2024-07-12,9,REF009,31
2024-07-12,9,REF009,91
2024-07-12,10,REF010,54
2024-07-12,10,REF010,65
2024-07-12,10,REF010,97
2024-07-12,11,REF011,83
2024-07-12,12,REF012,3
2024-07-12,12,REF012,47
2024-07-12,12,REF012,41
2024-07-12,12,REF012,63
2024-07-12,13,REF013,66
2024-07-12,13,REF013,64
2024-07-12,13,REF013,60
2024-07-12,13,REF013,49
2024-07-12,13,REF013,3
2024-07-12,13,REF013,34
2024-07-12,14,REF014,39
2024-07-12,15,REF015,98
2024-07-12,15,REF015,50
2024-07-12,15,REF015,6
2024-07-12,16,REF016,16
2024-07-12,16,REF016,49
2024-07-12,16,REF016,79
2024-07-12,16,REF016,95
2024-07-12,17,REF017,2
2024-07-12,17,REF017,18
2024-07-12,17,REF017,72
2024-07-12,17,REF017,43
2024-07-12,18,REF018,76
2024-07-12,18,REF018,76
2024-07-12,19,REF019,34
2024-07-12,20,REF020,68
2024-07-12,20,REF020,84
2024-07-13,1,REF001,89
2024-07-13,1,REF001,30
2024-07-13,3,REF003,51
2024-07-13,3,REF003,12
2024-07-13,3,REF003,40
2024-07-13,3,REF003,27
2024-07-13,3,REF003,43
2024-07-13,4,REF004,87
2024-07-13,4,REF004,27
2024-07-13,4,REF004,78
2024-07-13,5,REF005,13
2024-07-13,5,REF005,69
2024-07-13,5,REF005,66
2024-07-13,5,REF005,76
2024-07-13,5,REF005,36
2024-07-13,6,REF006,35
2024-07-13,6,REF006,82
2024-07-13,7,REF007,87
2024-07-13,7,REF007,82
2024-07-13,8,REF008,20
2024-07-13,8,REF008,28
2024-07-13,8,REF008,36
2024-07-13,8,REF008,86
2024-07-13,8,REF008,68
2024-07-13,8,REF008,62
2024-07-13,8,REF008,92
2024-07-13,9,REF009,98
2024-07-13,10,REF010,7
2024-07-13,10,REF010,76
2024-07-13,10,REF010,72
2024-07-13,11,REF011,20
2024-07-13,11,REF011,66
2024-07-13,11,REF011,17
2024-07-13,11,REF011,35
2024-07-13,11,REF011,13
2024-07-13,11,REF011,97
2024-07-13,12,REF012,80
2024-07-13,12,REF012,23
2024-07-13,13,REF013,62
2024-07-13,13,REF013,56
2024-07-13,14,REF014,48
2024-07-13,15,REF015,11
2024-07-13,16,REF016,59
2024-07-13,16,REF016,51
2024-07-13,17,REF017,97
2024-07-13,17,REF017,89
2024-07-13,17,REF017,97
2024-07-13,18,REF018,95
2024-07-13,19,REF019,58
2024-07-13,19,REF019,70
2024-07-13,19,REF019,24
2024-07-13,19,REF019,85
2024-07-13,19,REF019,21
2024-07-13,20,REF020,57
2024-07-13,20,REF020,100
2024-07-13,20,REF020,38
2024-07-13,20,REF020,27
2024-07-13,20,REF020,35
2024-07-14,1,REF001,82
2024-07-14,2,REF002,75
2024-07-14,3,REF003,63
2024-07-14,4,REF004,61
2024-07-14,4,REF004,49
2024-07-14,5,REF005,45
2024-07-14,5,REF005,62
2024-07-14,5,REF005,41
2024-07-14,5,REF005,56
2024-07-14,5,REF005,2
2024-07-14,6,REF006,53
2024-07-14,6,REF006,54
2024-07-14,6,REF006,13
2024-07-14,7,REF007,37
2024-07-14,7,REF007,74
2024-07-14,7,REF007,77
2024-07-14,8,REF008,13
2024-07-14,8,REF008,23
2024-07-14,9,REF009,53
2024-07-14,10,REF010,33
2024-07-14,10,REF010,9
2024-07-14,11,REF011,32
2024-07-14,12,REF012,75
2024-07-14,12,REF012,1
2024-07-14,12,REF012,84
2024-07-14,12,REF012,94
2024-07-14,12,REF012,87
2024-07-14,13,REF013,7
2024-07-14,13,REF013,15
2024-07-14,13,REF013,98
2024-07-14,13,REF013,20
2024-07-14,13,REF013,61
2024-07-14,14,REF014,54
2024-07-14,14,REF014,59
2024-07-14,14,REF014,17
2024-07-14,15,REF015,84
2024-07-14,15,REF015,96
2024-07-14,15,REF015,47
2024-07-14,15,REF015,94
2024-07-14,16,REF016,10
2024-07-14,16,REF016,91
2024-07-14,16,REF016,64
2024-07-14,17,REF017,83
2024-07-14,17,REF017,86
2024-07-14,17,REF017,48
2024-07-14,19,REF019,1
2024-07-14,19,REF019,54
2024-07-14,19,REF019,78
2024-07-14,19,REF019,92
2024-07-14,19,REF019,82
2024-07-14,20,REF020,8
2024-07-14,20,REF020,78
2024-07-14,20,REF020,91
2024-07-14,20,REF020,55
2024-07-15,1,REF001,73
2024-07-15,2,REF002,62
2024-07-15,3,REF003,83
2024-07-15,4,REF004,52
2024-07-15,4,REF004,35
2024-07-15,4,REF004,19
2024-07-15,4,REF004,61
2024-07-15,4,REF004,38
2024-07-15,5,REF005,81
2024-07-15,5,REF005,56
2024-07-15,5,REF005,28
2024-07-15,6,REF006,23
2024-07-15,7,REF007,54
2024-07-15,7,REF007,97
2024-07-15,7,REF007,95
2024-07-15,8,REF008,70
2024-07-15,8,REF008,47
2024-07-15,9,REF009,93
2024-07-15,11,REF011,92
2024-07-15,11,REF011,44
2024-07-15,11,REF011,22
2024-07-15,11,REF011,70
2024-07-15,11,REF011,41
2024-07-15,12,REF012,41
2024-07-15,12,REF012,91
2024-07-15,12,REF012,85
2024-07-15,14,REF014,83
2024-07-15,15,REF015,78
2024-07-15,15,REF015,77
2024-07-15,17,REF017,58
2024-07-15,17,REF017,72
2024-07-15,17,REF017,92
2024-07-15,17,REF017,20
2024-07-15,18,REF018,94
2024-07-15,18,REF018,33
2024-07-15,18,REF018,46
2024-07-15,18,REF018,56
2024-07-15,18,REF018,44
2024-07-15,18,REF018,71
2024-07-15,19,REF019,46
2024-07-15,19,REF019,87
2024-07-15,20,REF020,91
2024-07-15,20,REF020,20
2024-07-16,1,REF001,67
2024-07-16,2,REF002,52
2024-07-16,2,REF002,23
2024-07-16,2,REF002,100
2024-07-16,3,REF003,6
2024-07-16,4,REF004,64
2024-07-16,4,REF004,25
2024-07-16,4,REF004,6
2024-07-16,4,REF004,75
2024-07-16,5,REF005,67
2024-07-16,6,REF006,32
2024-07-16,6,REF006,59
2024-07-16,6,REF006,20
2024-07-16,6,REF006,46
2024-07-16,6,REF006,22
2024-07-16,6,REF006,42
2024-07-16,7,REF007,62
2024-07-16,7,REF007,50
2024-07-16,7,REF007,70
2024-07-16,7,REF007,43
2024-07-16,7,REF007,40
2024-07-16,8,REF008,65
2024-07-16,8,REF008,77
2024-07-16,9,REF009,85
2024-07-16,9,REF009,64
2024-07-16,10,REF010,33
2024-07-16,10,REF010,61
2024-07-16,10,REF010,17
2024-07-16,11,REF011,56
2024-07-16,11,REF011,20
2024-07-16,11,REF011,50
2024-07-16,11,REF011,3
2024-07-16,12,REF012,78
2024-07-16,12,REF012,78
2024-07-16,12,REF012,47
2024-07-16,12,REF012,73
2024-07-16,13,REF013,27
2024-07-16,13,REF013,80
2024-07-16,14,REF014,48
2024-07-16,14,REF014,2
2024-07-16,14,REF014,36
2024-07-16,14,REF014,11
2024-07-16,15,REF015,94
2024-07-16,16,REF016,66
2024-07-16,17,REF017,76
2024-07-16,18,REF018,92
2024-07-16,18,REF018,29
2024-07-16,19,REF019,54
2024-07-16,19,REF019,83
2024-07-16,19,REF019,13
2024-07-16,19,REF019,90
2024-07-16,20,REF020,69
2024-07-16,20,REF020,58
2024-07-16,20,REF020,2
2024-07-16,20,REF020,73
2024-07-16,20,REF020,72
2024-07-16,20,REF020,12
2024-07-17,1,REF001,18
2024-07-17,1,REF001,72
2024-07-17,1,REF001,71
2024-07-17,3,REF003,21
2024-07-17,3,REF003,69
2024-07-17,3,REF003,9
2024-07-17,3,REF003,69
2024-07-17,4,REF004,76
2024-07-17,5,REF005,25
2024-07-17,5,REF005,60
2024-07-17,6,REF006,96
2024-07-17,6,REF006,94
2024-07-17,6,REF006,74
2024-07-17,7,REF007,15
2024-07-17,7,REF007,96
2024-07-17,8,REF008,37
2024-07-17,8,REF008,47
2024-07-17,9,REF009,7
2024-07-17,11,REF011,5
2024-07-17,11,REF011,44
2024-07-17,12,REF012,57
2024-07-17,13,REF013,1
2024-07-17,13,REF013,19
2024-07-17,13,REF013,52
2024-07-17,14,REF014,70
2024-07-17,14,REF014,89
2024-07-17,14,REF014,87
2024-07-17,15,REF015,16
2024-07-17,15,REF015,82
2024-07-17,16,REF016,70
2024-07-17,16,REF016,93
2024-07-17,16,REF016,89
2024-07-17,16,REF016,40
2024-07-17,17,REF017,78
2024-07-17,18,REF018,98
2024-07-17,18,REF018,24
2024-07-17,19,REF019,5
2024-07-17,19,REF019,16
2024-07-17,20,REF020,94
2024-07-18,1,REF001,33
2024-07-18,1,REF001,74
2024-07-18,1,REF001,40
2024-07-18,2,REF002,85
2024-07-18,2,REF002,56
2024-07-18,2,REF002,84
2024-07-18,4,REF004,4
2024-07-18,4,REF004,17
2024-07-18,6,REF006,37
2024-07-18,7,REF007,51
2024-07-18,7,REF007,67
2024-07-18,8,REF008,51
2024-07-18,8,REF008,9
2024-07-18,8,REF008,57
2024-07-18,8,REF008,96
2024-07-18,8,REF008,43
2024-07-18,8,REF008,59
2024-07-18,9,REF009,60
2024-07-18,9,REF009,14
2024-07-18,9,REF009,80
2024-07-18,10,REF010,82
2024-07-18,10,REF010,50
2024-07-18,12,REF012,14
2024-07-18,12,REF012,6
2024-07-18,13,REF013,74
2024-07-18,13,REF013,68
2024-07-18,14,REF014,40
2024-07-18,14,REF014,47
2024-07-18,15,REF015,57
2024-07-18,16,REF016,48
2024-07-18,16,REF016,30
2024-07-18,16,REF016,93
2024-07-18,16,REF016,10
2024-07-18,16,REF016,44
2024-07-18,17,REF017,46
2024-07-18,18,REF018,95
2024-07-18,18,REF018,32
2024-07-18,19,REF019,99
2024-07-18,20,REF020,13
2024-07-18,20,REF020,88
2024-07-18,20,REF020,67
2024-07-18,20,REF020,52
2024-07-18,20,REF020,49
2024-07-18,20,REF020,29
2024-07-19,1,REF001,39
2024-07-19,1,REF001,25
2024-07-19,1,REF001,64
2024-07-19,1,REF001,24
2024-07-19,2,REF002,95
2024-07-19,2,REF002,22
2024-07-19,2,REF002,77
2024-07-19,2,REF002,68
2024-07-19,2,REF002,94
2024-07-19,3,REF003,85
2024-07-19,3,REF003,15
2024-07-19,3,REF003,32
2024-07-19,4,REF004,3
2024-07-19,4,REF004,66
2024-07-19,4,REF004,99
2024-07-19,4,REF004,29
2024-07-19,4,REF004,86
2024-07-19,5,REF005,83
2024-07-19,5,REF005,87
2024-07-19,6,REF006,69
2024-07-19,6,REF006,100
2024-07-19,6,REF006,36
2024-07-19,6,REF006,20
2024-07-19,8,REF008,72
2024-07-19,8,REF008,3
2024-07-19,9,REF009,85
2024-07-19,9,REF009,40
2024-07-19,9,REF009,22
2024-07-19,10,REF010,27
2024-07-19,11,REF011,92
2024-07-19,11,REF011,4
2024-07-19,11,REF011,96
2024-07-19,12,REF012,63
2024-07-19,12,REF012,35
2024-07-19,12,REF012,73
2024-07-19,12,REF012,17
2024-07-19,12,REF012,73
2024-07-19,13,REF013,58
2024-07-19,13,REF013,80
2024-07-19,14,REF014,15
2024-07-19,14,REF014,71
2024-07-19,14,REF014,4
2024-07-19,14,REF014,16
2024-07-19,15,REF015,26
2024-07-19,15,REF015,57
2024-07-19,15,REF015,100
2024-07-19,16,REF016,49
2024-07-19,16,REF016,86
2024-07-19,16,REF016,79
2024-07-19,17,REF017,79
2024-07-19,18,REF018,21
2024-07-19,18,REF018,10
2024-07-19,19,REF019,4
2024-07-19,20,REF020,43
2024-07-19,20,REF020,83
2024-07-19,20,REF020,75
2024-07-20,2,REF002,9
2024-07-20,2,REF002,75
2024-07-20,2,REF002,5
2024-07-20,3,REF003,85
2024-07-20,3,REF003,86
2024-07-20,4,REF004,79
2024-07-20,4,REF004,18
2024-07-20,5,REF005,96
2024-07-20,6,REF006,66
2024-07-20,6,REF006,55
2024-07-20,6,REF006,50
2024-07-20,6,REF006,34
2024-07-20,6,REF006,10
2024-07-20,7,REF007,7
2024-07-20,8,REF008,7
2024-07-20,8,REF008,14
2024-07-20,8,REF008,23
2024-07-20,10,REF010,14
2024-07-20,10,REF010,30
2024-07-20,10,REF010,88
2024-07-20,11,REF011,36
2024-07-20,11,REF011,97
2024-07-20,12,REF012,67
2024-07-20,12,REF012,11
2024-07-20,12,REF012,81
2024-07-20,12,REF012,86
2024-07-20,13,REF013,96
2024-07-20,13,REF013,57
2024-07-20,13,REF013,63
2024-07-20,13,REF013,97
2024-07-20,13,REF013,27
2024-07-20,14,REF014,52
2024-07-20,14,REF014,7
2024-07-20,14,REF014,48
2024-07-20,15,REF015,65
2024-07-20,16,REF016,80
2024-07-20,16,REF016,72
2024-07-20,16,REF016,47
2024-07-20,16,REF016,54
2024-07-20,16,REF016,2
2024-07-20,16,REF016,9
2024-07-20,16,REF016,42
2024-07-20,17,REF017,90
2024-07-20,17,REF017,44
2024-07-20,17,REF017,16
2024-07-20,17,REF017,59
2024-07-20,18,REF018,64
2024-07-20,18,REF018,3
2024-07-20,18,REF018,94
2024-07-20,18,REF018,91
2024-07-20,18,REF018,3
2024-07-20,18,REF018,91
2024-07-20,19,REF019,83
2024-07-20,19,REF019,3
2024-07-20,19,REF019,57
2024-07-20,19,REF019,95
2024-07-20,19,REF019,77
2024-07-20,19,REF019,38
2024-07-20,20,REF020,29
2024-07-20,20,REF020,30
2024-07-21,1,REF001,21
2024-07-21,1,REF001,7
2024-07-21,2,REF002,60
2024-07-21,2,REF002,72
2024-07-21,3,REF003,35
2024-07-21,3,REF003,7
2024-07-21,3,REF003,75
2024-07-21,5,REF005,34
2024-07-21,5,REF005,32
2024-07-21,6,REF006,33
2024-07-21,7,REF007,36
2024-07-21,7,REF007,58
2024-07-21,9,REF009,34
2024-07-21,10,REF010,35
2024-07-21,10,REF010,2
2024-07-21,11,REF011,36
2024-07-21,11,REF011,73
2024-07-21,11,REF011,55
2024-07-21,11,REF011,49
2024-07-21,11,REF011,40
2024-07-21,11,REF011,54
2024-07-21,12,REF012,43
2024-07-21,12,REF012,36
2024-07-21,13,REF013,6
2024-07-21,13,REF013,46
2024-07-21,13,REF013,18
2024-07-21,13,REF013,85
2024-07-21,13,REF013,36
2024-07-21,13,REF013,16
2024-07-21,13,REF013,64
2024-07-21,14,REF014,76
2024-07-21,15,REF015,59
2024-07-21,16,REF016,14
2024-07-21,16,REF016,67
2024-07-21,18,REF018,71
2024-07-21,18,REF018,24
2024-07-21,18,REF018,74
2024-07-21,19,REF019,2
2024-07-21,19,REF019,38
2024-07-21,19,REF019,41
2024-07-21,19,REF019,84
2024-07-21,20,REF020,1
2024-07-21,20,REF020,74
2024-07-21,20,REF020,57
2024-07-21,20,REF020,63
2024-07-22,1,REF001,40
2024-07-22,2,REF002,76
2024-07-22,2,REF002,100
2024-07-22,2,REF002,19
2024-07-22,2,REF002,35
2024-07-22,3,REF003,69
2024-07-22,3,REF003,96
2024-07-22,3,REF003,89
2024-07-22,3,REF003,46
2024-07-22,3,REF003,6
2024-07-22,4,REF004,6
2024-07-22,4,REF004,76
2024-07-22,4,REF004,33
2024-07-22,4,REF004,48
2024-07-22,5,REF005,73
2024-07-22,5,REF005,49
2024-07-22,5,REF005,18
2024-07-22,6,REF006,22
2024-07-22,6,REF006,17
2024-07-22,6,REF006,27
2024-07-22,6,REF006,81
2024-07-22,7,REF007,55
2024-07-22,8,REF008,55
2024-07-22,9,REF009,80
2024-07-22,9,REF009,11
2024-07-22,9,REF009,35
2024-07-22,9,REF009,12
2024-07-22,10,REF010,3
2024-07-22,10,REF010,34
2024-07-22,11,REF011,77
2024-07-22,11,REF011,61
2024-07-22,11,REF011,43
2024-07-22,12,REF012,99
2024-07-22,13,REF013,11
2024-07-22,14,REF014,95
2024-07-22,14,REF014,79
2024-07-22,14,REF014,27
2024-07-22,14,REF014,77
2024-07-22,15,REF015,78
2024-07-22,15,REF015,11
2024-07-22,15,REF015,47
2024-07-22,15,REF015,20
2024-07-22,15,REF015,65
2024-07-22,15,REF015,88
2024-07-22,15,REF015,77
2024-07-22,16,REF016,83
2024-07-22,17,REF017,45
2024-07-22,17,REF017,76
2024-07-22,17,REF017,66
2024-07-22,17,REF017,16
2024-07-22,18,REF018,73
2024-07-22,18,REF018,43
2024-07-22,18,REF018,13
2024-07-22,19,REF019,49
2024-07-22,19,REF019,78
2024-07-22,19,REF019,98
2024-07-22,19,REF019,53
2024-07-22,20,REF020,39
2024-07-22,20,REF020,95
2024-07-23,1,REF001,99
2024-07-23,2,REF002,28
2024-07-23,2,REF002,38
2024-07-23,2,REF002,96
2024-07-23,2,REF002,53
2024-07-23,2,REF002,40
2024-07-23,3,REF003,36
2024-07-23,3,REF003,40
2024-07-23,3,REF003,1
2024-07-23,4,REF004,65
2024-07-23,4,REF004,68
2024-07-23,4,REF004,21
2024-07-23,5,REF005,95
2024-07-23,5,REF005,53
2024-07-23,5,REF005,13
2024-07-23,5,REF005,78
2024-07-23,6,REF006,54
2024-07-23,6,REF006,37
2024-07-23,7,REF007,78
2024-07-23,7,REF007,15
2024-07-23,8,REF008,73
2024-07-23,8,REF008,63
2024-07-23,8,REF008,33
2024-07-23,9,REF009,80
2024-07-23,9,REF009,57
2024-07-23,9,REF009,63
2024-07-23,12,REF012,94
2024-07-23,12,REF012,89
2024-07-23,12,REF012,50
2024-07-23,12,REF012,28
2024-07-23,12,REF012,83
2024-07-23,13,REF013,70
2024-07-23,13,REF013,92
2024-07-23,13,REF013,86
2024-07-23,13,REF013,18
2024-07-23,13,REF013,85
2024-07-23,13,REF013,40
2024-07-23,14,REF014,87
2024-07-23,14,REF014,31
2024-07-23,14,REF014,88
2024-07-23,15,REF015,77
2024-07-23,16,REF016,54
2024-07-23,17,REF017,56
2024-07-23,17,REF017,6
2024-07-23,17,REF017,23
2024-07-23,17,REF017,44
2024-07-23,18,REF018,71
2024-07-23,18,REF018,63
2024-07-23,18,REF018,90
2024-07-23,18,REF018,47
2024-07-23,18,REF018,18
2024-07-23,19,REF019,79
2024-07-23,20,REF020,22
2024-07-23,20,REF020,98
2024-07-23,20,REF020,18
2024-07-23,20,REF020,39
2024-07-24,1,REF001,9
2024-07-24,2,REF002,91
2024-07-24,3,REF003,22
2024-07-24,3,REF003,81
2024-07-24,3,REF003,60
2024-07-24,4,REF004,28
2024-07-24,4,REF004,83
2024-07-24,4,REF004,61
2024-07-24,5,REF005,84
2024-07-24,6,REF006,74
2024-07-24,6,REF006,56
2024-07-24,6,REF006,95
2024-07-24,6,REF006,68
2024-07-24,6,REF006,18
2024-07-24,7,REF007,93
2024-07-24,7,REF007,37
2024-07-24,7,REF007,28
2024-07-24,8,REF008,99
2024-07-24,8,REF008,78
2024-07-24,8,REF008,51
2024-07-24,8,REF008,26
2024-07-24,9,REF009,30
2024-07-24,9,REF009,82
2024-07-24,9,REF009,36
2024-07-24,10,REF010,79
2024-07-24,10,REF010,100
2024-07-24,11,REF011,53
2024-07-24,11,REF011,12
2024-07-24,11,REF011,86
2024-07-24,11,REF011,87
2024-07-24,11,REF011,11
2024-07-24,11,REF011,67
2024-07-24,11,REF011,84
2024-07-24,12,REF012,97
2024-07-24,12,REF012,68
2024-07-24,12,REF012,5
2024-07-24,13,REF013,47
2024-07-24,13,REF013,82
2024-07-24,14,REF014,63
2024-07-24,14,REF014,28
2024-07-24,14,REF014,28
2024-07-24,14,REF014,61
2024-07-24,14,REF014,45
2024-07-24,15,REF015,71
2024-07-24,15,REF015,74
2024-07-24,15,REF015,12
2024-07-24,16,REF016,43
2024-07-24,16,REF016,1
2024-07-24,16,REF016,32
2024-07-24,16,REF016,44
2024-07-24,17,REF017,66
2024-07-24,17,REF017,67
2024-07-24,17,REF017,40
2024-07-24,17,REF017,46
2024-07-24,17,REF017,37
2024-07-24,17,REF017,1
2024-07-24,17,REF017,50
2024-07-24,18,REF018,62
2024-07-25,1,REF001,31
2024-07-25,1,REF001,42
2024-07-25,1,REF001,59
2024-07-25,1,REF001,98
2024-07-25,1,REF001,38
2024-07-25,2,REF002,14
2024-07-25,2,REF002,41
2024-07-25,2,REF002,97
2024-07-25,2,REF002,73
2024-07-25,2,REF002,5
2024-07-25,2,REF002,66
2024-07-25,2,REF002,28
2024-07-25,3,REF003,85
2024-07-25,3,REF003,52
2024-07-25,4,REF004,87
2024-07-25,5,REF005,91
2024-07-25,5,REF005,87
2024-07-25,6,REF006,27
2024-07-25,6,REF006,74
2024-07-25,7,REF007,46
2024-07-25,7,REF007,66
2024-07-25,7,REF007,61
2024-07-25,7,REF007,90
2024-07-25,8,REF008,97
2024-07-25,8,REF008,20
2024-07-25,9,REF009,37
2024-07-25,9,REF009,14
2024-07-25,10,REF010,56
2024-07-25,11,REF011,17
2024-07-25,11,REF011,68
2024-07-25,12,REF012,53
2024-07-25,12,REF012,63
2024-07-25,12,REF012,91
2024-07-25,12,REF012,50
2024-07-25,12,REF012,32
2024-07-25,12,REF012,65
2024-07-25,13,REF013,32
2024-07-25,13,REF013,21
2024-07-25,13,REF013,90
2024-07-25,13,REF013,66
2024-07-25,14,REF014,53
2024-07-25,14,REF014,47
2024-07-25,14,REF014,91
2024-07-25,14,REF014,94
2024-07-25,15,REF015,58
2024-07-25,15,REF015,54
2024-07-25,15,REF015,77
2024-07-25,16,REF016,70
2024-07-25,16,REF016,100
2024-07-25,16,REF016,69
2024-07-25,17,REF017,71
2024-07-25,17,REF017,60
2024-07-25,17,REF017,62
2024-07-25,18,REF018,3
2024-07-25,18,REF018,83
2024-07-25,18,REF018,4
2024-07-25,19,REF019,99
2024-07-25,19,REF019,96
2024-07-25,19,REF019,19
2024-07-25,20,REF020,23
2024-07-25,20,REF020,43
2024-07-25,20,REF020,1
2024-07-26,1,REF001,74
2024-07-26,1,REF001,50
2024-07-26,2,REF002,94
2024-07-26,2,REF002,5
2024-07-26,2,REF002,43
2024-07-26,3,REF003,11
2024-07-26,3,REF003,33
2024-07-26,3,REF003,43
2024-07-26,3,REF003,66
2024-07-26,4,REF004,86
2024-07-26,4,REF004,71
2024-07-26,4,REF004,76
2024-07-26,5,REF005,26
2024-07-26,6,REF006,34
2024-07-26,6,REF006,48
2024-07-26,6,REF006,28
2024-07-26,6,REF006,51
2024-07-26,7,REF007,6
2024-07-26,7,REF007,98
2024-07-26,7,REF007,69
2024-07-26,7,REF007,25
2024-07-26,8,REF008,39
2024-07-26,9,REF009,27
2024-07-26,9,REF009,36
2024-07-26,9,REF009,61
2024-07-26,11,REF011,95
2024-07-26,11,REF011,48
2024-07-26,13,REF013,58
2024-07-26,13,REF013,60
2024-07-26,13,REF013,39
2024-07-26,13,REF013,82
2024-07-26,14,REF014,58
2024-07-26,14,REF014,80
2024-07-26,15,REF015,11
2024-07-26,15,REF015,12
2024-07-26,15,REF015,45
2024-07-26,15,REF015,84
2024-07-26,16,REF016,13
2024-07-26,16,REF016,25
2024-07-26,16,REF016,9
2024-07-26,16,REF016,87
2024-07-26,16,REF016,99
2024-07-26,17,REF017,12
2024-07-26,17,REF017,21
2024-07-26,17,REF017,42
2024-07-26,17,REF017,63
2024-07-26,17,REF017,63
2024-07-26,18,REF018,79
2024-07-26,18,REF018,91
2024-07-26,19,REF019,30
2024-07-26,19,REF019,11
2024-07-26,19,REF019,58
2024-07-26,19,REF019,53
2024-07-26,20,REF020,87
2024-07-27,1,REF001,66
2024-07-27,2,REF002,24
2024-07-27,2,REF002,95
2024-07-27,3,REF003,2
2024-07-27,3,REF003,6
2024-07-27,4,REF004,46
2024-07-27,4,REF004,10
2024-07-27,4,REF004,55
2024-07-27,4,REF004,91
2024-07-27,4,REF004,32
2024-07-27,4,REF004,23
2024-07-27,5,REF005,28
2024-07-27,5,REF005,75
2024-07-27,6,REF006,30
2024-07-27,6,REF006,97
2024-07-27,6,REF006,28
2024-07-27,6,REF006,34
2024-07-27,6,REF006,55
2024-07-27,6,REF006,25
2024-07-27,7,REF007,6
2024-07-27,7,REF007,4
2024-07-27,7,REF007,54
2024-07-27,7,REF007,8
2024-07-27,7,REF007,62
2024-07-27,8,REF008,82
2024-07-27,8,REF008,50
2024-07-27,8,REF008,5
2024-07-27,8,REF008,100
2024-07-27,9,REF009,44
2024-07-27,9,REF009,8
2024-07-27,9,REF009,68
2024-07-27,9,REF009,56
2024-07-27,9,REF009,75
2024-07-27,10,REF010,96
2024-07-27,11,REF011,65
2024-07-27,11,REF011,64
2024-07-27,11,REF011,51
2024-07-27,12,REF012,79
2024-07-27,12,REF012,5
2024-07-27,13,REF013,95
2024-07-27,13,REF013,51
2024-07-27,13,REF013,92
2024-07-27,13,REF013,82
2024-07-27,14,REF014,7
2024-07-27,14,REF014,46
2024-07-27,14,REF014,24
2024-07-27,15,REF015,92
2024-07-27,15,REF015,35
2024-07-27,15,REF015,21
2024-07-27,15,REF015,82
2024-07-27,15,REF015,97
2024-07-27,16,REF016,83
2024-07-27,17,REF017,41
2024-07-27,18,REF018,86
2024-07-27,18,REF018,37
2024-07-27,19,REF019,24
2024-07-27,19,REF019,37
2024-07-27,20,REF020,12
2024-07-27,20,REF020,11
2024-07-27,20,REF020,64
2024-07-27,20,REF020,25
2024-07-27,20,REF020,49
2024-07-27,20,REF020,56
2024-07-28,1,REF001,34
2024-07-28,1,REF001,45
2024-07-28,1,REF001,22
2024-07-28,2,REF002,38
2024-07-28,2,REF002,62
2024-07-28,2,REF002,80
2024-07-28,3,REF003,88
2024-07-28,3,REF003,48
2024-07-28,3,REF003,74
2024-07-28,3,REF003,81
2024-07-28,4,REF004,32
2024-07-28,4,REF004,21
2024-07-28,4,REF004,54
2024-07-28,5,REF005,52
2024-07-28,7,REF007,20
2024-07-28,7,REF007,73
2024-07-28,7,REF007,85
2024-07-28,7,REF007,55
2024-07-28,7,REF007,32
2024-07-28,8,REF008,90
2024-07-28,8,REF008,62
2024-07-28,9,REF009,5
2024-07-28,9,REF009,92
2024-07-28,9,REF009,78
2024-07-28,11,REF011,34
2024-07-28,11,REF011,81
2024-07-28,11,REF011,27
2024-07-28,11,REF011,16
2024-07-28,11,REF011,55
2024-07-28,13,REF013,73
2024-07-28,13,REF013,61
2024-07-28,13,REF013,61
2024-07-28,15,REF015,96
2024-07-28,15,REF015,40
2024-07-28,15,REF015,70
2024-07-28,16,REF016,29
2024-07-28,16,REF016,79
2024-07-28,16,REF016,83
2024-07-28,17,REF017,36
2024-07-28,18,REF018,66
2024-07-28,18,REF018,48
2024-07-28,18,REF018,61
2024-07-28,18,REF018,71
2024-07-28,19,REF019,27
2024-07-28,19,REF019,82
2024-07-28,19,REF019,18
2024-07-28,19,REF019,48
2024-07-28,19,REF019,97
2024-07-28,19,REF019,78
2024-07-28,19,REF019,7
2024-07-28,20,REF020,39
2024-07-28,20,REF020,32
2024-07-29,2,REF002,16
2024-07-29,2,REF002,39
2024-07-29,3,REF003,74
2024-07-29,4,REF004,9
2024-07-29,4,REF004,42
2024-07-29,4,REF004,78
2024-07-29,4,REF004,93
2024-07-29,5,REF005,69
2024-07-29,5,REF005,95
2024-07-29,6,REF006,35
2024-07-29,6,REF006,95
2024-07-29,6,REF006,22
2024-07-29,6,REF006,84
2024-07-29,6,REF006,77
2024-07-29,6,REF006,23
2024-07-29,7,REF007,13
2024-07-29,7,REF007,31
2024-07-29,7,REF007,17
2024-07-29,7,REF007,50
2024-07-29,8,REF008,21
2024-07-29,9,REF009,59
2024-07-29,9,REF009,21
2024-07-29,10,REF010,59
2024-07-29,11,REF011,32
2024-07-29,11,REF011,42
2024-07-29,11,REF011,35
2024-07-29,12,REF012,60
2024-07-29,12,REF012,49
2024-07-29,12,REF012,7
2024-07-29,13,REF013,3
2024-07-29,13,REF013,5
2024-07-29,13,REF013,27
2024-07-29,13,REF013,70
2024-07-29,13,REF013,69
2024-07-29,14,REF014,11
2024-07-29,14,REF014,62
2024-07-29,14,REF014,18
2024-07-29,15,REF015,16
2024-07-29,16,REF016,75
2024-07-29,16,REF016,94
2024-07-29,17,REF017,74
2024-07-29,17,REF017,42
2024-07-29,17,REF017,86
2024-07-29,17,REF017,21
2024-07-29,17,REF017,79
2024-07-29,18,REF018,39
2024-07-29,18,REF018,6
2024-07-29,18,REF018,89
2024-07-29,18,REF018,84
2024-07-29,18,REF018,89
2024-07-29,18,REF018,26
2024-07-29,18,REF018,88
2024-07-29,19,REF019,100
2024-07-29,19,REF019,19
2024-07-29,19,REF019,90
2024-07-29,20,REF020,27
2024-07-29,20,REF020,86
2024-07-30,1,REF001,74
2024-07-30,1,REF001,33
2024-07-30,2,REF002,35
2024-07-30,2,REF002,34
2024-07-30,2,REF002,81
2024-07-30,2,REF002,66
2024-07-30,2,REF002,14
2024-07-30,2,REF002,72
2024-07-30,3,REF003,47
2024-07-30,3,REF003,90
2024-07-30,3,REF003,11
2024-07-30,3,REF003,72
2024-07-30,3,REF003,79
2024-07-30,4,REF004,80
2024-07-30,5,REF005,63
2024-07-30,5,REF005,40
2024-07-30,6,REF006,77
2024-07-30,6,REF006,74
2024-07-30,6,REF006,71
2024-07-30,6,REF006,98
2024-07-30,7,REF007,19
2024-07-30,7,REF007,49
2024-07-30,8,REF008,78
2024-07-30,8,REF008,76
2024-07-30,8,REF008,87
2024-07-30,8,REF008,44
2024-07-30,9,REF009,53
2024-07-30,10,REF010,81
2024-07-30,10,REF010,40
2024-07-30,11,REF011,56
2024-07-30,12,REF012,37
2024-07-30,12,REF012,33
2024-07-30,12,REF012,19
2024-07-30,12,REF012,70
2024-07-30,13,REF013,87
2024-07-30,13,REF013,100
2024-07-30,13,REF013,28
2024-07-30,14,REF014,14
2024-07-30,14,REF014,46
2024-07-30,15,REF015,81
2024-07-30,15,REF015,44
2024-07-30,15,REF015,45
2024-07-30,16,REF016,73
2024-07-30,16,REF016,40
2024-07-30,17,REF017,55
2024-07-30,17,REF017,7
2024-07-30,17,REF017,65
2024-07-30,18,REF018,3
2024-07-30,18,REF018,14
2024-07-30,18,REF018,75
2024-07-30,18,REF018,37
2024-07-30,19,REF019,28
2024-07-30,19,REF019,3
2024-07-30,19,REF019,65
2024-07-30,19,REF019,52
2024-07-30,20,REF020,75
2024-07-30,20,REF020,93
2024-07-31,1,REF001,97
2024-07-31,1,REF001,23
2024-07-31,2,REF002,50
2024-07-31,2,REF002,86
2024-07-31,3,REF003,86
2024-07-31,3,REF003,46
2024-07-31,3,REF003,81
2024-07-31,4,REF004,9
2024-07-31,4,REF004,29
2024-07-31,5,REF005,25
2024-07-31,5,REF005,23
2024-07-31,5,REF005,100
2024-07-31,5,REF005,70
2024-07-31,5,REF005,49
2024-07-31,6,REF006,31
2024-07-31,6,REF006,6
2024-07-31,8,REF008,96
2024-07-31,8,REF008,77
2024-07-31,9,REF009,45
2024-07-31,9,REF009,50
2024-07-31,9,REF009,72
2024-07-31,9,REF009,97
2024-07-31,10,REF010,57
2024-07-31,10,REF010,76
2024-07-31,10,REF010,5
2024-07-31,10,REF010,17
2024-07-31,11,REF011,27
2024-07-31,11,REF011,52
2024-07-31,11,REF011,44
2024-07-31,11,REF011,59
2024-07-31,12,REF012,28
2024-07-31,13,REF013,91
2024-07-31,13,REF013,30
2024-07-31,13,REF013,77
2024-07-31,13,REF013,13
2024-07-31,13,REF013,28
2024-07-31,14,REF014,96
2024-07-31,14,REF014,27
2024-07-31,14,REF014,24
2024-07-31,15,REF015,8
2024-07-31,16,REF016,60
2024-07-31,16,REF016,13
2024-07-31,16,REF016,5
2024-07-31,17,REF017,39
2024-07-31,18,REF018,83
2024-07-31,18,REF018,96
2024-07-31,19,REF019,41
2024-07-31,19,REF019,98
2024-07-31,19,REF019,100
2024-08-01,1,REF001,100
2024-08-01,1,REF001,49
2024-08-01,1,REF001,69
2024-08-01,1,REF001,41
2024-08-01,3,REF003,3
2024-08-01,3,REF003,97
2024-08-01,3,REF003,97
2024-08-01,3,REF003,8
2024-08-01,4,REF004,84
2024-08-01,4,REF004,50
2024-08-01,4,REF004,82
2024-08-01,4,REF004,92
2024-08-01,5,REF005,97
2024-08-01,5,REF005,5
2024-08-01,6,REF006,23
2024-08-01,6,REF006,95
2024-08-01,6,REF006,96
2024-08-01,7,REF007,8
2024-08-01,7,REF007,84
2024-08-01,8,REF008,96
2024-08-01,8,REF008,93
2024-08-01,8,REF008,37
2024-08-01,9,REF009,80
2024-08-01,9,REF009,56
2024-08-01,10,REF010,44
2024-08-01,10,REF010,38
2024-08-01,10,REF010,8
2024-08-01,10,REF010,6
2024-08-01,11,REF011,31
2024-08-01,12,REF012,57
2024-08-01,12,REF012,51
2024-08-01,12,REF012,51
2024-08-01,13,REF013,48
2024-08-01,13,REF013,80
2024-08-01,14,REF014,16
2024-08-01,14,REF014,78
2024-08-01,14,REF014,81
2024-08-01,15,REF015,21
2024-08-01,15,REF015,95
2024-08-01,16,REF016,5
2024-08-01,16,REF016,81
2024-08-01,16,REF016,63
2024-08-01,16,REF016,57
2024-08-01,17,REF017,17
2024-08-01,17,REF017,78
2024-08-01,18,REF018,23
2024-08-01,19,REF019,75
2024-08-01,19,REF019,95
2024-08-01,20,REF020,54
2024-08-02,1,REF001,81
2024-08-02,1,REF001,77
2024-08-02,2,REF002,71
2024-08-02,2,REF002,86
2024-08-02,2,REF002,84
2024-08-02,3,REF003,76
2024-08-02,3,REF003,59
2024-08-02,3,REF003,58
2024-08-02,4,REF004,89
2024-08-02,4,REF004,17
2024-08-02,5,REF005,5
2024-08-02,5,REF005,42
2024-08-02,5,REF005,69
2024-08-02,5,REF005,20
2024-08-02,6,REF006,75
2024-08-02,6,REF006,73
2024-08-02,7,REF007,20
2024-08-02,8,REF008,84
2024-08-02,8,REF008,14
2024-08-02,8,REF008,34
2024-08-02,8,REF008,64
2024-08-02,9,REF009,85
2024-08-02,9,REF009,58
2024-08-02,9,REF009,17
2024-08-02,9,REF009,91
2024-08-02,9,REF009,79
2024-08-02,10,REF010,80
2024-08-02,10,REF010,70
2024-08-02,10,REF010,17
2024-08-02,10,REF010,8
2024-08-02,10,REF010,79
2024-08-02,11,REF011,95
2024-08-02,11,REF011,90
2024-08-02,11,REF011,14
2024-08-02,12,REF012,20
2024-08-02,12,REF012,36
2024-08-02,13,REF013,16
2024-08-02,13,REF013,53
2024-08-02,13,REF013,53
2024-08-02,13,REF013,74
2024-08-02,14,REF014,24
2024-08-02,14,REF014,87
2024-08-02,14,REF014,52
2024-08-02,15,REF015,30
2024-08-02,15,REF015,22
2024-08-02,16,REF016,8
2024-08-02,16,REF016,57
2024-08-02,16,REF016,10
2024-08-02,16,REF016,35
2024-08-02,16,REF016,91
2024-08-02,16,REF016,57
2024-08-02,16,REF016,56
2024-08-02,17,REF017,63
2024-08-02,18,REF018,97
2024-08-02,19,REF019,41
2024-08-02,19,REF019,37
2024-08-02,20,REF020,49
2024-08-02,20,REF020,24
2024-08-02,20,REF020,70
2024-08-03,1,REF001,11
2024-08-03,1,REF001,1
2024-08-03,1,REF001,66
2024-08-03,1,REF001,85
2024-08-03,2,REF002,9
2024-08-03,3,REF003,2
2024-08-03,3,REF003,86
2024-08-03,4,REF004,46
2024-08-03,4,REF004,14
2024-08-03,4,REF004,44
2024-08-03,4,REF004,74
2024-08-03,4,REF004,79
2024-08-03,5,REF005,51
2024-08-03,5,REF005,96
2024-08-03,5,REF005,73
2024-08-03,6,REF006,16
2024-08-03,6,REF006,82
2024-08-03,6,REF006,71
2024-08-03,8,REF008,65
2024-08-03,8,REF008,52
2024-08-03,9,REF009,19
2024-08-03,9,REF009,5
2024-08-03,10,REF010,49
2024-08-03,10,REF010,49
2024-08-03,11,REF011,19
2024-08-03,12,REF012,35
2024-08-03,12,REF012,21
2024-08-03,12,REF012,90
2024-08-03,12,REF012,85
2024-08-03,12,REF012,4
2024-08-03,12,REF012,72
2024-08-03,12,REF012,67
2024-08-03,13,REF013,5
2024-08-03,14,REF014,82
2024-08-03,15,REF015,11
2024-08-03,16,REF016,57
2024-08-03,16,REF016,78
2024-08-03,16,REF016,25
2024-08-03,16,REF016,30
2024-08-03,16,REF016,63
2024-08-03,16,REF016,72
2024-08-03,17,REF017,23
2024-08-03,17,REF017,3
2024-08-03,18,REF018,28
2024-08-03,18,REF018,29
2024-08-03,18,REF018,92
2024-08-03,18,REF018,57
2024-08-03,18,REF018,28
2024-08-03,19,REF019,33
2024-08-03,19,REF019,88
2024-08-03,20,REF020,20
2024-08-03,20,REF020,64
2024-08-03,20,REF020,42
2024-08-04,2,REF002,79
2024-08-04,2,REF002,100
2024-08-04,3,REF003,88
2024-08-04,3,REF003,13
2024-08-04,3,REF003,82
2024-08-04,5,REF005,34
2024-08-04,5,REF005,45
2024-08-04,6,REF006,11
2024-08-04,7,REF007,71
2024-08-04,9,REF009,6
2024-08-04,9,REF009,35
2024-08-04,9,REF009,64
2024-08-04,9,REF009,95
2024-08-04,9,REF009,37
2024-08-04,10,REF010,4
2024-08-04,10,REF010,19
2024-08-04,11,REF011,37
2024-08-04,11,REF011,5
2024-08-04,12,REF012,39
2024-08-04,12,REF012,10
2024-08-04,12,REF012,19
2024-08-04,12,REF012,49
2024-08-04,12,REF012,99
2024-08-04,13,REF013,85
2024-08-04,13,REF013,23
2024-08-04,13,REF013,63
2024-08-04,13,REF013,10
2024-08-04,14,REF014,27
2024-08-04,14,REF014,41
2024-08-04,14,REF014,77
2024-08-04,14,REF014,21
2024-08-04,15,REF015,75
2024-08-04,15,REF015,74
2024-08-04,15,REF015,67
2024-08-04,15,REF015,85
2024-08-04,16,REF016,8
2024-08-04,16,REF016,39
2024-08-04,17,REF017,90
2024-08-04,17,REF017,61
2024-08-04,17,REF017,34
2024-08-04,17,REF017,68
2024-08-04,17,REF017,58
2024-08-04,17,REF017,7
2024-08-04,18,REF018,77
2024-08-04,18,REF018,87
2024-08-04,18,REF018,6
2024-08-04,18,REF018,74
2024-08-04,19,REF019,46
2024-08-04,19,REF019,95
2024-08-04,20,REF020,31
2024-08-04,20,REF020,10
2024-08-04,20,REF020,51
2024-08-05,1,REF001,41
2024-08-05,1,REF001,90
2024-08-05,1,REF001,90
2024-08-05,2,REF002,56
2024-08-05,2,REF002,64
2024-08-05,5,REF005,56
2024-08-05,5,REF005,21
2024-08-05,5,REF005,60
2024-08-05,7,REF007,41
2024-08-05,7,REF007,96
2024-08-05,7,REF007,95
2024-08-05,7,REF007,82
2024-08-05,7,REF007,48
2024-08-05,7,REF007,36
2024-08-05,8,REF008,75
2024-08-05,9,REF009,72
2024-08-05,9,REF009,12
2024-08-05,9,REF009,11
2024-08-05,9,REF009,64
2024-08-05,9,REF009,41
2024-08-05,10,REF010,86
2024-08-05,10,REF010,16
2024-08-05,11,REF011,83
2024-08-05,11,REF011,7
2024-08-05,11,REF011,5
2024-08-05,11,REF011,3
2024-08-05,12,REF012,16
2024-08-05,12,REF012,88
2024-08-05,12,REF012,59
2024-08-05,13,REF013,78
2024-08-05,13,REF013,94
2024-08-05,14,REF014,24
2024-08-05,16,REF016,15
2024-08-05,16,REF016,95
2024-08-05,17,REF017,92
2024-08-05,17,REF017,55
2024-08-05,17,REF017,57
2024-08-05,18,REF018,98
2024-08-05,18,REF018,80
2024-08-05,18,REF018,10
2024-08-05,19,REF019,30
2024-08-05,19,REF019,51
2024-08-05,20,REF020,86
2024-08-05,20,REF020,95
2024-08-06,1,REF001,16
2024-08-06,2,REF002,91
2024-08-06,2,REF002,96
2024-08-06,2,REF002,5
2024-08-06,3,REF003,33
2024-08-06,3,REF003,61
2024-08-06,3,REF003,11
2024-08-06,3,REF003,63
2024-08-06,4,REF004,8
2024-08-06,4,REF004,48
2024-08-06,4,REF004,89
2024-08-06,4,REF004,68
2024-08-06,4,REF004,75
2024-08-06,5,REF005,93
2024-08-06,5,REF005,40
2024-08-06,5,REF005,25
2024-08-06,6,REF006,59
2024-08-06,6,REF006,23
2024-08-06,6,REF006,20
2024-08-06,6,REF006,76
2024-08-06,6,REF006,48
2024-08-06,7,REF007,54
2024-08-06,7,REF007,34
2024-08-06,7,REF007,19
2024-08-06,8,REF008,45
2024-08-06,8,REF008,70
2024-08-06,8,REF008,91
2024-08-06,8,REF008,76
2024-08-06,8,REF008,45
2024-08-06,10,REF010,43
2024-08-06,10,REF010,48
2024-08-06,10,REF010,15
2024-08-06,11,REF011,13
2024-08-06,11,REF011,58
2024-08-06,12,REF012,39
2024-08-06,12,REF012,34
2024-08-06,14,REF014,24
2024-08-06,15,REF015,59
2024-08-06,15,REF015,17
2024-08-06,15,REF015,49
2024-08-06,15,REF015,44
2024-08-06,16,REF016,94
2024-08-06,17,REF017,41
2024-08-06,17,REF017,2
2024-08-06,18,REF018,35
2024-08-06,19,REF019,27
2024-08-06,20,REF020,60
2024-08-06,20,REF020,71
2024-08-06,20,REF020,67
2024-08-07,1,REF001,2
2024-08-07,1,REF001,18
2024-08-07,1,REF001,59
2024-08-07,1,REF001,61
2024-08-07,1,REF001,55
2024-08-07,1,REF001,51
2024-08-07,2,REF002,61
2024-08-07,2,REF002,59
2024-08-07,3,REF003,73
2024-08-07,3,REF003,98
2024-08-07,3,REF003,34
2024-08-07,4,REF004,71
2024-08-07,4,REF004,42
2024-08-07,4,REF004,96
2024-08-07,4,REF004,58
2024-08-07,5,REF005,31
2024-08-07,5,REF005,3
2024-08-07,5,REF005,39
2024-08-07,7,REF007,62
2024-08-07,7,REF007,64
2024-08-07,8,REF008,14
2024-08-07,8,REF008,57
2024-08-07,8,REF008,100
2024-08-07,8,REF008,39
2024-08-07,9,REF009,74
2024-08-07,9,REF009,80
2024-08-07,10,REF010,48
2024-08-07,10,REF010,82
2024-08-07,10,REF010,32
2024-08-07,12,REF012,93
2024-08-07,12,REF012,48
2024-08-07,12,REF012,45
2024-08-07,12,REF012,57
2024-08-07,13,REF013,42
2024-08-07,13,REF013,6
2024-08-07,13,REF013,64
2024-08-07,14,REF014,9
2024-08-07,15,REF015,10
2024-08-07,15,REF015,84
2024-08-07,15,REF015,1
2024-08-07,15,REF015,20
2024-08-07,15,REF015,78
2024-08-07,16,REF016,86
2024-08-07,16,REF016,1
2024-08-07,16,REF016,40
2024-08-07,16,REF016,96
2024-08-07,17,REF017,76
2024-08-07,17,REF017,26
2024-08-07,18,REF018,81
2024-08-07,18,REF018,60
2024-08-07,18,REF018,3
2024-08-07,18,REF018,14
2024-08-07,18,REF018,80
2024-08-07,19,REF019,89
2024-08-07,19,REF019,42
2024-08-07,19,REF019,12
2024-08-07,19,REF019,88
2024-08-07,19,REF019,56
2024-08-07,19,REF019,34
2024-08-07,19,REF019,18
2024-08-07,20,REF020,78
2024-08-07,20,REF020,51
2024-08-07,20,REF020,21
2024-08-08,1,REF001,12
2024-08-08,2,REF002,51
2024-08-08,2,REF002,94
2024-08-08,2,REF002,83
2024-08-08,4,REF004,94
2024-08-08,4,REF004,11
2024-08-08,5,REF005,51
2024-08-08,5,REF005,3
2024-08-08,5,REF005,65
2024-08-08,6,REF006,98
2024-08-08,6,REF006,8
2024-08-08,6,REF006,95
2024-08-08,6,REF006,12
2024-08-08,7,REF007,62
2024-08-08,7,REF007,73
2024-08-08,7,REF007,58
2024-08-08,7,REF007,38
2024-08-08,8,REF008,95
2024-08-08,8,REF008,96
2024-08-08,8,REF008,7
2024-08-08,8,REF008,55
2024-08-08,9,REF009,85
2024-08-08,9,REF009,93
2024-08-08,9,REF009,17
2024-08-08,9,REF009,92
2024-08-08,10,REF010,64
2024-08-08,10,REF010,44
2024-08-08,11,REF011,96
2024-08-08,12,REF012,44
2024-08-08,12,REF012,79
2024-08-08,12,REF012,57
2024-08-08,12,REF012,36
2024-08-08,13,REF013,49
2024-08-08,13,REF013,71
2024-08-08,14,REF014,5
2024-08-08,14,REF014,9
2024-08-08,15,REF015,20
2024-08-08,15,REF015,7
2024-08-08,15,REF015,39
2024-08-08,15,REF015,52
2024-08-08,17,REF017,51
2024-08-08,17,REF017,35
2024-08-08,17,REF017,46
2024-08-08,17,REF017,80
2024-08-08,17,REF017,9
2024-08-08,17,REF017,85
2024-08-08,17,REF017,61
2024-08-08,18,REF018,9
2024-08-08,18,REF018,86
2024-08-08,18,REF018,91
2024-08-08,18,REF018,45
2024-08-08,18,REF018,99
2024-08-08,19,REF019,13
2024-08-08,20,REF020,48
2024-08-08,20,REF020,8
2024-08-08,20,REF020,68
2024-08-08,20,REF020,73
2024-08-08,20,REF020,35
2024-08-08,20,REF020,49
2024-08-09,1,REF001,60
2024-08-09,2,REF002,97
2024-08-09,3,REF003,53
2024-08-09,3,REF003,44
2024-08-09,3,REF003,55
2024-08-09,3,REF003,92
2024-08-09,4,REF004,24
2024-08-09,4,REF004,89
2024-08-09,4,REF004,20
2024-08-09,4,REF004,91
2024-08-09,5,REF005,100
2024-08-09,6,REF006,82
2024-08-09,8,REF008,74
2024-08-09,8,REF008,98
2024-08-09,9,REF009,82
2024-08-09,9,REF009,53
2024-08-09,10,REF010,57
2024-08-09,10,REF010,87
2024-08-09,10,REF010,10
2024-08-09,11,REF011,3
2024-08-09,11,REF011,26
2024-08-09,11,REF011,47
2024-08-09,11,REF011,21
2024-08-09,11,REF011,99
2024-08-09,12,REF012,40
2024-08-09,13,REF013,70
2024-08-09,13,REF013,85
2024-08-09,13,REF013,1
2024-08-09,14,REF014,76
2024-08-09,14,REF014,41
2024-08-09,14,REF014,23
2024-08-09,15,REF015,89
2024-08-09,15,REF015,89
2024-08-09,15,REF015,17
2024-08-09,15,REF015,8
2024-08-09,15,REF015,16
2024-08-09,15,REF015,6
2024-08-09,16,REF016,38
2024-08-09,16,REF016,62
2024-08-09,16,REF016,42
2024-08-09,16,REF016,35
2024-08-09,16,REF016,20
2024-08-09,17,REF017,32
2024-08-09,18,REF018,21
2024-08-09,18,REF018,51
2024-08-09,18,REF018,52
2024-08-09,18,REF018,49
2024-08-09,19,REF019,12
2024-08-09,20,REF020,6
2024-08-09,20,REF020,99
2024-08-09,20,REF020,31
2024-08-09,20,REF020,62
2024-08-09,20,REF020,43
2024-08-10,1,REF001,25
2024-08-10,2,REF002,97
2024-08-10,3,REF003,25
2024-08-10,3,REF003,94
2024-08-10,3,REF003,75
2024-08-10,4,REF004,31
2024-08-10,4,REF004,82
2024-08-10,5,REF005,86
2024-08-10,5,REF005,100
2024-08-10,5,REF005,13
2024-08-10,5,REF005,79
2024-08-10,5,REF005,86
2024-08-10,5,REF005,4
2024-08-10,6,REF006,61
2024-08-10,7,REF007,4
2024-08-10,7,REF007,46
2024-08-10,7,REF007,89
2024-08-10,8,REF008,31
2024-08-10,9,REF009,82
2024-08-10,9,REF009,90
2024-08-10,9,REF009,8
2024-08-10,10,REF010,71
2024-08-10,10,REF010,97
2024-08-10,10,REF010,70
2024-08-10,10,REF010,99
2024-08-10,11,REF011,53
2024-08-10,11,REF011,66
2024-08-10,11,REF011,95
2024-08-10,11,REF011,78
2024-08-10,11,REF011,89
2024-08-10,11,REF011,41
2024-08-10,11,REF011,6
2024-08-10,11,REF011,42
2024-08-10,11,REF011,78
2024-08-10,12,REF012,49
2024-08-10,12,REF012,31
2024-08-10,12,REF012,83
2024-08-10,13,REF013,55
2024-08-10,13,REF013,12
2024-08-10,13,REF013,86
2024-08-10,13,REF013,12
2024-08-10,14,REF014,38
2024-08-10,14,REF014,22
2024-08-10,15,REF015,91
2024-08-10,16,REF016,55
2024-08-10,16,REF016,79
2024-08-10,17,REF017,23
2024-08-10,17,REF017,7
2024-08-10,17,REF017,14
2024-08-10,18,REF018,12
2024-08-10,19,REF019,61
2024-08-10,19,REF019,95
2024-08-10,19,REF019,20
2024-08-10,19,REF019,63
2024-08-10,20,REF020,78
2024-08-10,20,REF020,25
2024-08-10,20,REF020,35
2024-08-10,20,REF020,3
2024-08-10,20,REF020,90
2024-08-11,1,REF001,22
2024-08-11,1,REF001,30
2024-08-11,1,REF001,11
2024-08-11,1,REF001,34
2024-08-11,2,REF002,13
2024-08-11,2,REF002,53
2024-08-11,2,REF002,6
2024-08-11,2,REF002,23
2024-08-11,2,REF002,77
2024-08-11,4,REF004,60
2024-08-11,4,REF004,74
2024-08-11,4,REF004,2
2024-08-11,5,REF005,53
2024-08-11,6,REF006,59
2024-08-11,6,REF006,37
2024-08-11,6,REF006,17
2024-08-11,6,REF006,73
2024-08-11,6,REF006,88
2024-08-11,7,REF007,2
2024-08-11,7,REF007,92
2024-08-11,7,REF007,93
2024-08-11,7,REF007,48
2024-08-11,7,REF007,28
2024-08-11,8,REF008,88
2024-08-11,8,REF008,11
2024-08-11,9,REF009,32
2024-08-11,10,REF010,57
2024-08-11,10,REF010,92
2024-08-11,10,REF010,5
2024-08-11,10,REF010,10
2024-08-11,10,REF010,50
2024-08-11,11,REF011,64
2024-08-11,11,REF011,96
2024-08-11,11,REF011,11
2024-08-11,12,REF012,84
2024-08-11,12,REF012,82
2024-08-11,12,REF012,69
2024-08-11,13,REF013,52
2024-08-11,13,REF013,44
2024-08-11,14,REF014,39
2024-08-11,14,REF014,22
2024-08-11,14,REF014,35
2024-08-11,14,REF014,72
2024-08-11,15,REF015,88
2024-08-11,16,REF016,90
2024-08-11,16,REF016,14
2024-08-11,17,REF017,47
2024-08-11,17,REF017,90
2024-08-11,17,REF017,55
2024-08-11,17,REF017,51
2024-08-11,17,REF017,76
2024-08-11,18,REF018,50
2024-08-11,18,REF018,56
2024-08-11,19,REF019,66
2024-08-11,19,REF019,89
2024-08-11,19,REF019,19
2024-08-12,1,REF001,27
2024-08-12,1,REF001,17
2024-08-12,1,REF001,65
2024-08-12,1,REF001,59
2024-08-12,2,REF002,100
2024-08-12,3,REF003,82
2024-08-12,3,REF003,82
2024-08-12,3,REF003,62
2024-08-12,4,REF004,5
2024-08-12,4,REF004,26
2024-08-12,4,REF004,87
2024-08-12,4,REF004,74
2024-08-12,5,REF005,78
2024-08-12,5,REF005,14
2024-08-12,5,REF005,60
2024-08-12,6,REF006,63
2024-08-12,6,REF006,91
2024-08-12,7,REF007,12
2024-08-12,7,REF007,30
2024-08-12,7,REF007,62
2024-08-12,8,REF008,79
2024-08-12,9,REF009,83
2024-08-12,9,REF009,78
2024-08-12,9,REF009,85
2024-08-12,9,REF009,41
2024-08-12,10,REF010,55
2024-08-12,11,REF011,52
2024-08-12,11,REF011,24
2024-08-12,12,REF012,49
2024-08-12,12,REF012,26
2024-08-12,12,REF012,21
2024-08-12,12,REF012,55
2024-08-12,15,REF015,58
2024-08-12,15,REF015,85
2024-08-12,15,REF015,93
2024-08-12,15,REF015,11
2024-08-12,16,REF016,76
2024-08-12,16,REF016,83
2024-08-12,17,REF017,57
2024-08-12,17,REF017,38
2024-08-12,18,REF018,61
2024-08-12,18,REF018,80
2024-08-12,19,REF019,17
2024-08-12,20,REF020,21
2024-08-12,20,REF020,44
2024-08-13,1,REF001,21
2024-08-13,1,REF001,78
2024-08-13,1,REF001,7
2024-08-13,2,REF002,24
2024-08-13,3,REF003,81
2024-08-13,3,REF003,35
2024-08-13,3,REF003,100
2024-08-13,3,REF003,64
2024-08-13,5,REF005,12
2024-08-13,5,REF005,2
2024-08-13,5,REF005,47
2024-08-13,5,REF005,78
2024-08-13,6,REF006,78
2024-08-13,6,REF006,91
2024-08-13,7,REF007,93
2024-08-13,7,REF007,89
2024-08-13,8,REF008,67
2024-08-13,8,REF008,63
2024-08-13,8,REF008,81
2024-08-13,8,REF008,50
2024-08-13,8,REF008,23
2024-08-13,10,REF010,61
2024-08-13,10,REF010,81
2024-08-13,10,REF010,88
2024-08-13,10,REF010,54
2024-08-13,10,REF010,50
2024-08-13,11,REF011,20
2024-08-13,11,REF011,35
2024-08-13,11,REF011,47
2024-08-13,11,REF011,80
2024-08-13,12,REF012,52
2024-08-13,12,REF012,76
2024-08-13,13,REF013,29
2024-08-13,13,REF013,27
2024-08-13,13,REF013,48
2024-08-13,14,REF014,53
2024-08-13,14,REF014,50
2024-08-13,16,REF016,39
2024-08-13,16,REF016,7
2024-08-13,17,REF017,85
2024-08-13,17,REF017,50
2024-08-13,17,REF017,13
2024-08-13,17,REF017,44
2024-08-13,17,REF017,62
2024-08-13,18,REF018,53
2024-08-13,19,REF019,35
2024-08-13,20,REF020,45
2024-08-14,1,REF001,21
2024-08-14,1,REF001,9
2024-08-14,2,REF002,38
2024-08-14,2,REF002,34
2024-08-14,2,REF002,93
2024-08-14,2,REF002,70
2024-08-14,2,REF002,38
2024-08-14,2,REF002,71
2024-08-14,2,REF002,30
2024-08-14,3,REF003,33
2024-08-14,3,REF003,58
2024-08-14,3,REF003,40
2024-08-14,3,REF003,6
2024-08-14,3,REF003,26
2024-08-14,4,REF004,1
2024-08-14,4,REF004,88
2024-08-14,4,REF004,84
2024-08-14,5,REF005,20
2024-08-14,5,REF005,81
2024-08-14,6,REF006,15
2024-08-14,6,REF006,58
2024-08-14,7,REF007,97
2024-08-14,7,REF007,47
2024-08-14,7,REF007,65
2024-08-14,7,REF007,36
2024-08-14,7,REF007,94
2024-08-14,9,REF009,77
2024-08-14,9,REF009,99
2024-08-14,9,REF009,99
2024-08-14,9,REF009,22
2024-08-14,10,REF010,15
2024-08-14,10,REF010,25
2024-08-14,11,REF011,60
2024-08-14,11,REF011,97
2024-08-14,11,REF011,61
2024-08-14,12,REF012,52
2024-08-14,13,REF013,100
2024-08-14,13,REF013,92
2024-08-14,13,REF013,64
2024-08-14,13,REF013,49
2024-08-14,14,REF014,88
2024-08-14,14,REF014,41
2024-08-14,14,REF014,69
2024-08-14,14,REF014,77
2024-08-14,15,REF015,48
2024-08-14,15,REF015,95
2024-08-14,15,REF015,84
2024-08-14,16,REF016,38
2024-08-14,16,REF016,6
2024-08-14,16,REF016,55
2024-08-14,16,REF016,70
2024-08-14,17,REF017,70
2024-08-14,17,REF017,100
2024-08-14,17,REF017,64
2024-08-14,17,REF017,36
2024-08-14,18,REF018,86
2024-08-14,18,REF018,18
2024-08-14,18,REF018,85
2024-08-14,18,REF018,88
2024-08-14,18,REF018,85
2024-08-14,19,REF019,19
2024-08-14,19,REF019,22
2024-08-14,19,REF019,14
2024-08-14,20,REF020,5
2024-08-14,20,REF020,55
2024-08-15,1,REF001,36
2024-08-15,1,REF001,41
2024-08-15,1,REF001,94
2024-08-15,3,REF003,33
2024-08-15,3,REF003,13
2024-08-15,3,REF003,26
2024-08-15,3,REF003,44
2024-08-15,4,REF004,73
2024-08-15,4,REF004,88
2024-08-15,4,REF004,36
2024-08-15,5,REF005,76
2024-08-15,5,REF005,61
2024-08-15,6,REF006,14
2024-08-15,6,REF006,22
2024-08-15,7,REF007,19
2024-08-15,7,REF007,67
2024-08-15,7,REF007,77
2024-08-15,7,REF007,100
2024-08-15,8,REF008,5
2024-08-15,9,REF009,38
2024-08-15,9,REF009,44
2024-08-15,9,REF009,97
2024-08-15,10,REF010,26
2024-08-15,10,REF010,36
2024-08-15,10,REF010,63
2024-08-15,10,REF010,14
2024-08-15,12,REF012,78
2024-08-15,12,REF012,80
2024-08-15,12,REF012,44
2024-08-15,12,REF012,44
2024-08-15,12,REF012,25
2024-08-15,12,REF012,57
2024-08-15,13,REF013,84
2024-08-15,13,REF013,26
2024-08-15,14,REF014,53
2024-08-15,14,REF014,8
2024-08-15,15,REF015,37
2024-08-15,15,REF015,65
2024-08-15,16,REF016,42
2024-08-15,16,REF016,73
2024-08-15,16,REF016,26
2024-08-15,16,REF016,70
2024-08-15,17,REF017,20
2024-08-15,17,REF017,2
2024-08-15,17,REF017,6
2024-08-15,17,REF017,65
2024-08-15,17,REF017,27
2024-08-15,18,REF018,77
2024-08-15,18,REF018,17
2024-08-15,18,REF018,14
2024-08-15,19,REF019,20
2024-08-15,20,REF020,72
2024-08-16,1,REF001,93
2024-08-16,1,REF001,22
2024-08-16,1,REF001,80
2024-08-16,2,REF002,37
2024-08-16,2,REF002,37
2024-08-16,2,REF002,39
2024-08-16,2,REF002,74
2024-08-16,2,REF002,72
2024-08-16,3,REF003,95
2024-08-16,3,REF003,28
2024-08-16,3,REF003,75
2024-08-16,3,REF003,22
2024-08-16,5,REF005,12
2024-08-16,5,REF005,52
2024-08-16,6,REF006,48
2024-08-16,7,REF007,6
2024-08-16,7,REF007,71
2024-08-16,7,REF007,59
2024-08-16,8,REF008,46
2024-08-16,9,REF009,67
2024-08-16,9,REF009,19
2024-08-16,10,REF010,72
2024-08-16,10,REF010,38
2024-08-16,11,REF011,96
2024-08-16,12,REF012,69
2024-08-16,12,REF012,88
2024-08-16,13,REF013,65
2024-08-16,13,REF013,35
2024-08-16,14,REF014,84
2024-08-16,14,REF014,37
2024-08-16,14,REF014,93
2024-08-16,14,REF014,3
2024-08-16,14,REF014,75
2024-08-16,16,REF016,5
2024-08-16,16,REF016,75
2024-08-16,16,REF016,5
2024-08-16,17,REF017,80
2024-08-16,17,REF017,18
2024-08-16,17,REF017,95
2024-08-16,17,REF017,67
2024-08-16,17,REF017,38
2024-08-16,17,REF017,45
2024-08-16,18,REF018,16
2024-08-16,18,REF018,40
2024-08-16,18,REF018,92
2024-08-16,19,REF019,43
2024-08-16,19,REF019,3
2024-08-16,19,REF019,4
2024-08-16,19,REF019,93
2024-08-16,20,REF020,35
2024-08-16,20,REF020,57
2024-08-16,20,REF020,20
2024-08-17,1,REF001,38
2024-08-17,1,REF001,22
2024-08-17,1,REF001,1
2024-08-17,1,REF001,60
2024-08-17,1,REF001,1
2024-08-17,3,REF003,32
2024-08-17,3,REF003,8
2024-08-17,4,REF004,21
2024-08-17,5,REF005,92
2024-08-17,5,REF005,69
2024-08-17,6,REF006,2
2024-08-17,6,REF006,67
2024-08-17,6,REF006,99
2024-08-17,7,REF007,86
2024-08-17,7,REF007,49
2024-08-17,7,REF007,39
2024-08-17,8,REF008,43
2024-08-17,8,REF008,16
2024-08-17,8,REF008,48
2024-08-17,8,REF008,97
2024-08-17,8,REF008,26
2024-08-17,9,REF009,44
2024-08-17,9,REF009,24
2024-08-17,9,REF009,63
2024-08-17,10,REF010,24
2024-08-17,10,REF010,21
2024-08-17,11,REF011,33
2024-08-17,11,REF011,25
2024-08-17,11,REF011,88
2024-08-17,12,REF012,40
2024-08-17,12,REF012,62
2024-08-17,12,REF012,61
2024-08-17,13,REF013,3
2024-08-17,14,REF014,67
2024-08-17,14,REF014,81
2024-08-17,14,REF014,18
2024-08-17,15,REF015,5
2024-08-17,15,REF015,9
2024-08-17,15,REF015,62
2024-08-17,16,REF016,54
2024-08-17,16,REF016,87
2024-08-17,17,REF017,19
2024-08-17,18,REF018,99
2024-08-17,18,REF018,83
2024-08-17,19,REF019,61
2024-08-17,19,REF019,33
2024-08-17,20,REF020,2
2024-08-17,20,REF020,81
2024-08-18,1,REF001,15
2024-08-18,1,REF001,50
2024-08-18,2,REF002,34
2024-08-18,2,REF002,27
2024-08-18,2,REF002,88
2024-08-18,2,REF002,55
2024-08-18,4,REF004,88
2024-08-18,4,REF004,22
2024-08-18,5,REF005,75
2024-08-18,5,REF005,80
2024-08-18,5,REF005,67
2024-08-18,6,REF006,88
2024-08-18,6,REF006,35
2024-08-18,6,REF006,30
2024-08-18,6,REF006,99
2024-08-18,6,REF006,39
2024-08-18,6,REF006,84
2024-08-18,8,REF008,90
2024-08-18,8,REF008,57
2024-08-18,8,REF008,65
2024-08-18,9,REF009,52
2024-08-18,9,REF009,74
2024-08-18,10,REF010,71
2024-08-18,11,REF011,50
2024-08-18,11,REF011,56
2024-08-18,11,REF011,70
2024-08-18,11,REF011,68
2024-08-18,11,REF011,5
2024-08-18,12,REF012,42
2024-08-18,12,REF012,71
2024-08-18,13,REF013,85
2024-08-18,13,REF013,96
2024-08-18,14,REF014,91
2024-08-18,14,REF014,80
2024-08-18,15,REF015,30
2024-08-18,15,REF015,15
2024-08-18,15,REF015,79
2024-08-18,15,REF015,1
2024-08-18,16,REF016,45
2024-08-18,16,REF016,74
2024-08-18,16,REF016,71
2024-08-18,17,REF017,11
2024-08-18,17,REF017,46
2024-08-18,18,REF018,32
2024-08-18,18,REF018,92
2024-08-18,18,REF018,28
2024-08-18,19,REF019,8
2024-08-18,19,REF019,9
2024-08-18,19,REF019,94
2024-08-18,19,REF019,46
2024-08-18,20,REF020,84
2024-08-18,20,REF020,22
2024-08-18,20,REF020,71
2024-08-18,20,REF020,22
2024-08-19,1,REF001,54
2024-08-19,1,REF001,74
2024-08-19,2,REF002,72
2024-08-19,2,REF002,55
2024-08-19,3,REF003,25
2024-08-19,3,REF003,39
2024-08-19,3,REF003,26
2024-08-19,3,REF003,16
2024-08-19,3,REF003,96
2024-08-19,4,REF004,50
2024-08-19,5,REF005,10
2024-08-19,5,REF005,47
2024-08-19,7,REF007,72
2024-08-19,8,REF008,96
2024-08-19,8,REF008,41
2024-08-19,8,REF008,45
2024-08-19,8,REF008,81
2024-08-19,8,REF008,49
2024-08-19,9,REF009,66
2024-08-19,10,REF010,2
2024-08-19,11,REF011,57
2024-08-19,11,REF011,83
2024-08-19,11,REF011,90
2024-08-19,11,REF011,68
2024-08-19,12,REF012,63
2024-08-19,12,REF012,33
2024-08-19,12,REF012,100
2024-08-19,12,REF012,18
2024-08-19,13,REF013,51
2024-08-19,14,REF014,5
2024-08-19,15,REF015,23
2024-08-19,16,REF016,26
2024-08-19,16,REF016,6
2024-08-19,16,REF016,96
2024-08-19,17,REF017,87
2024-08-19,17,REF017,52
2024-08-19,18,REF018,44
2024-08-19,18,REF018,93
2024-08-19,19,REF019,6
2024-08-19,19,REF019,31
2024-08-19,19,REF019,26
2024-08-19,20,REF020,65
2024-08-19,20,REF020,17
2024-08-20,1,REF001,14
2024-08-20,1,REF001,56
2024-08-20,2,REF002,68
2024-08-20,2,REF002,3
2024-08-20,4,REF004,32
2024-08-20,4,REF004,93
2024-08-20,4,REF004,73
2024-08-20,5,REF005,14
2024-08-20,5,REF005,35
2024-08-20,6,REF006,58
2024-08-20,6,REF006,7
2024-08-20,6,REF006,9
2024-08-20,7,REF007,45
2024-08-20,7,REF007,57
2024-08-20,9,REF009,19
2024-08-20,9,REF009,55
2024-08-20,10,REF010,13
2024-08-20,10,REF010,12
2024-08-20,10,REF010,60
2024-08-20,10,REF010,27
2024-08-20,10,REF010,33
2024-08-20,11,REF011,4
2024-08-20,11,REF011,84
2024-08-20,11,REF011,72
2024-08-20,12,REF012,87
2024-08-20,12,REF012,2
2024-08-20,12,REF012,67
2024-08-20,12,REF012,35
2024-08-20,13,REF013,33
2024-08-20,13,REF013,2
2024-08-20,14,REF014,64
2024-08-20,15,REF015,57
2024-08-20,15,REF015,72
2024-08-20,15,REF015,38
2024-08-20,15,REF015,71
2024-08-20,15,REF015,20
2024-08-20,15,REF015,62
2024-08-20,15,REF015,11
2024-08-20,16,REF016,67
2024-08-20,16,REF016,16
2024-08-20,16,REF016,74
2024-08-20,16,REF016,50
2024-08-20,17,REF017,6
2024-08-20,18,REF018,26
2024-08-20,18,REF018,15
2024-08-20,18,REF018,85
2024-08-20,18,REF018,62
2024-08-20,19,REF019,97
2024-08-20,19,REF019,40
2024-08-20,19,REF019,6
2024-08-20,20,REF020,1
2024-08-20,20,REF020,84
2024-08-20,20,REF020,28
2024-08-20,20,REF020,29
2024-08-21,2,REF002,99
2024-08-21,2,REF002,55
2024-08-21,2,REF002,13
2024-08-21,3,REF003,79
2024-08-21,3,REF003,12
2024-08-21,4,REF004,84
2024-08-21,4,REF004,72
2024-08-21,4,REF004,77
2024-08-21,4,REF004,96
2024-08-21,5,REF005,42
2024-08-21,7,REF007,73
2024-08-21,7,REF007,29
2024-08-21,8,REF008,74
2024-08-21,8,REF008,61
2024-08-21,8,REF008,70
2024-08-21,8,REF008,7
2024-08-21,9,REF009,13
2024-08-21,9,REF009,47
2024-08-21,9,REF009,13
2024-08-21,9,REF009,23
2024-08-21,10,REF010,81
2024-08-21,10,REF010,56
2024-08-21,11,REF011,64
2024-08-21,11,REF011,51
2024-08-21,11,REF011,34
2024-08-21,12,REF012,46
2024-08-21,12,REF012,61
2024-08-21,13,REF013,92
2024-08-21,14,REF014,95
2024-08-21,14,REF014,37
2024-08-21,14,REF014,93
2024-08-21,14,REF014,43
2024-08-21,14,REF014,22
2024-08-21,15,REF015,98
2024-08-21,15,REF015,38
2024-08-21,16,REF016,6
2024-08-21,16,REF016,13
2024-08-21,16,REF016,97
2024-08-21,16,REF016,51
2024-08-21,16,REF016,28
2024-08-21,16,REF016,95
2024-08-21,17,REF017,95
2024-08-21,17,REF017,63
2024-08-21,17,REF017,30
2024-08-21,18,REF018,13
2024-08-21,18,REF018,22
2024-08-21,18,REF018,8
2024-08-21,18,REF018,52
2024-08-21,18,REF018,37
2024-08-21,18,REF018,13
2024-08-21,19,REF019,59
2024-08-21,19,REF019,13
2024-08-21,19,REF019,7
2024-08-21,20,REF020,27
2024-08-21,20,REF020,34
2024-08-21,20,REF020,69
2024-08-21,20,REF020,93
2024-08-21,20,REF020,54
2024-08-22,1,REF001,86
2024-08-22,1,REF001,34
2024-08-22,1,REF001,87
2024-08-22,1,REF001,39
2024-08-22,2,REF002,48
2024-08-22,3,REF003,100
2024-08-22,4,REF004,55
2024-08-22,4,REF004,43
2024-08-22,4,REF004,88
2024-08-22,4,REF004,61
2024-08-22,4,REF004,20
2024-08-22,4,REF004,8
2024-08-22,5,REF005,46
2024-08-22,5,REF005,6
2024-08-22,5,REF005,75
2024-08-22,6,REF006,13
2024-08-22,8,REF008,91
2024-08-22,8,REF008,42
2024-08-22,8,REF008,36
2024-08-22,8,REF008,95
2024-08-22,9,REF009,73
2024-08-22,9,REF009,59
2024-08-22,9,REF009,36
2024-08-22,10,REF010,73
2024-08-22,10,REF010,23
2024-08-22,10,REF010,14
2024-08-22,11,REF011,87
2024-08-22,12,REF012,47
2024-08-22,12,REF012,53
2024-08-22,12,REF012,75
2024-08-22,12,REF012,80
2024-08-22,13,REF013,41
2024-08-22,14,REF014,37
2024-08-22,14,REF014,32
2024-08-22,14,REF014,52
2024-08-22,15,REF015,50
2024-08-22,15,REF015,5
2024-08-22,16,REF016,49
2024-08-22,16,REF016,77
2024-08-22,16,REF016,61
2024-08-22,16,REF016,81
2024-08-22,17,REF017,35
2024-08-22,17,REF017,56
2024-08-22,17,REF017,96
2024-08-22,17,REF017,98
2024-08-22,18,REF018,65
2024-08-22,19,REF019,94
2024-08-22,19,REF019,51
2024-08-22,19,REF019,52
2024-08-22,20,REF020,43
2024-08-22,20,REF020,51
2024-08-22,20,REF020,5
2024-08-23,1,REF001,5
2024-08-23,1,REF001,94
2024-08-23,1,REF001,40
2024-08-23,1,REF001,70
2024-08-23,2,REF002,57
2024-08-23,2,REF002,6
2024-08-23,2,REF002,50
2024-08-23,2,REF002,94
2024-08-23,2,REF002,10
2024-08-23,3,REF003,92
2024-08-23,4,REF004,47
2024-08-23,4,REF004,57
2024-08-23,5,REF005,69
2024-08-23,6,REF006,20
2024-08-23,6,REF006,100
2024-08-23,6,REF006,68
2024-08-23,7,REF007,24
2024-08-23,8,REF008,41
2024-08-23,8,REF008,52
2024-08-23,8,REF008,25
2024-08-23,8,REF008,61
2024-08-23,8,REF008,36
2024-08-23,9,REF009,53
2024-08-23,9,REF009,45
2024-08-23,9,REF009,27
2024-08-23,9,REF009,93
2024-08-23,10,REF010,93
2024-08-23,11,REF011,31
2024-08-23,11,REF011,15
2024-08-23,11,REF011,32
2024-08-23,11,REF011,41
2024-08-23,13,REF013,33
2024-08-23,14,REF014,74
2024-08-23,14,REF014,67
2024-08-23,14,REF014,47
2024-08-23,14,REF014,2
2024-08-23,15,REF015,78
2024-08-23,15,REF015,93
2024-08-23,15,REF015,59
2024-08-23,16,REF016,11
2024-08-23,16,REF016,83
2024-08-23,16,REF016,85
2024-08-23,16,REF016,61
2024-08-23,16,REF016,6
2024-08-23,18,REF018,35
2024-08-23,19,REF019,28
2024-08-23,19,REF019,41
2024-08-23,20,REF020,59
2024-08-24,1,REF001,38
2024-08-24,1,REF001,78
2024-08-24,2,REF002,92
2024-08-24,2,REF002,73
2024-08-24,2,REF002,89
2024-08-24,3,REF003,36
2024-08-24,4,REF004,10
2024-08-24,4,REF004,7
2024-08-24,4,REF004,49
2024-08-24,5,REF005,17
2024-08-24,5,REF005,94
2024-08-24,5,REF005,33
2024-08-24,6,REF006,26
2024-08-24,7,REF007,76
2024-08-24,7,REF007,39
2024-08-24,8,REF008,68
2024-08-24,8,REF008,11
2024-08-24,9,REF009,42
2024-08-24,10,REF010,59
2024-08-24,10,REF010,74
2024-08-24,10,REF010,51
2024-08-24,11,REF011,65
2024-08-24,12,REF012,69
2024-08-24,12,REF012,7
2024-08-24,12,REF012,38
2024-08-24,13,REF013,29
2024-08-24,13,REF013,77
2024-08-24,13,REF013,61
2024-08-24,14,REF014,40
2024-08-24,14,REF014,29
2024-08-24,14,REF014,96
2024-08-24,14,REF014,96
2024-08-24,15,REF015,51
2024-08-24,15,REF015,66
2024-08-24,15,REF015,30
2024-08-24,15,REF015,19
2024-08-24,15,REF015,57
2024-08-24,16,REF016,47
2024-08-24,16,REF016,8
2024-08-24,16,REF016,92
2024-08-24,16,REF016,92
2024-08-24,16,REF016,16
2024-08-24,17,REF017,96
2024-08-24,17,REF017,13
2024-08-24,17,REF017,51
2024-08-24,18,REF018,94
2024-08-24,18,REF018,38
2024-08-24,18,REF018,70
2024-08-24,19,REF019,27
2024-08-24,19,REF019,45
2024-08-24,19,REF019,10
2024-08-24,19,REF019,27
2024-08-24,20,REF020,66
2024-08-24,20,REF020,22
2024-08-24,20,REF020,84
2024-08-25,1,REF001,45
2024-08-25,1,REF001,42
2024-08-25,1,REF001,85
2024-08-25,3,REF003,42
2024-08-25,3,REF003,25
2024-08-25,3,REF003,30
2024-08-25,4,REF004,47
2024-08-25,4,REF004,75
2024-08-25,4,REF004,61
2024-08-25,4,REF004,61
2024-08-25,4,REF004,37
2024-08-25,5,REF005,21
2024-08-25,5,REF005,69
2024-08-25,6,REF006,13
2024-08-25,7,REF007,60
2024-08-25,7,REF007,9
2024-08-25,7,REF007,17
2024-08-25,7,REF007,7
2024-08-25,8,REF008,96
2024-08-25,8,REF008,87
2024-08-25,8,REF008,28
2024-08-25,8,REF008,85
2024-08-25,8,REF008,50
2024-08-25,9,REF009,74
2024-08-25,9,REF009,81
2024-08-25,9,REF009,74
2024-08-25,10,REF010,78
2024-08-25,10,REF010,10
2024-08-25,10,REF010,94
2024-08-25,11,REF011,5
2024-08-25,11,REF011,78
2024-08-25,11,REF011,16
2024-08-25,12,REF012,55
2024-08-25,12,REF012,45
2024-08-25,12,REF012,79
2024-08-25,13,REF013,33
2024-08-25,14,REF014,66
2024-08-25,14,REF014,24
2024-08-25,14,REF014,57
2024-08-25,14,REF014,82
2024-08-25,14,REF014,4
2024-08-25,14,REF014,4
2024-08-25,14,REF014,85
2024-08-25,14,REF014,69
2024-08-25,14,REF014,51
2024-08-25,16,REF016,97
2024-08-25,16,REF016,26
2024-08-25,16,REF016,12
2024-08-25,16,REF016,45
2024-08-25,17,REF017,48
2024-08-25,18,REF018,84
2024-08-25,19,REF019,77
2024-08-25,20,REF020,45
2024-08-25,20,REF020,95
2024-08-26,2,REF002,71
2024-08-26,2,REF002,66
2024-08-26,3,REF003,41
2024-08-26,3,REF003,83
2024-08-26,3,REF003,40
2024-08-26,3,REF003,48
2024-08-26,4,REF004,23
2024-08-26,4,REF004,40
2024-08-26,4,REF004,95
2024-08-26,4,REF004,42
2024-08-26,5,REF005,83
2024-08-26,5,REF005,37
2024-08-26,5,REF005,30
2024-08-26,6,REF006,33
2024-08-26,7,REF007,88
2024-08-26,7,REF007,24
2024-08-26,8,REF008,81
2024-08-26,8,REF008,81
2024-08-26,8,REF008,5
2024-08-26,8,REF008,68
2024-08-26,9,REF009,28
2024-08-26,9,REF009,68
2024-08-26,10,REF010,35
2024-08-26,10,REF010,15
2024-08-26,11,REF011,25
2024-08-26,11,REF011,90
2024-08-26,11,REF011,53
2024-08-26,11,REF011,59
2024-08-26,12,REF012,9
2024-08-26,12,REF012,2
2024-08-26,12,REF012,28
2024-08-26,13,REF013,60
2024-08-26,13,REF013,18
2024-08-26,13,REF013,89
2024-08-26,14,REF014,7
2024-08-26,14,REF014,48
2024-08-26,15,REF015,39
2024-08-26,15,REF015,68
2024-08-26,15,REF015,94
2024-08-26,16,REF016,42
2024-08-26,16,REF016,60
2024-08-26,17,REF017,3
2024-08-26,17,REF017,13
2024-08-26,17,REF017,39
2024-08-26,17,REF017,11
2024-08-26,18,REF018,46
2024-08-26,18,REF018,93
2024-08-26,20,REF020,7
2024-08-26,20,REF020,12
2024-08-26,20,REF020,73
2024-08-26,20,REF020,69
2024-08-27,1,REF001,11
2024-08-27,1,REF001,60
2024-08-27,1,REF001,12
2024-08-27,2,REF002,61
2024-08-27,3,REF003,92
2024-08-27,4,REF004,59
2024-08-27,4,REF004,84
2024-08-27,4,REF004,35
2024-08-27,5,REF005,97
2024-08-27,5,REF005,78
2024-08-27,6,REF006,77
2024-08-27,6,REF006,51
2024-08-27,7,REF007,45
2024-08-27,8,REF008,86
2024-08-27,8,REF008,98
2024-08-27,9,REF009,28
2024-08-27,9,REF009,46
2024-08-27,9,REF009,98
2024-08-27,9,REF009,77
2024-08-27,10,REF010,83
2024-08-27,10,REF010,26
2024-08-27,10,REF010,42
2024-08-27,10,REF010,4
2024-08-27,10,REF010,1
2024-08-27,10,REF010,24
2024-08-27,11,REF011,93
2024-08-27,11,REF011,63
2024-08-27,12,REF012,21
2024-08-27,12,REF012,4
2024-08-27,13,REF013,32
2024-08-27,13,REF013,38
2024-08-27,13,REF013,74
2024-08-27,13,REF013,35
2024-08-27,14,REF014,38
2024-08-27,14,REF014,4
2024-08-27,14,REF014,77
2024-08-27,14,REF014,56
2024-08-27,15,REF015,92
2024-08-27,15,REF015,77
2024-08-27,15,REF015,2
2024-08-27,15,REF015,22
2024-08-27,17,REF017,15
2024-08-27,17,REF017,73
2024-08-27,17,REF017,61
2024-08-27,17,REF017,24
2024-08-27,18,REF018,44
2024-08-27,18,REF018,1
2024-08-27,18,REF018,6
2024-08-27,18,REF018,99
2024-08-27,18,REF018,56
2024-08-27,18,REF018,40
2024-08-27,19,REF019,63
2024-08-27,19,REF019,40
2024-08-27,19,REF019,85
2024-08-27,19,REF019,22
2024-08-27,19,REF019,97
2024-08-27,20,REF020,55
2024-08-28,1,REF001,67
2024-08-28,1,REF001,40
2024-08-28,1,REF001,17
2024-08-28,1,REF001,90
2024-08-28,1,REF001,32
2024-08-28,2,REF002,13
2024-08-28,3,REF003,88
2024-08-28,3,REF003,53
2024-08-28,3,REF003,13
2024-08-28,3,REF003,13
2024-08-28,3,REF003,49
2024-08-28,4,REF004,58
2024-08-28,4,REF004,75
2024-08-28,4,REF004,21
2024-08-28,4,REF004,52
2024-08-28,4,REF004,72
2024-08-28,5,REF005,98
2024-08-28,6,REF006,43
2024-08-28,6,REF006,83
2024-08-28,7,REF007,57
2024-08-28,7,REF007,87
2024-08-28,7,REF007,29
2024-08-28,8,REF008,26
2024-08-28,8,REF008,93
2024-08-28,9,REF009,64
2024-08-28,9,REF009,99
2024-08-28,10,REF010,44
2024-08-28,10,REF010,67
2024-08-28,11,REF011,76
2024-08-28,11,REF011,48
2024-08-28,12,REF012,9
2024-08-28,12,REF012,93
2024-08-28,12,REF012,40
2024-08-28,13,REF013,84
2024-08-28,13,REF013,57
2024-08-28,15,REF015,49
2024-08-28,15,REF015,2
2024-08-28,15,REF015,42
2024-08-28,15,REF015,74
2024-08-28,15,REF015,48
2024-08-28,16,REF016,45
2024-08-28,16,REF016,76
2024-08-28,16,REF016,22
2024-08-28,16,REF016,13
2024-08-28,17,REF017,22
2024-08-28,18,REF018,10
2024-08-28,18,REF018,20
2024-08-28,18,REF018,34
2024-08-28,19,REF019,27
2024-08-29,1,REF001,60
2024-08-29,1,REF001,65
2024-08-29,1,REF001,47
2024-08-29,1,REF001,48
2024-08-29,1,REF001,52
2024-08-29,2,REF002,96
2024-08-29,2,REF002,67
2024-08-29,2,REF002,25
2024-08-29,2,REF002,29
2024-08-29,3,REF003,88
2024-08-29,4,REF004,79
2024-08-29,4,REF004,4
2024-08-29,4,REF004,78
2024-08-29,5,REF005,23
2024-08-29,5,REF005,6
2024-08-29,5,REF005,69
2024-08-29,5,REF005,51
2024-08-29,5,REF005,62
2024-08-29,6,REF006,12
2024-08-29,6,REF006,45
2024-08-29,7,REF007,52
2024-08-29,7,REF007,13
2024-08-29,7,REF007,20
2024-08-29,7,REF007,82
2024-08-29,8,REF008,58
2024-08-29,8,REF008,49
2024-08-29,8,REF008,23
2024-08-29,9,REF009,10
2024-08-29,9,REF009,76
2024-08-29,9,REF009,71
2024-08-29,10,REF010,97
2024-08-29,10,REF010,38
2024-08-29,11,REF011,27
2024-08-29,11,REF011,86
2024-08-29,11,REF011,80
2024-08-29,12,REF012,61
2024-08-29,12,REF012,32
2024-08-29,13,REF013,39
2024-08-29,13,REF013,53
2024-08-29,13,REF013,57
2024-08-29,14,REF014,94
2024-08-29,14,REF014,26
2024-08-29,14,REF014,95
2024-08-29,14,REF014,81
2024-08-29,14,REF014,29
2024-08-29,15,REF015,26
2024-08-29,15,REF015,56
2024-08-29,15,REF015,30
2024-08-29,16,REF016,100
2024-08-29,16,REF016,48
2024-08-29,16,REF016,78
2024-08-29,17,REF017,6
2024-08-29,17,REF017,87
2024-08-29,17,REF017,73
2024-08-29,17,REF017,66
2024-08-29,18,REF018,14
2024-08-29,18,REF018,1
2024-08-29,19,REF019,69
2024-08-29,19,REF019,97
2024-08-29,20,REF020,92
2024-08-29,20,REF020,69
2024-08-29,20,REF020,89
2024-08-30,1,REF001,98
2024-08-30,1,REF001,84
2024-08-30,1,REF001,67
2024-08-30,2,REF002,55
2024-08-30,2,REF002,50
2024-08-30,2,REF002,11
2024-08-30,2,REF002,68
2024-08-30,5,REF005,98
2024-08-30,5,REF005,16
2024-08-30,6,REF006,8
2024-08-30,7,REF007,65
2024-08-30,7,REF007,44
2024-08-30,8,REF008,50
2024-08-30,8,REF008,74
2024-08-30,8,REF008,36
2024-08-30,9,REF009,13
2024-08-30,10,REF010,73
2024-08-30,10,REF010,98
2024-08-30,11,REF011,95
2024-08-30,11,REF011,21
2024-08-30,11,REF011,6
2024-08-30,11,REF011,80
2024-08-30,12,REF012,5
2024-08-30,12,REF012,15
2024-08-30,12,REF012,48
2024-08-30,12,REF012,29
2024-08-30,13,REF013,38
2024-08-30,13,REF013,74
2024-08-30,13,REF013,74
2024-08-30,14,REF014,41
2024-08-30,14,REF014,42
2024-08-30,14,REF014,54
2024-08-30,16,REF016,91
2024-08-30,16,REF016,14
2024-08-30,16,REF016,34
2024-08-30,17,REF017,87
2024-08-30,17,REF017,99
2024-08-30,17,REF017,82
2024-08-30,17,REF017,60
2024-08-30,18,REF018,18
2024-08-30,18,REF018,86
2024-08-30,19,REF019,35
2024-08-30,19,REF019,22
2024-08-30,20,REF020,93
2024-08-30,20,REF020,84
2024-08-30,20,REF020,85
2024-08-31,1,REF001,42
2024-08-31,1,REF001,95
2024-08-31,1,REF001,33
2024-08-31,2,REF002,80
2024-08-31,2,REF002,88
2024-08-31,2,REF002,32
2024-08-31,2,REF002,98
2024-08-31,2,REF002,24
2024-08-31,2,REF002,76
2024-08-31,2,REF002,93
2024-08-31,2,REF002,39
2024-08-31,3,REF003,75
2024-08-31,4,REF004,28
2024-08-31,4,REF004,31
2024-08-31,4,REF004,34
2024-08-31,4,REF004,9
2024-08-31,5,REF005,88
2024-08-31,5,REF005,53
2024-08-31,5,REF005,51
2024-08-31,5,REF005,81
2024-08-31,5,REF005,45
2024-08-31,6,REF006,46
2024-08-31,6,REF006,1
2024-08-31,7,REF007,40
2024-08-31,7,REF007,8
2024-08-31,7,REF007,73
2024-08-31,7,REF007,2
2024-08-31,7,REF007,30
2024-08-31,8,REF008,35
2024-08-31,8,REF008,9
2024-08-31,8,REF008,6
2024-08-31,8,REF008,35
2024-08-31,9,REF009,9
2024-08-31,9,REF009,81
2024-08-31,9,REF009,36
2024-08-31,9,REF009,20
2024-08-31,10,REF010,92
2024-08-31,10,REF010,63
2024-08-31,10,REF010,86
2024-08-31,10,REF010,50
2024-08-31,11,REF011,15
2024-08-31,11,REF011,75
2024-08-31,12,REF012,5
2024-08-31,13,REF013,17
2024-08-31,13,REF013,11
2024-08-31,13,REF013,24
2024-08-31,14,REF014,43
2024-08-31,15,REF015,19
2024-08-31,16,REF016,94
2024-08-31,16,REF016,47
2024-08-31,16,REF016,25
2024-08-31,17,REF017,86
2024-08-31,17,REF017,85
2024-08-31,17,REF017,44
2024-08-31,17,REF017,71
2024-08-31,17,REF017,55
2024-08-31,18,REF018,58
2024-08-31,18,REF018,39
2024-08-31,18,REF018,84
2024-08-31,18,REF018,46
2024-08-31,20,REF020,26
2024-08-31,20,REF020,65
2024-08-31,20,REF020,45
2024-09-01,1,REF001,49
2024-09-01,1,REF001,40
2024-09-01,2,REF002,89
2024-09-01,2,REF002,54
2024-09-01,2,REF002,22
2024-09-01,3,REF003,25
2024-09-01,3,REF003,79
2024-09-01,3,REF003,81
2024-09-01,3,REF003,79
2024-09-01,3,REF003,98
2024-09-01,3,REF003,13
2024-09-01,4,REF004,93
2024-09-01,5,REF005,63
2024-09-01,5,REF005,56
2024-09-01,6,REF006,97
2024-09-01,6,REF006,51
2024-09-01,9,REF009,64
2024-09-01,9,REF009,88
2024-09-01,10,REF010,30
2024-09-01,10,REF010,1
2024-09-01,10,REF010,9
2024-09-01,10,REF010,21
2024-09-01,11,REF011,63
2024-09-01,12,REF012,10
2024-09-01,12,REF012,48
2024-09-01,12,REF012,61
2024-09-01,13,REF013,53
2024-09-01,13,REF013,91
2024-09-01,13,REF013,98
2024-09-01,13,REF013,50
2024-09-01,13,REF013,78
2024-09-01,14,REF014,4
2024-09-01,14,REF014,30
2024-09-01,15,REF015,32
2024-09-01,15,REF015,54
2024-09-01,16,REF016,88
2024-09-01,16,REF016,52
2024-09-01,17,REF017,16
2024-09-01,18,REF018,74
2024-09-01,19,REF019,33
2024-09-01,19,REF019,3
2024-09-01,20,REF020,96
2024-09-01,20,REF020,43
2024-09-01,20,REF020,90
2024-09-01,20,REF020,35
2024-09-01,20,REF020,12
2024-09-02,1,REF001,3
2024-09-02,1,REF001,95
2024-09-02,2,REF002,52
2024-09-02,2,REF002,44
2024-09-02,3,REF003,25
2024-09-02,3,REF003,78
2024-09-02,3,REF003,82
2024-09-02,3,REF003,11
2024-09-02,4,REF004,38
2024-09-02,4,REF004,12
2024-09-02,4,REF004,86
2024-09-02,4,REF004,88
2024-09-02,4,REF004,37
2024-09-02,5,REF005,83
2024-09-02,6,REF006,19
2024-09-02,6,REF006,40
2024-09-02,6,REF006,1
2024-09-02,6,REF006,80
2024-09-02,6,REF006,17
2024-09-02,7,REF007,32
2024-09-02,7,REF007,97
2024-09-02,8,REF008,77
2024-09-02,8,REF008,59
2024-09-02,8,REF008,96
2024-09-02,9,REF009,31
2024-09-02,9,REF009,48
2024-09-02,9,REF009,80
2024-09-02,10,REF010,24
2024-09-02,10,REF010,23
2024-09-02,10,REF010,74
2024-09-02,12,REF012,47
2024-09-02,12,REF012,84
2024-09-02,12,REF012,78
2024-09-02,13,REF013,75
2024-09-02,13,REF013,41
2024-09-02,13,REF013,24
2024-09-02,14,REF014,58
2024-09-02,14,REF014,85
2024-09-02,14,REF014,26
2024-09-02,15,REF015,45
2024-09-02,15,REF015,28
2024-09-02,16,REF016,28
2024-09-02,16,REF016,39
2024-09-02,16,REF016,72
2024-09-02,16,REF016,71
2024-09-02,16,REF016,61
2024-09-02,16,REF016,25
2024-09-02,16,REF016,63
2024-09-02,17,REF017,63
2024-09-02,17,REF017,34
2024-09-02,17,REF017,59
2024-09-02,17,REF017,61
2024-09-02,17,REF017,49
2024-09-02,18,REF018,39
2024-09-02,18,REF018,4
2024-09-02,19,REF019,83
2024-09-02,19,REF019,65
2024-09-02,19,REF019,55
2024-09-02,19,REF019,18
2024-09-02,20,REF020,22
2024-09-02,20,REF020,29
2024-09-02,20,REF020,29
2024-09-02,20,REF020,50
2024-09-02,20,REF020,43
2024-09-03,1,REF001,21
2024-09-03,1,REF001,50
2024-09-03,1,REF001,3
2024-09-03,1,REF001,53
2024-09-03,1,REF001,10
2024-09-03,2,REF002,66
2024-09-03,2,REF002,88
2024-09-03,2,REF002,68
2024-09-03,2,REF002,41
2024-09-03,2,REF002,26
2024-09-03,2,REF002,3
2024-09-03,3,REF003,10
2024-09-03,3,REF003,78
2024-09-03,3,REF003,35
2024-09-03,3,REF003,16
2024-09-03,4,REF004,93
2024-09-03,4,REF004,76
2024-09-03,4,REF004,45
2024-09-03,4,REF004,36
2024-09-03,5,REF005,53
2024-09-03,5,REF005,85
2024-09-03,5,REF005,5
2024-09-03,5,REF005,97
2024-09-03,6,REF006,29
2024-09-03,6,REF006,46
2024-09-03,6,REF006,8
2024-09-03,7,REF007,54
2024-09-03,7,REF007,7
2024-09-03,7,REF007,84
2024-09-03,8,REF008,10
2024-09-03,8,REF008,53
2024-09-03,8,REF008,12
2024-09-03,8,REF008,86
2024-09-03,8,REF008,30
2024-09-03,9,REF009,99
2024-09-03,10,REF010,22
2024-09-03,10,REF010,20
2024-09-03,10,REF010,23
2024-09-03,11,REF011,75
2024-09-03,11,REF011,33
2024-09-03,11,REF011,11
2024-09-03,11,REF011,38
2024-09-03,11,REF011,58
2024-09-03,12,REF012,52
2024-09-03,13,REF013,45
2024-09-03,13,REF013,40
2024-09-03,13,REF013,68
2024-09-03,13,REF013,73
2024-09-03,14,REF014,54
2024-09-03,15,REF015,81
2024-09-03,15,REF015,43
2024-09-03,16,REF016,2
2024-09-03,17,REF017,50
2024-09-03,17,REF017,32
2024-09-03,18,REF018,44
2024-09-03,18,REF018,68
2024-09-03,19,REF019,63
2024-09-03,19,REF019,96
2024-09-03,20,REF020,33
2024-09-03,20,REF020,41
2024-09-03,20,REF020,23
2024-09-04,2,REF002,14
2024-09-04,2,REF002,94
2024-09-04,2,REF002,63
2024-09-04,2,REF002,100
2024-09-04,3,REF003,85
2024-09-04,3,REF003,31
2024-09-04,4,REF004,9
2024-09-04,4,REF004,95
2024-09-04,4,REF004,48
2024-09-04,5,REF005,60
2024-09-04,5,REF005,41
2024-09-04,5,REF005,53
2024-09-04,5,REF005,61
2024-09-04,5,REF005,23
2024-09-04,6,REF006,3
2024-09-04,6,REF006,21
2024-09-04,6,REF006,25
2024-09-04,6,REF006,48
2024-09-04,8,REF008,11
2024-09-04,8,REF008,35
2024-09-04,8,REF008,69
2024-09-04,9,REF009,100
2024-09-04,9,REF009,47
2024-09-04,10,REF010,78
2024-09-04,10,REF010,49
2024-09-04,11,REF011,31
2024-09-04,11,REF011,72
2024-09-04,11,REF011,23
2024-09-04,11,REF011,27
2024-09-04,12,REF012,26
2024-09-04,12,REF012,33
2024-09-04,13,REF013,68
2024-09-04,13,REF013,3
2024-09-04,14,REF014,26
2024-09-04,14,REF014,47
2024-09-04,14,REF014,35
2024-09-04,14,REF014,95
2024-09-04,14,REF014,45
2024-09-04,14,REF014,89
2024-09-04,17,REF017,27
2024-09-04,17,REF017,75
2024-09-04,17,REF017,59
2024-09-04,18,REF018,90
2024-09-04,19,REF019,21
2024-09-04,19,REF019,85
2024-09-04,19,REF019,85
2024-09-04,19,REF019,49
2024-09-04,20,REF020,4
2024-09-04,20,REF020,10
2024-09-04,20,REF020,38
2024-09-05,1,REF001,92
2024-09-05,1,REF001,47
2024-09-05,1,REF001,97
2024-09-05,2,REF002,33
2024-09-05,2,REF002,9
2024-09-05,2,REF002,76
2024-09-05,3,REF003,85
2024-09-05,3,REF003,59
2024-09-05,3,REF003,53
2024-09-05,3,REF003,29
2024-09-05,4,REF004,78
2024-09-05,4,REF004,85
2024-09-05,4,REF004,63
2024-09-05,4,REF004,76
2024-09-05,5,REF005,26
2024-09-05,5,REF005,91
2024-09-05,5,REF005,54
2024-09-05,6,REF006,9
2024-09-05,6,REF006,14
2024-09-05,6,REF006,7
2024-09-05,6,REF006,69
2024-09-05,7,REF007,82
2024-09-05,7,REF007,83
2024-09-05,8,REF008,94
2024-09-05,8,REF008,42
2024-09-05,9,REF009,52
2024-09-05,9,REF009,54
2024-09-05,10,REF010,55
2024-09-05,10,REF010,47
2024-09-05,10,REF010,43
2024-09-05,10,REF010,63
2024-09-05,11,REF011,53
2024-09-05,11,REF011,14
2024-09-05,11,REF011,38
2024-09-05,11,REF011,1
2024-09-05,11,REF011,81
2024-09-05,12,REF012,98
2024-09-05,12,REF012,83
2024-09-05,12,REF012,26
2024-09-05,12,REF012,83
2024-09-05,13,REF013,30
2024-09-05,13,REF013,65
2024-09-05,14,REF014,3
2024-09-05,14,REF014,27
2024-09-05,14,REF014,74
2024-09-05,14,REF014,5
2024-09-05,14,REF014,63
2024-09-05,15,REF015,37
2024-09-05,15,REF015,12
2024-09-05,15,REF015,79
2024-09-05,15,REF015,96
2024-09-05,16,REF016,72
2024-09-05,16,REF016,13
2024-09-05,16,REF016,83
2024-09-05,16,REF016,68
2024-09-05,17,REF017,85
2024-09-05,17,REF017,51
2024-09-05,18,REF018,64
2024-09-05,18,REF018,92
2024-09-05,19,REF019,89
2024-09-05,19,REF019,69
2024-09-05,19,REF019,27
2024-09-05,19,REF019,49
2024-09-05,19,REF019,40
2024-09-05,19,REF019,39
2024-09-05,19,REF019,59
2024-09-05,19,REF019,17
2024-09-05,20,REF020,43
2024-09-05,20,REF020,1
2024-09-06,1,REF001,99
2024-09-06,1,REF001,70
2024-09-06,1,REF001,47
2024-09-06,2,REF002,25
2024-09-06,2,REF002,45
2024-09-06,2,REF002,23
2024-09-06,2,REF002,84
2024-09-06,2,REF002,89
2024-09-06,2,REF002,50
2024-09-06,3,REF003,7
2024-09-06,4,REF004,28
2024-09-06,5,REF005,96
2024-09-06,5,REF005,33
2024-09-06,5,REF005,35
2024-09-06,5,REF005,91
2024-09-06,5,REF005,40
2024-09-06,6,REF006,2
2024-09-06,6,REF006,88
2024-09-06,6,REF006,17
2024-09-06,6,REF006,69
2024-09-06,6,REF006,3
2024-09-06,7,REF007,35
2024-09-06,7,REF007,89
2024-09-06,7,REF007,73
2024-09-06,7,REF007,50
2024-09-06,7,REF007,73
2024-09-06,7,REF007,77
2024-09-06,7,REF007,32
2024-09-06,7,REF007,25
2024-09-06,8,REF008,40
2024-09-06,9,REF009,48
2024-09-06,9,REF009,48
2024-09-06,9,REF009,10
2024-09-06,9,REF009,99
2024-09-06,9,REF009,66
2024-09-06,10,REF010,33
2024-09-06,10,REF010,32
2024-09-06,10,REF010,12
2024-09-06,10,REF010,68
2024-09-06,11,REF011,54
2024-09-06,11,REF011,43
2024-09-06,11,REF011,52
2024-09-06,11,REF011,81
2024-09-06,11,REF011,23
2024-09-06,12,REF012,70
2024-09-06,12,REF012,27
2024-09-06,13,REF013,90
2024-09-06,13,REF013,25
2024-09-06,14,REF014,95
2024-09-06,14,REF014,39
2024-09-06,14,REF014,74
2024-09-06,15,REF015,59
2024-09-06,16,REF016,42
2024-09-06,16,REF016,6
2024-09-06,17,REF017,19
2024-09-06,18,REF018,5
2024-09-06,18,REF018,73
2024-09-06,19,REF019,89
2024-09-06,19,REF019,23
2024-09-06,19,REF019,16
2024-09-06,20,REF020,2
2024-09-06,20,REF020,95
2024-09-06,20,REF020,24
2024-09-07,1,REF001,50
2024-09-07,1,REF001,96
2024-09-07,1,REF001,65
2024-09-07,1,REF001,72
2024-09-07,2,REF002,30
2024-09-07,2,REF002,100
2024-09-07,2,REF002,59
2024-09-07,3,REF003,95
2024-09-07,3,REF003,89
2024-09-07,3,REF003,60
2024-09-07,3,REF003,32
2024-09-07,4,REF004,70
2024-09-07,5,REF005,58
2024-09-07,5,REF005,85
2024-09-07,5,REF005,95
2024-09-07,5,REF005,97
2024-09-07,6,REF006,28
2024-09-07,7,REF007,61
2024-09-07,7,REF007,74
2024-09-07,8,REF008,81
2024-09-07,8,REF008,1
2024-09-07,8,REF008,75
2024-09-07,9,REF009,95
2024-09-07,9,REF009,13
2024-09-07,9,REF009,90
2024-09-07,9,REF009,86
2024-09-07,10,REF010,37
2024-09-07,10,REF010,55
2024-09-07,10,REF010,96
2024-09-07,11,REF011,28
2024-09-07,11,REF011,3
2024-09-07,11,REF011,92
2024-09-07,12,REF012,75
2024-09-07,12,REF012,57
2024-09-07,12,REF012,49
2024-09-07,13,REF013,3
2024-09-07,13,REF013,27
2024-09-07,13,REF013,61
2024-09-07,13,REF013,95
2024-09-07,13,REF013,76
2024-09-07,14,REF014,70
2024-09-07,16,REF016,5
2024-09-07,16,REF016,33
2024-09-07,16,REF016,44
2024-09-07,17,REF017,39
2024-09-07,17,REF017,21
2024-09-07,17,REF017,96
2024-09-07,17,REF017,84
2024-09-07,18,REF018,27
2024-09-07,18,REF018,10
2024-09-07,18,REF018,22
2024-09-07,18,REF018,60
2024-09-07,18,REF018,81
2024-09-07,19,REF019,27
2024-09-07,19,REF019,93
2024-09-07,19,REF019,22
2024-09-07,20,REF020,53
2024-09-07,20,REF020,20
2024-09-07,20,REF020,53
2024-09-08,1,REF001,71
2024-09-08,1,REF001,17
2024-09-08,1,REF001,4
2024-09-08,1,REF001,7
2024-09-08,2,REF002,35
2024-09-08,3,REF003,4
2024-09-08,4,REF004,20
2024-09-08,4,REF004,52
2024-09-08,4,REF004,47
2024-09-08,5,REF005,15
2024-09-08,5,REF005,15
2024-09-08,5,REF005,18
2024-09-08,5,REF005,7
2024-09-08,5,REF005,18
2024-09-08,5,REF005,45
2024-09-08,6,REF006,93
2024-09-08,6,REF006,12
2024-09-08,7,REF007,18
2024-09-08,8,REF008,60
2024-09-08,8,REF008,49
2024-09-08,9,REF009,17
2024-09-08,9,REF009,19
2024-09-08,9,REF009,95
2024-09-08,9,REF009,16
2024-09-08,9,REF009,94
2024-09-08,10,REF010,33
2024-09-08,10,REF010,31
2024-09-08,10,REF010,85
2024-09-08,11,REF011,51
2024-09-08,11,REF011,3
2024-09-08,11,REF011,88
2024-09-08,11,REF011,86
2024-09-08,11,REF011,70
2024-09-08,12,REF012,85
2024-09-08,12,REF012,6
2024-09-08,12,REF012,56
2024-09-08,13,REF013,34
2024-09-08,13,REF013,83
2024-09-08,13,REF013,73
2024-09-08,13,REF013,54
2024-09-08,13,REF013,37
2024-09-08,13,REF013,22
2024-09-08,14,REF014,44
2024-09-08,15,REF015,78
2024-09-08,15,REF015,5
2024-09-08,15,REF015,79
2024-09-08,16,REF016,83
2024-09-08,16,REF016,96
2024-09-08,17,REF017,54
2024-09-08,17,REF017,54
2024-09-08,19,REF019,70
2024-09-08,19,REF019,78
2024-09-08,20,REF020,54
2024-09-08,20,REF020,31
2024-09-08,20,REF020,10
2024-09-09,1,REF001,12
2024-09-09,1,REF001,48
2024-09-09,1,REF001,9
2024-09-09,1,REF001,95
2024-09-09,2,REF002,89
2024-09-09,2,REF002,38
2024-09-09,2,REF002,10
2024-09-09,2,REF002,79
2024-09-09,2,REF002,51
2024-09-09,2,REF002,83
2024-09-09,2,REF002,69
2024-09-09,2,REF002,95
2024-09-09,3,REF003,47
2024-09-09,3,REF003,89
2024-09-09,3,REF003,74
2024-09-09,4,REF004,27
2024-09-09,4,REF004,68
2024-09-09,5,REF005,64
2024-09-09,5,REF005,71
2024-09-09,5,REF005,91
2024-09-09,6,REF006,44
2024-09-09,7,REF007,60
2024-09-09,7,REF007,79
2024-09-09,7,REF007,59
2024-09-09,7,REF007,2
2024-09-09,8,REF008,3
2024-09-09,9,REF009,8
2024-09-09,9,REF009,64
2024-09-09,9,REF009,52
2024-09-09,9,REF009,53
2024-09-09,9,REF009,80
2024-09-09,9,REF009,47
2024-09-09,10,REF010,69
2024-09-09,10,REF010,76
2024-09-09,10,REF010,69
2024-09-09,11,REF011,66
2024-09-09,11,REF011,61
2024-09-09,11,REF011,77
2024-09-09,11,REF011,88
2024-09-09,12,REF012,48
2024-09-09,12,REF012,95
2024-09-09,13,REF013,59
2024-09-09,13,REF013,40
2024-09-09,14,REF014,45
2024-09-09,15,REF015,38
2024-09-09,15,REF015,14
2024-09-09,16,REF016,48
2024-09-09,16,REF016,48
2024-09-09,16,REF016,75
2024-09-09,16,REF016,64
2024-09-09,16,REF016,54
2024-09-09,17,REF017,15
2024-09-09,19,REF019,21
2024-09-09,20,REF020,60
2024-09-09,20,REF020,48
2024-09-09,20,REF020,14
2024-09-10,1,REF001,10
2024-09-10,1,REF001,44
2024-09-10,1,REF001,100
2024-09-10,1,REF001,85
2024-09-10,1,REF001,32
2024-09-10,1,REF001,73
2024-09-10,2,REF002,25
2024-09-10,4,REF004,10
2024-09-10,4,REF004,75
2024-09-10,4,REF004,79
2024-09-10,5,REF005,84
2024-09-10,6,REF006,18
2024-09-10,6,REF006,87
2024-09-10,6,REF006,18
2024-09-10,7,REF007,49
2024-09-10,7,REF007,81
2024-09-10,7,REF007,69
2024-09-10,7,REF007,56
2024-09-10,7,REF007,83
2024-09-10,7,REF007,49
2024-09-10,8,REF008,28
2024-09-10,8,REF008,87
2024-09-10,8,REF008,74
2024-09-10,8,REF008,55
2024-09-10,9,REF009,51
2024-09-10,9,REF009,100
2024-09-10,9,REF009,60
2024-09-10,9,REF009,35
2024-09-10,9,REF009,18
2024-09-10,10,REF010,64
2024-09-10,10,REF010,83
2024-09-10,10,REF010,17
2024-09-10,10,REF010,40
2024-09-10,10,REF010,89
2024-09-10,11,REF011,77
2024-09-10,11,REF011,24
2024-09-10,11,REF011,100
2024-09-10,12,REF012,83
2024-09-10,13,REF013,27
2024-09-10,13,REF013,25
2024-09-10,13,REF013,69
2024-09-10,13,REF013,98
2024-09-10,13,REF013,29
2024-09-10,14,REF014,44
2024-09-10,14,REF014,80
2024-09-10,14,REF014,85
2024-09-10,15,REF015,5
2024-09-10,15,REF015,91
2024-09-10,15,REF015,18
2024-09-10,15,REF015,46
2024-09-10,16,REF016,47
2024-09-10,16,REF016,69
2024-09-10,16,REF016,45
2024-09-10,17,REF017,83
2024-09-10,18,REF018,80
2024-09-10,20,REF020,61
2024-09-10,20,REF020,29
2024-09-10,20,REF020,8
2024-09-11,1,REF001,81
2024-09-11,1,REF001,64
2024-09-11,2,REF002,65
2024-09-11,2,REF002,66
2024-09-11,2,REF002,39
2024-09-11,3,REF003,26
2024-09-11,3,REF003,80
2024-09-11,4,REF004,80
2024-09-11,4,REF004,96
2024-09-11,4,REF004,100
2024-09-11,4,REF004,88
2024-09-11,4,REF004,4
2024-09-11,5,REF005,49
2024-09-11,5,REF005,74
2024-09-11,5,REF005,14
2024-09-11,5,REF005,84
2024-09-11,5,REF005,78
2024-09-11,6,REF006,81
2024-09-11,7,REF007,59
2024-09-11,7,REF007,83
2024-09-11,8,REF008,47
2024-09-11,9,REF009,96
2024-09-11,10,REF010,75
2024-09-11,11,REF011,5
2024-09-11,11,REF011,22
2024-09-11,11,REF011,64
2024-09-11,12,REF012,74
2024-09-11,13,REF013,41
2024-09-11,13,REF013,95
2024-09-11,14,REF014,83
2024-09-11,14,REF014,66
2024-09-11,14,REF014,19
2024-09-11,15,REF015,33
2024-09-11,15,REF015,82
2024-09-11,15,REF015,32
2024-09-11,15,REF015,47
2024-09-11,16,REF016,27
2024-09-11,18,REF018,65
2024-09-11,18,REF018,41
2024-09-11,18,REF018,32
2024-09-11,18,REF018,20
2024-09-11,18,REF018,50
2024-09-11,18,REF018,54
2024-09-11,19,REF019,87
2024-09-11,19,REF019,50
2024-09-11,20,REF020,62
2024-09-11,20,REF020,21
2024-09-11,20,REF020,61
2024-09-12,1,REF001,9
2024-09-12,1,REF001,17
2024-09-12,1,REF001,41
2024-09-12,1,REF001,25
2024-09-12,2,REF002,6
2024-09-12,2,REF002,21
2024-09-12,2,REF002,7
2024-09-12,2,REF002,13
2024-09-12,3,REF003,36
2024-09-12,4,REF004,83
2024-09-12,4,REF004,26
2024-09-12,4,REF004,33
2024-09-12,5,REF005,87
2024-09-12,5,REF005,67
2024-09-12,6,REF006,98
2024-09-12,6,REF006,88
2024-09-12,6,REF006,69
2024-09-12,8,REF008,53
2024-09-12,8,REF008,17
2024-09-12,9,REF009,5
2024-09-12,9,REF009,27
2024-09-12,10,REF010,20
2024-09-12,10,REF010,82
2024-09-12,11,REF011,68
2024-09-12,11,REF011,77
2024-09-12,11,REF011,16
2024-09-12,11,REF011,18
2024-09-12,11,REF011,37
2024-09-12,11,REF011,61
2024-09-12,12,REF012,32
2024-09-12,12,REF012,78
2024-09-12,12,REF012,82
2024-09-12,12,REF012,89
2024-09-12,13,REF013,26
2024-09-12,13,REF013,53
2024-09-12,13,REF013,36
2024-09-12,14,REF014,34
2024-09-12,14,REF014,36
2024-09-12,14,REF014,58
2024-09-12,14,REF014,23
2024-09-12,16,REF016,43
2024-09-12,17,REF017,82
2024-09-12,17,REF017,68
2024-09-12,17,REF017,36
2024-09-12,17,REF017,26
2024-09-12,18,REF018,26
2024-09-12,18,REF018,3
2024-09-12,19,REF019,59
2024-09-12,19,REF019,80
2024-09-12,20,REF020,59
2024-09-12,20,REF020,16
2024-09-12,20,REF020,20
2024-09-12,20,REF020,22
2024-09-12,20,REF020,50
2024-09-12,20,REF020,14
2024-09-13,1,REF001,16
2024-09-13,1,REF001,16
2024-09-13,1,REF001,49
2024-09-13,2,REF002,71
2024-09-13,2,REF002,18
2024-09-13,2,REF002,80
2024-09-13,2,REF002,64
2024-09-13,3,REF003,96
2024-09-13,3,REF003,17
2024-09-13,3,REF003,68
2024-09-13,4,REF004,19
2024-09-13,5,REF005,83
2024-09-13,5,REF005,50
2024-09-13,5,REF005,5
2024-09-13,5,REF005,35
2024-09-13,5,REF005,28
2024-09-13,5,REF005,53
2024-09-13,6,REF006,35
2024-09-13,6,REF006,31
2024-09-13,6,REF006,28
2024-09-13,6,REF006,22
2024-09-13,8,REF008,92
2024-09-13,8,REF008,68
2024-09-13,8,REF008,27
2024-09-13,10,REF010,95
2024-09-13,10,REF010,21
2024-09-13,10,REF010,43
2024-09-13,10,REF010,3
2024-09-13,11,REF011,90
2024-09-13,11,REF011,13
2024-09-13,11,REF011,78
2024-09-13,12,REF012,27
2024-09-13,12,REF012,98
2024-09-13,12,REF012,34
2024-09-13,12,REF012,37
2024-09-13,12,REF012,13
2024-09-13,13,REF013,69
2024-09-13,14,REF014,90
2024-09-13,14,REF014,1
2024-09-13,15,REF015,19
2024-09-13,15,REF015,74
2024-09-13,15,REF015,45
2024-09-13,16,REF016,78
2024-09-13,16,REF016,57
2024-09-13,16,REF016,69
2024-09-13,17,REF017,99
2024-09-13,17,REF017,86
2024-09-13,17,REF017,79
2024-09-13,18,REF018,97
2024-09-13,18,REF018,76
2024-09-13,18,REF018,32
2024-09-13,18,REF018,75
2024-09-13,19,REF019,54
2024-09-13,19,REF019,55
2024-09-13,19,REF019,83
2024-09-13,19,REF019,4
2024-09-13,19,REF019,26
2024-09-13,19,REF019,6
2024-09-13,20,REF020,100
2024-09-13,20,REF020,29
2024-09-13,20,REF020,38
2024-09-14,1,REF001,58
2024-09-14,2,REF002,44
2024-09-14,2,REF002,46
2024-09-14,3,REF003,52
2024-09-14,3,REF003,25
2024-09-14,4,REF004,30
2024-09-14,4,REF004,19
2024-09-14,4,REF004,42
2024-09-14,4,REF004,95
2024-09-14,5,REF005,9
2024-09-14,5,REF005,6
2024-09-14,5,REF005,17
2024-09-14,6,REF006,88
2024-09-14,6,REF006,9
2024-09-14,6,REF006,64
2024-09-14,6,REF006,50
2024-09-14,6,REF006,1
2024-09-14,6,REF006,79
2024-09-14,6,REF006,80
2024-09-14,6,REF006,18
2024-09-14,7,REF007,23
2024-09-14,8,REF008,85
2024-09-14,8,REF008,48
2024-09-14,9,REF009,94
2024-09-14,9,REF009,39
2024-09-14,9,REF009,45
2024-09-14,10,REF010,57
2024-09-14,12,REF012,50
2024-09-14,12,REF012,80
2024-09-14,13,REF013,7
2024-09-14,14,REF014,38
2024-09-14,14,REF014,61
2024-09-14,15,REF015,65
2024-09-14,15,REF015,60
2024-09-14,15,REF015,1
2024-09-14,15,REF015,7
2024-09-14,15,REF015,69
2024-09-14,16,REF016,57
2024-09-14,16,REF016,15
2024-09-14,16,REF016,21
2024-09-14,16,REF016,54
2024-09-14,16,REF016,45
2024-09-14,17,REF017,33
2024-09-14,17,REF017,34
2024-09-14,17,REF017,74
2024-09-14,17,REF017,88
2024-09-14,19,REF019,23
2024-09-14,19,REF019,66
2024-09-14,19,REF019,27
2024-09-15,1,REF001,9
2024-09-15,1,REF001,80
2024-09-15,1,REF001,45
2024-09-15,2,REF002,8
2024-09-15,2,REF002,36
2024-09-15,3,REF003,51
2024-09-15,4,REF004,86
2024-09-15,4,REF004,91
2024-09-15,4,REF004,92
2024-09-15,4,REF004,89
2024-09-15,4,REF004,96
2024-09-15,5,REF005,50
2024-09-15,5,REF005,54
2024-09-15,5,REF005,90
2024-09-15,5,REF005,72
2024-09-15,5,REF005,96
2024-09-15,6,REF006,2
2024-09-15,6,REF006,71
2024-09-15,7,REF007,55
2024-09-15,8,REF008,22
2024-09-15,8,REF008,19
2024-09-15,9,REF009,41
2024-09-15,9,REF009,31
2024-09-15,9,REF009,62
2024-09-15,10,REF010,57
2024-09-15,10,REF010,72
2024-09-15,10,REF010,48
2024-09-15,10,REF010,98
2024-09-15,11,REF011,94
2024-09-15,12,REF012,96
2024-09-15,12,REF012,61
2024-09-15,12,REF012,32
2024-09-15,13,REF013,60
2024-09-15,13,REF013,35
2024-09-15,14,REF014,63
2024-09-15,14,REF014,9
2024-09-15,14,REF014,87
2024-09-15,15,REF015,34
2024-09-15,15,REF015,100
2024-09-15,15,REF015,64
2024-09-15,15,REF015,16
2024-09-15,16,REF016,58
2024-09-15,16,REF016,53
2024-09-15,17,REF017,85
2024-09-15,17,REF017,81
2024-09-15,17,REF017,81
2024-09-15,18,REF018,7
2024-09-15,18,REF018,92
2024-09-15,20,REF020,98
2024-09-15,20,REF020,56
2024-09-15,20,REF020,55
2024-09-15,20,REF020,48
2024-09-16,1,REF001,50
2024-09-16,1,REF001,90
2024-09-16,1,REF001,97
2024-09-16,2,REF002,9
2024-09-16,2,REF002,15
2024-09-16,2,REF002,33
2024-09-16,2,REF002,47
2024-09-16,2,REF002,57
2024-09-16,3,REF003,79
2024-09-16,3,REF003,31
2024-09-16,3,REF003,19
2024-09-16,5,REF005,13
2024-09-16,5,REF005,54
2024-09-16,5,REF005,64
2024-09-16,5,REF005,38
2024-09-16,5,REF005,4
2024-09-16,5,REF005,65
2024-09-16,6,REF006,70
2024-09-16,7,REF007,94
2024-09-16,7,REF007,47
2024-09-16,7,REF007,69
2024-09-16,8,REF008,66
2024-09-16,8,REF008,95
2024-09-16,8,REF008,79
2024-09-16,9,REF009,36
2024-09-16,9,REF009,29
2024-09-16,10,REF010,30
2024-09-16,10,REF010,7
2024-09-16,10,REF010,87
2024-09-16,10,REF010,79
2024-09-16,10,REF010,91
2024-09-16,10,REF010,52
2024-09-16,11,REF011,26
2024-09-16,13,REF013,1
2024-09-16,13,REF013,97
2024-09-16,13,REF013,83
2024-09-16,14,REF014,56
2024-09-16,14,REF014,33
2024-09-16,14,REF014,22
2024-09-16,14,REF014,80
2024-09-16,15,REF015,29
2024-09-16,16,REF016,53
2024-09-16,16,REF016,2
2024-09-16,16,REF016,73
2024-09-16,17,REF017,72
2024-09-16,18,REF018,49
2024-09-16,18,REF018,99
2024-09-16,18,REF018,35
2024-09-16,18,REF018,49
2024-09-16,19,REF019,31
2024-09-16,20,REF020,88
2024-09-16,20,REF020,20
2024-09-16,20,REF020,44
2024-09-17,1,REF001,32
2024-09-17,1,REF001,90
2024-09-17,2,REF002,75
2024-09-17,3,REF003,8
2024-09-17,3,REF003,32
2024-09-17,3,REF003,72
2024-09-17,4,REF004,83
2024-09-17,4,REF004,26
2024-09-17,5,REF005,84
2024-09-17,6,REF006,73
2024-09-17,6,REF006,31
2024-09-17,7,REF007,66
2024-09-17,7,REF007,79
2024-09-17,7,REF007,19
2024-09-17,8,REF008,1
2024-09-17,8,REF008,52
2024-09-17,8,REF008,19
2024-09-17,8,REF008,61
2024-09-17,9,REF009,56
2024-09-17,9,REF009,21
2024-09-17,9,REF009,17
2024-09-17,10,REF010,17
2024-09-17,10,REF010,19
2024-09-17,11,REF011,9
2024-09-17,11,REF011,92
2024-09-17,11,REF011,86
2024-09-17,12,REF012,61
2024-09-17,12,REF012,50
2024-09-17,12,REF012,2
2024-09-17,13,REF013,66
2024-09-17,13,REF013,100
2024-09-17,14,REF014,36
2024-09-17,14,REF014,10
2024-09-17,14,REF014,92
2024-09-17,15,REF015,50
2024-09-17,15,REF015,1
2024-09-17,15,REF015,50
2024-09-17,16,REF016,93
2024-09-17,16,REF016,78
2024-09-17,16,REF016,27
2024-09-17,16,REF016,92
2024-09-17,17,REF017,27
2024-09-17,17,REF017,42
2024-09-17,19,REF019,42
2024-09-17,19,REF019,43
2024-09-17,20,REF020,48
2024-09-17,20,REF020,80
2024-09-17,20,REF020,43
2024-09-18,1,REF001,98
2024-09-18,1,REF001,20
2024-09-18,2,REF002,22
2024-09-18,2,REF002,26
2024-09-18,2,REF002,83
2024-09-18,2,REF002,47
2024-09-18,3,REF003,14
2024-09-18,3,REF003,56
2024-09-18,3,REF003,30
2024-09-18,4,REF004,77
2024-09-18,4,REF004,40
2024-09-18,4,REF004,60
2024-09-18,5,REF005,32
2024-09-18,5,REF005,79
2024-09-18,6,REF006,45
2024-09-18,6,REF006,14
2024-09-18,7,REF007,91
2024-09-18,7,REF007,80
2024-09-18,7,REF007,95
2024-09-18,7,REF007,44
2024-09-18,9,REF009,29
2024-09-18,9,REF009,51
2024-09-18,10,REF010,47
2024-09-18,10,REF010,24
2024-09-18,10,REF010,87
2024-09-18,10,REF010,10
2024-09-18,10,REF010,98
2024-09-18,11,REF011,13
2024-09-18,11,REF011,67
2024-09-18,11,REF011,13
2024-09-18,12,REF012,15
2024-09-18,12,REF012,8
2024-09-18,12,REF012,88
2024-09-18,12,REF012,24
2024-09-18,13,REF013,95
2024-09-18,13,REF013,18
2024-09-18,14,REF014,32
2024-09-18,14,REF014,2
2024-09-18,14,REF014,4
2024-09-18,14,REF014,48
2024-09-18,15,REF015,39
2024-09-18,15,REF015,46
2024-09-18,15,REF015,25
2024-09-18,15,REF015,49
2024-09-18,15,REF015,7
2024-09-18,15,REF015,81
2024-09-18,16,REF016,6
2024-09-18,16,REF016,58
2024-09-18,16,REF016,100
2024-09-18,16,REF016,60
2024-09-18,16,REF016,44
2024-09-18,16,REF016,56
2024-09-18,17,REF017,48
2024-09-18,17,REF017,3
2024-09-18,17,REF017,55
2024-09-18,17,REF017,72
2024-09-18,18,REF018,29
2024-09-18,19,REF019,5
2024-09-18,19,REF019,63
2024-09-18,19,REF019,30
2024-09-18,20,REF020,15
2024-09-18,20,REF020,100
2024-09-18,20,REF020,8
2024-09-18,20,REF020,16
2024-09-18,20,REF020,44
2024-09-18,20,REF020,12
2024-09-19,1,REF001,29
2024-09-19,1,REF001,63
2024-09-19,1,REF001,94
2024-09-19,1,REF001,60
2024-09-19,2,REF002,99
2024-09-19,3,REF003,69
2024-09-19,3,REF003,59
2024-09-19,3,REF003,90
2024-09-19,4,REF004,22
2024-09-19,5,REF005,91
2024-09-19,6,REF006,31
2024-09-19,6,REF006,31
2024-09-19,6,REF006,8
2024-09-19,6,REF006,11
2024-09-19,7,REF007,24
2024-09-19,8,REF008,52
2024-09-19,8,REF008,20
2024-09-19,9,REF009,99
2024-09-19,9,REF009,18
2024-09-19,9,REF009,66
2024-09-19,10,REF010,58
2024-09-19,10,REF010,36
2024-09-19,10,REF010,3
2024-09-19,10,REF010,19
2024-09-19,11,REF011,79
2024-09-19,11,REF011,8
2024-09-19,11,REF011,33
2024-09-19,11,REF011,77
2024-09-19,12,REF012,77
2024-09-19,13,REF013,45
2024-09-19,13,REF013,8
2024-09-19,13,REF013,5
2024-09-19,13,REF013,71
2024-09-19,14,REF014,23
2024-09-19,15,REF015,89
2024-09-19,15,REF015,87
2024-09-19,15,REF015,51
2024-09-19,15,REF015,62
2024-09-19,15,REF015,31
2024-09-19,16,REF016,95
2024-09-19,16,REF016,38
2024-09-19,17,REF017,96
2024-09-19,17,REF017,89
2024-09-19,17,REF017,26
2024-09-19,18,REF018,90
2024-09-19,18,REF018,80
2024-09-19,18,REF018,28
2024-09-19,18,REF018,31
2024-09-19,18,REF018,16
2024-09-19,18,REF018,22
2024-09-19,19,REF019,45
2024-09-19,19,REF019,18
2024-09-19,19,REF019,38
2024-09-19,20,REF020,23
2024-09-19,20,REF020,99
2024-09-19,20,REF020,86
2024-09-19,20,REF020,64
2024-09-20,1,REF001,6
2024-09-20,1,REF001,20
2024-09-20,2,REF002,59
2024-09-20,2,REF002,43
2024-09-20,2,REF002,42
2024-09-20,2,REF002,13
2024-09-20,3,REF003,51
2024-09-20,3,REF003,74
2024-09-20,3,REF003,7
2024-09-20,3,REF003,30
2024-09-20,4,REF004,33
2024-09-20,4,REF004,98
2024-09-20,4,REF004,41
2024-09-20,4,REF004,58
2024-09-20,5,REF005,5
2024-09-20,5,REF005,63
2024-09-20,5,REF005,16
2024-09-20,5,REF005,89
2024-09-20,5,REF005,40
2024-09-20,6,REF006,44
2024-09-20,6,REF006,6
2024-09-20,6,REF006,31
2024-09-20,6,REF006,97
2024-09-20,7,REF007,34
2024-09-20,7,REF007,15
2024-09-20,7,REF007,65
2024-09-20,7,REF007,25
2024-09-20,7,REF007,20
2024-09-20,9,REF009,2
2024-09-20,10,REF010,62
2024-09-20,10,REF010,13
2024-09-20,10,REF010,14
2024-09-20,11,REF011,48
2024-09-20,11,REF011,2
2024-09-20,11,REF011,64
2024-09-20,11,REF011,12
2024-09-20,11,REF011,72
2024-09-20,12,REF012,31
2024-09-20,13,REF013,82
2024-09-20,14,REF014,67
2024-09-20,14,REF014,63
2024-09-20,15,REF015,17
2024-09-20,15,REF015,40
2024-09-20,16,REF016,9
2024-09-20,16,REF016,65
2024-09-20,17,REF017,35
2024-09-20,17,REF017,30
2024-09-20,18,REF018,13
2024-09-20,18,REF018,39
2024-09-20,19,REF019,86
2024-09-20,19,REF019,92
2024-09-20,20,REF020,71
2024-09-21,1,REF001,13
2024-09-21,2,REF002,18
2024-09-21,3,REF003,74
2024-09-21,3,REF003,24
2024-09-21,4,REF004,4
2024-09-21,4,REF004,18
2024-09-21,5,REF005,48
2024-09-21,5,REF005,28
2024-09-21,5,REF005,49
2024-09-21,6,REF006,86
2024-09-21,6,REF006,52
2024-09-21,6,REF006,2
2024-09-21,6,REF006,64
2024-09-21,7,REF007,69
2024-09-21,7,REF007,5
2024-09-21,7,REF007,71
2024-09-21,7,REF007,88
2024-09-21,9,REF009,39
2024-09-21,9,REF009,91
2024-09-21,10,REF010,12
2024-09-21,11,REF011,66
2024-09-21,11,REF011,52
2024-09-21,12,REF012,61
2024-09-21,12,REF012,46
2024-09-21,12,REF012,6
2024-09-21,12,REF012,55
2024-09-21,13,REF013,72
2024-09-21,14,REF014,59
2024-09-21,14,REF014,56
2024-09-21,14,REF014,51
2024-09-21,15,REF015,8
2024-09-21,15,REF015,22
2024-09-21,16,REF016,80
2024-09-21,16,REF016,97
2024-09-21,16,REF016,16
2024-09-21,16,REF016,25
2024-09-21,17,REF017,33
2024-09-21,18,REF018,18
2024-09-21,18,REF018,42
2024-09-21,18,REF018,30
2024-09-21,18,REF018,65
2024-09-21,19,REF019,14
2024-09-21,19,REF019,95
2024-09-21,19,REF019,89
2024-09-21,19,REF019,30
2024-09-21,19,REF019,30
2024-09-21,20,REF020,12
2024-09-22,1,REF001,59
2024-09-22,2,REF002,16
2024-09-22,2,REF002,9
2024-09-22,2,REF002,54
2024-09-22,2,REF002,74
2024-09-22,3,REF003,94
2024-09-22,3,REF003,67
2024-09-22,3,REF003,39
2024-09-22,4,REF004,58
2024-09-22,4,REF004,11
2024-09-22,4,REF004,51
2024-09-22,5,REF005,48
2024-09-22,5,REF005,58
2024-09-22,5,REF005,44
2024-09-22,5,REF005,76
2024-09-22,6,REF006,28
2024-09-22,6,REF006,17
2024-09-22,6,REF006,61
2024-09-22,7,REF007,15
2024-09-22,7,REF007,45
2024-09-22,7,REF007,5
2024-09-22,7,REF007,95
2024-09-22,7,REF007,36
2024-09-22,8,REF008,43
2024-09-22,9,REF009,55
2024-09-22,10,REF010,44
2024-09-22,11,REF011,58
2024-09-22,12,REF012,39
2024-09-22,12,REF012,19
2024-09-22,12,REF012,66
2024-09-22,12,REF012,94
2024-09-22,12,REF012,68
2024-09-22,13,REF013,14
2024-09-22,15,REF015,49
2024-09-22,16,REF016,95
2024-09-22,16,REF016,72
2024-09-22,17,REF017,58
2024-09-22,17,REF017,8
2024-09-22,17,REF017,4
2024-09-22,19,REF019,26
2024-09-22,19,REF019,44
2024-09-22,19,REF019,65
2024-09-22,20,REF020,91
2024-09-22,20,REF020,49
2024-09-22,20,REF020,53
2024-09-22,20,REF020,59
2024-09-23,1,REF001,75
2024-09-23,1,REF001,35
2024-09-23,1,REF001,13
2024-09-23,1,REF001,76
2024-09-23,2,REF002,8
2024-09-23,2,REF002,16
2024-09-23,2,REF002,65
2024-09-23,2,REF002,97
2024-09-23,2,REF002,67
2024-09-23,3,REF003,51
2024-09-23,3,REF003,9
2024-09-23,3,REF003,36
2024-09-23,4,REF004,20
2024-09-23,4,REF004,93
2024-09-23,5,REF005,10
2024-09-23,5,REF005,87
2024-09-23,7,REF007,74
2024-09-23,8,REF008,99
2024-09-23,9,REF009,43
2024-09-23,9,REF009,86
2024-09-23,9,REF009,27
2024-09-23,9,REF009,91
2024-09-23,10,REF010,13
2024-09-23,10,REF010,79
2024-09-23,10,REF010,18
2024-09-23,10,REF010,93
2024-09-23,11,REF011,82
2024-09-23,11,REF011,11
2024-09-23,11,REF011,14
2024-09-23,12,REF012,5
2024-09-23,13,REF013,62
2024-09-23,13,REF013,31
2024-09-23,13,REF013,71
2024-09-23,13,REF013,22
2024-09-23,15,REF015,72
2024-09-23,15,REF015,79
2024-09-23,15,REF015,65
2024-09-23,15,REF015,41
2024-09-23,16,REF016,15
2024-09-23,16,REF016,52
2024-09-23,16,REF016,54
2024-09-23,16,REF016,13
2024-09-23,17,REF017,77
2024-09-23,17,REF017,41
2024-09-23,17,REF017,82
2024-09-23,18,REF018,68
2024-09-23,18,REF018,11
2024-09-23,18,REF018,97
2024-09-23,18,REF018,9
2024-09-23,19,REF019,88
2024-09-23,19,REF019,59
2024-09-23,19,REF019,44
2024-09-23,19,REF019,69
2024-09-23,19,REF019,31
2024-09-23,19,REF019,55
2024-09-23,20,REF020,44
2024-09-23,20,REF020,45
2024-09-23,20,REF020,57
2024-09-24,1,REF001,31
2024-09-24,1,REF001,8
2024-09-24,1,REF001,29
2024-09-24,2,REF002,70
2024-09-24,2,REF002,83
2024-09-24,2,REF002,71
2024-09-24,3,REF003,38
2024-09-24,5,REF005,1
2024-09-24,5,REF005,1
2024-09-24,5,REF005,73
2024-09-24,5,REF005,28
2024-09-24,6,REF006,45
2024-09-24,7,REF007,34
2024-09-24,7,REF007,87
2024-09-24,7,REF007,23
2024-09-24,7,REF007,56
2024-09-24,8,REF008,25
2024-09-24,8,REF008,86
2024-09-24,9,REF009,54
2024-09-24,9,REF009,65
2024-09-24,9,REF009,83
2024-09-24,9,REF009,99
2024-09-24,10,REF010,73
2024-09-24,11,REF011,94
2024-09-24,12,REF012,93
2024-09-24,12,REF012,24
2024-09-24,12,REF012,39
2024-09-24,12,REF012,42
2024-09-24,13,REF013,66
2024-09-24,13,REF013,77
2024-09-24,13,REF013,58
2024-09-24,14,REF014,88
2024-09-24,14,REF014,90
2024-09-24,14,REF014,7
2024-09-24,15,REF015,36
2024-09-24,15,REF015,82
2024-09-24,15,REF015,88
2024-09-24,16,REF016,25
2024-09-24,16,REF016,97
2024-09-24,16,REF016,25
2024-09-24,17,REF017,87
2024-09-24,17,REF017,64
2024-09-24,17,REF017,100
2024-09-24,17,REF017,42
2024-09-24,19,REF019,12
2024-09-24,19,REF019,45
2024-09-24,19,REF019,19
2024-09-24,19,REF019,89
2024-09-24,20,REF020,76
2024-09-24,20,REF020,48
2024-09-24,20,REF020,76
2024-09-25,1,REF001,79
2024-09-25,1,REF001,65
2024-09-25,1,REF001,95
2024-09-25,2,REF002,1
2024-09-25,3,REF003,78
2024-09-25,4,REF004,47
2024-09-25,4,REF004,92
2024-09-25,5,REF005,30
2024-09-25,5,REF005,91
2024-09-25,5,REF005,11
2024-09-25,5,REF005,58
2024-09-25,6,REF006,91
2024-09-25,6,REF006,68
2024-09-25,7,REF007,91
2024-09-25,7,REF007,88
2024-09-25,8,REF008,38
2024-09-25,8,REF008,44
2024-09-25,9,REF009,46
2024-09-25,9,REF009,53
2024-09-25,9,REF009,67
2024-09-25,10,REF010,12
2024-09-25,11,REF011,98
2024-09-25,11,REF011,87
2024-09-25,12,REF012,27
2024-09-25,13,REF013,66
2024-09-25,13,REF013,9
2024-09-25,14,REF014,100
2024-09-25,14,REF014,53
2024-09-25,15,REF015,53
2024-09-25,15,REF015,2
2024-09-25,16,REF016,28
2024-09-25,16,REF016,46
2024-09-25,17,REF017,47
2024-09-25,17,REF017,100
2024-09-25,17,REF017,74
2024-09-25,18,REF018,63
2024-09-25,18,REF018,41
2024-09-25,18,REF018,52
2024-09-25,18,REF018,44
2024-09-25,18,REF018,51
2024-09-25,18,REF018,44
2024-09-25,18,REF018,42
2024-09-25,19,REF019,93
2024-09-25,19,REF019,47
2024-09-25,19,REF019,64
2024-09-25,20,REF020,52
2024-09-25,20,REF020,27
2024-09-25,20,REF020,72
2024-09-25,20,REF020,63
2024-09-26,1,REF001,36
2024-09-26,1,REF001,43
2024-09-26,1,REF001,34
2024-09-26,2,REF002,40
2024-09-26,2,REF002,31
2024-09-26,2,REF002,69
2024-09-26,3,REF003,98
2024-09-26,3,REF003,7
2024-09-26,3,REF003,5
2024-09-26,3,REF003,4
2024-09-26,4,REF004,60
2024-09-26,4,REF004,59
2024-09-26,4,REF004,52
2024-09-26,4,REF004,64
2024-09-26,4,REF004,100
2024-09-26,5,REF005,88
2024-09-26,5,REF005,24
2024-09-26,6,REF006,56
2024-09-26,6,REF006,9
2024-09-26,7,REF007,53
2024-09-26,7,REF007,90
2024-09-26,8,REF008,63
2024-09-26,8,REF008,91
2024-09-26,8,REF008,78
2024-09-26,9,REF009,91
2024-09-26,9,REF009,70
2024-09-26,9,REF009,21
2024-09-26,9,REF009,79
2024-09-26,9,REF009,62
2024-09-26,10,REF010,79
2024-09-26,10,REF010,62
2024-09-26,10,REF010,40
2024-09-26,11,REF011,50
2024-09-26,11,REF011,78
2024-09-26,11,REF011,64
2024-09-26,13,REF013,27
2024-09-26,13,REF013,72
2024-09-26,14,REF014,78
2024-09-26,14,REF014,36
2024-09-26,15,REF015,44
2024-09-26,15,REF015,24
2024-09-26,15,REF015,75
2024-09-26,15,REF015,10
2024-09-26,15,REF015,93
2024-09-26,16,REF016,14
2024-09-26,16,REF016,51
2024-09-26,16,REF016,70
2024-09-26,16,REF016,15
2024-09-26,16,REF016,25
2024-09-26,16,REF016,2
2024-09-26,16,REF016,43
2024-09-26,17,REF017,38
2024-09-26,17,REF017,24
2024-09-26,17,REF017,61
2024-09-26,18,REF018,53
2024-09-26,18,REF018,24
2024-09-26,19,REF019,37
2024-09-26,19,REF019,19
2024-09-26,19,REF019,38
2024-09-26,20,REF020,68
2024-09-26,20,REF020,90
2024-09-26,20,REF020,36
2024-09-27,2,REF002,11
2024-09-27,3,REF003,46
2024-09-27,4,REF004,29
2024-09-27,4,REF004,100
2024-09-27,5,REF005,14
2024-09-27,5,REF005,5
2024-09-27,6,REF006,7
2024-09-27,6,REF006,85
2024-09-27,7,REF007,9
2024-09-27,7,REF007,43
2024-09-27,7,REF007,36
2024-09-27,8,REF008,37
2024-09-27,8,REF008,64
2024-09-27,9,REF009,39
2024-09-27,9,REF009,58
2024-09-27,10,REF010,39
2024-09-27,11,REF011,60
2024-09-27,13,REF013,62
2024-09-27,14,REF014,44
2024-09-27,15,REF015,80
2024-09-27,15,REF015,4
2024-09-27,15,REF015,87
2024-09-27,16,REF016,83
2024-09-27,16,REF016,44
2024-09-27,16,REF016,19
2024-09-27,17,REF017,99
2024-09-27,17,REF017,6
2024-09-27,17,REF017,27
2024-09-27,17,REF017,36
2024-09-27,18,REF018,53
2024-09-27,18,REF018,29
2024-09-27,18,REF018,23
2024-09-27,19,REF019,49
2024-09-27,19,REF019,47
2024-09-27,19,REF019,53
2024-09-27,19,REF019,46
2024-09-27,19,REF019,14
2024-09-27,20,REF020,4
2024-09-28,1,REF001,100
2024-09-28,1,REF001,89
2024-09-28,1,REF001,22
2024-09-28,1,REF001,79
2024-09-28,2,REF002,21
2024-09-28,2,REF002,26
2024-09-28,4,REF004,99
2024-09-28,4,REF004,94
2024-09-28,4,REF004,33
2024-09-28,4,REF004,44
2024-09-28,5,REF005,23
2024-09-28,5,REF005,11
2024-09-28,5,REF005,36
2024-09-28,6,REF006,58
2024-09-28,6,REF006,66
2024-09-28,6,REF006,66
2024-09-28,6,REF006,39
2024-09-28,7,REF007,77
2024-09-28,7,REF007,98
2024-09-28,7,REF007,55
2024-09-28,7,REF007,65
2024-09-28,8,REF008,30
2024-09-28,8,REF008,61
2024-09-28,8,REF008,45
2024-09-28,9,REF009,99
2024-09-28,9,REF009,8
2024-09-28,10,REF010,16
2024-09-28,11,REF011,7
2024-09-28,11,REF011,77
2024-09-28,12,REF012,50
2024-09-28,12,REF012,88
2024-09-28,13,REF013,94
2024-09-28,13,REF013,39
2024-09-28,13,REF013,32
2024-09-28,13,REF013,30
2024-09-28,13,REF013,74
2024-09-28,13,REF013,89
2024-09-28,13,REF013,58
2024-09-28,13,REF013,14
2024-09-28,13,REF013,96
2024-09-28,13,REF013,46
2024-09-28,14,REF014,5
2024-09-28,14,REF014,17
2024-09-28,15,REF015,94
2024-09-28,15,REF015,22
2024-09-28,15,REF015,85
2024-09-28,16,REF016,1
2024-09-28,16,REF016,76
2024-09-28,16,REF016,94
2024-09-28,16,REF016,33
2024-09-28,16,REF016,81
2024-09-28,16,REF016,37
2024-09-28,16,REF016,64
2024-09-28,17,REF017,65
2024-09-28,17,REF017,82
2024-09-28,17,REF017,9
2024-09-28,18,REF018,70
2024-09-28,19,REF019,10
2024-09-28,19,REF019,51
2024-09-28,19,REF019,57
2024-09-28,20,REF020,89
2024-09-28,20,REF020,11
2024-09-29,1,REF001,39
2024-09-29,2,REF002,38
2024-09-29,3,REF003,56
2024-09-29,4,REF004,8
2024-09-29,4,REF004,78
2024-09-29,5,REF005,24
2024-09-29,5,REF005,81
2024-09-29,5,REF005,52
2024-09-29,5,REF005,61
2024-09-29,6,REF006,16
2024-09-29,6,REF006,78
2024-09-29,8,REF008,95
2024-09-29,8,REF008,37
2024-09-29,8,REF008,29
2024-09-29,9,REF009,46
2024-09-29,9,REF009,47
2024-09-29,9,REF009,31
2024-09-29,10,REF010,22
2024-09-29,10,REF010,96
2024-09-29,10,REF010,92
2024-09-29,11,REF011,28
2024-09-29,11,REF011,21
2024-09-29,11,REF011,71
2024-09-29,12,REF012,24
2024-09-29,12,REF012,99
2024-09-29,12,REF012,28
2024-09-29,13,REF013,57
2024-09-29,13,REF013,44
2024-09-29,13,REF013,74
2024-09-29,14,REF014,13
2024-09-29,15,REF015,39
2024-09-29,16,REF016,98
2024-09-29,16,REF016,36
2024-09-29,16,REF016,35
2024-09-29,18,REF018,79
2024-09-29,18,REF018,15
2024-09-29,19,REF019,72
2024-09-29,19,REF019,24
2024-09-29,20,REF020,88
2024-09-29,20,REF020,44
2024-09-29,20,REF020,77
2024-09-30,1,REF001,20
2024-09-30,1,REF001,78
2024-09-30,2,REF002,98
2024-09-30,2,REF002,38
2024-09-30,2,REF002,82
2024-09-30,2,REF002,75
2024-09-30,2,REF002,40
2024-09-30,3,REF003,94
2024-09-30,3,REF003,7
2024-09-30,3,REF003,44
2024-09-30,3,REF003,75
2024-09-30,4,REF004,1
2024-09-30,4,REF004,64
2024-09-30,4,REF004,31
2024-09-30,4,REF004,91
2024-09-30,4,REF004,16
2024-09-30,4,REF004,37
2024-09-30,5,REF005,36
2024-09-30,5,REF005,83
2024-09-30,7,REF007,2
2024-09-30,7,REF007,98
2024-09-30,8,REF008,36
2024-09-30,9,REF009,94
2024-09-30,9,REF009,67
2024-09-30,10,REF010,13
2024-09-30,10,REF010,98
2024-09-30,10,REF010,71
2024-09-30,10,REF010,10
2024-09-30,11,REF011,35
2024-09-30,11,REF011,74
2024-09-30,11,REF011,27
2024-09-30,12,REF012,82
2024-09-30,12,REF012,63
2024-09-30,12,REF012,6
2024-09-30,12,REF012,82
2024-09-30,13,REF013,67
2024-09-30,13,REF013,18
2024-09-30,14,REF014,79
2024-09-30,15,REF015,60
2024-09-30,15,REF015,28
2024-09-30,16,REF016,14
2024-09-30,17,REF017,47
2024-09-30,17,REF017,44
2024-09-30,17,REF017,68
2024-09-30,17,REF017,37
2024-09-30,18,REF018,15
2024-09-30,18,REF018,47
2024-09-30,18,REF018,39
2024-09-30,19,REF019,41
2024-09-30,19,REF019,18
2024-09-30,20,REF020,16
2024-10-01,2,REF002,60
2024-10-01,2,REF002,41
2024-10-01,2,REF002,32
2024-10-01,2,REF002,63
2024-10-01,3,REF003,38
2024-10-01,4,REF004,76
2024-10-01,4,REF004,86
2024-10-01,4,REF004,61
2024-10-01,5,REF005,72
2024-10-01,5,REF005,36
2024-10-01,5,REF005,54
2024-10-01,6,REF006,85
2024-10-01,6,REF006,12
2024-10-01,6,REF006,93
2024-10-01,7,REF007,95
2024-10-01,7,REF007,42
2024-10-01,7,REF007,51
2024-10-01,8,REF008,57
2024-10-01,8,REF008,50
2024-10-01,8,REF008,39
2024-10-01,8,REF008,85
2024-10-01,9,REF009,77
2024-10-01,9,REF009,66
2024-10-01,9,REF009,65
2024-10-01,9,REF009,26
2024-10-01,10,REF010,7
2024-10-01,11,REF011,69
2024-10-01,11,REF011,44
2024-10-01,11,REF011,90
2024-10-01,12,REF012,5
2024-10-01,12,REF012,36
2024-10-01,12,REF012,68
2024-10-01,13,REF013,84
2024-10-01,13,REF013,89
2024-10-01,13,REF013,40
2024-10-01,14,REF014,75
2024-10-01,14,REF014,26
2024-10-01,14,REF014,48
2024-10-01,16,REF016,22
2024-10-01,17,REF017,71
2024-10-01,17,REF017,90
2024-10-01,17,REF017,6
2024-10-01,17,REF017,97
2024-10-01,18,REF018,29
2024-10-01,18,REF018,24
2024-10-01,19,REF019,44
2024-10-01,19,REF019,91
2024-10-01,20,REF020,82
2024-10-01,20,REF020,79
2024-10-01,20,REF020,91
2024-10-02,1,REF001,46
2024-10-02,1,REF001,8
2024-10-02,2,REF002,95
2024-10-02,3,REF003,60
2024-10-02,3,REF003,58
2024-10-02,3,REF003,58
2024-10-02,3,REF003,13
2024-10-02,3,REF003,61
2024-10-02,4,REF004,55
2024-10-02,4,REF004,86
2024-10-02,4,REF004,61
2024-10-02,5,REF005,70
2024-10-02,5,REF005,26
2024-10-02,5,REF005,65
2024-10-02,5,REF005,68
2024-10-02,5,REF005,15
2024-10-02,7,REF007,49
2024-10-02,7,REF007,60
2024-10-02,8,REF008,78
2024-10-02,8,REF008,44
2024-10-02,8,REF008,93
2024-10-02,8,REF008,66
2024-10-02,9,REF009,73
2024-10-02,9,REF009,43
2024-10-02,10,REF010,17
2024-10-02,10,REF010,74
2024-10-02,11,REF011,96
2024-10-02,12,REF012,18
2024-10-02,12,REF012,54
2024-10-02,12,REF012,76
2024-10-02,12,REF012,75
2024-10-02,13,REF013,63
2024-10-02,13,REF013,60
2024-10-02,13,REF013,52
2024-10-02,14,REF014,80
2024-10-02,14,REF014,78
2024-10-02,15,REF015,99
2024-10-02,15,REF015,95
2024-10-02,15,REF015,99
2024-10-02,16,REF016,39
2024-10-02,17,REF017,37
2024-10-02,17,REF017,49
2024-10-02,18,REF018,79
2024-10-02,18,REF018,48
2024-10-02,19,REF019,64
2024-10-02,20,REF020,86
2024-10-03,1,REF001,71
2024-10-03,2,REF002,37
2024-10-03,2,REF002,97
2024-10-03,2,REF002,91
2024-10-03,2,REF002,19
2024-10-03,3,REF003,34
2024-10-03,3,REF003,16
2024-10-03,3,REF003,86
2024-10-03,4,REF004,41
2024-10-03,4,REF004,55
2024-10-03,4,REF004,72
2024-10-03,4,REF004,86
2024-10-03,5,REF005,53
2024-10-03,6,REF006,7
2024-10-03,6,REF006,45
2024-10-03,6,REF006,57
2024-10-03,7,REF007,52
2024-10-03,7,REF007,32
2024-10-03,7,REF007,84
2024-10-03,8,REF008,29
2024-10-03,8,REF008,64
2024-10-03,8,REF008,16
2024-10-03,8,REF008,65
2024-10-03,9,REF009,2
2024-10-03,9,REF009,49
2024-10-03,10,REF010,23
2024-10-03,10,REF010,50
2024-10-03,10,REF010,28
2024-10-03,11,REF011,30
2024-10-03,11,REF011,49
2024-10-03,11,REF011,65
2024-10-03,12,REF012,48
2024-10-03,12,REF012,90
2024-10-03,13,REF013,78
2024-10-03,14,REF014,48
2024-10-03,14,REF014,92
2024-10-03,14,REF014,47
2024-10-03,15,REF015,18
2024-10-03,15,REF015,72
2024-10-03,15,REF015,61
2024-10-03,16,REF016,60
2024-10-03,17,REF017,75
2024-10-03,17,REF017,62
2024-10-03,17,REF017,87
2024-10-03,18,REF018,69
2024-10-03,18,REF018,9
2024-10-03,18,REF018,5
2024-10-03,19,REF019,68
2024-10-03,19,REF019,12
2024-10-03,19,REF019,79
2024-10-03,20,REF020,22
2024-10-03,20,REF020,20
2024-10-03,20,REF020,40
2024-10-03,20,REF020,12
2024-10-04,1,REF001,57
2024-10-04,2,REF002,6
2024-10-04,2,REF002,61
2024-10-04,2,REF002,10
2024-10-04,3,REF003,54
2024-10-04,3,REF003,75
2024-10-04,3,REF003,84
2024-10-04,3,REF003,81
2024-10-04,4,REF004,74
2024-10-04,4,REF004,20
2024-10-04,5,REF005,67
2024-10-04,5,REF005,20
2024-10-04,6,REF006,59
2024-10-04,6,REF006,18
2024-10-04,6,REF006,24
2024-10-04,7,REF007,34
2024-10-04,7,REF007,30
2024-10-04,7,REF007,91
2024-10-04,8,REF008,77
2024-10-04,8,REF008,58
2024-10-04,8,REF008,34
2024-10-04,8,REF008,48
2024-10-04,8,REF008,26
2024-10-04,8,REF008,37
2024-10-04,9,REF009,64
2024-10-04,9,REF009,52
2024-10-04,10,REF010,31
2024-10-04,10,REF010,14
2024-10-04,10,REF010,61
2024-10-04,11,REF011,28
2024-10-04,11,REF011,1
2024-10-04,11,REF011,35
2024-10-04,11,REF011,93
2024-10-04,13,REF013,56
2024-10-04,13,REF013,40
2024-10-04,13,REF013,79
2024-10-04,13,REF013,1
2024-10-04,14,REF014,83
2024-10-04,14,REF014,31
2024-10-04,14,REF014,25
2024-10-04,14,REF014,26
2024-10-04,14,REF014,15
2024-10-04,15,REF015,76
2024-10-04,15,REF015,29
2024-10-04,15,REF015,25
2024-10-04,15,REF015,98
2024-10-04,16,REF016,20
2024-10-04,16,REF016,19
2024-10-04,16,REF016,19
2024-10-04,16,REF016,48
2024-10-04,16,REF016,51
2024-10-04,16,REF016,50
2024-10-04,16,REF016,30
2024-10-04,17,REF017,58
2024-10-04,17,REF017,65
2024-10-04,18,REF018,96
2024-10-04,18,REF018,59
2024-10-04,19,REF019,79
2024-10-04,19,REF019,66
2024-10-04,20,REF020,96
2024-10-05,1,REF001,49
2024-10-05,1,REF001,65
2024-10-05,2,REF002,75
2024-10-05,2,REF002,60
2024-10-05,2,REF002,51
2024-10-05,2,REF002,86
2024-10-05,2,REF002,36
2024-10-05,3,REF003,76
2024-10-05,4,REF004,39
2024-10-05,4,REF004,27
2024-10-05,5,REF005,40
2024-10-05,5,REF005,67
2024-10-05,6,REF006,74
2024-10-05,6,REF006,36
2024-10-05,6,REF006,58
2024-10-05,8,REF008,39
2024-10-05,8,REF008,60
2024-10-05,8,REF008,82
2024-10-05,9,REF009,2
2024-10-05,9,REF009,47
2024-10-05,10,REF010,89
2024-10-05,10,REF010,84
2024-10-05,10,REF010,9
2024-10-05,11,REF011,100
2024-10-05,11,REF011,3
2024-10-05,11,REF011,82
2024-10-05,11,REF011,27
2024-10-05,12,REF012,89
2024-10-05,13,REF013,9
2024-10-05,14,REF014,4
2024-10-05,15,REF015,38
2024-10-05,15,REF015,57
2024-10-05,15,REF015,43
2024-10-05,15,REF015,27
2024-10-05,15,REF015,23
2024-10-05,15,REF015,11
2024-10-05,15,REF015,83
2024-10-05,16,REF016,58
2024-10-05,17,REF017,27
2024-10-05,18,REF018,81
2024-10-05,18,REF018,4
2024-10-05,19,REF019,34
2024-10-05,19,REF019,15
2024-10-05,19,REF019,25
2024-10-05,19,REF019,59
2024-10-06,1,REF001,45
2024-10-06,1,REF001,65
2024-10-06,2,REF002,13
2024-10-06,2,REF002,51
2024-10-06,2,REF002,55
2024-10-06,4,REF004,6
2024-10-06,4,REF004,22
2024-10-06,4,REF004,97
2024-10-06,5,REF005,19
2024-10-06,5,REF005,54
2024-10-06,6,REF006,87
2024-10-06,6,REF006,49
2024-10-06,6,REF006,81
2024-10-06,7,REF007,46
2024-10-06,7,REF007,8
2024-10-06,8,REF008,55
2024-10-06,8,REF008,71
2024-10-06,9,REF009,53
2024-10-06,9,REF009,42
2024-10-06,9,REF009,87
2024-10-06,10,REF010,3
2024-10-06,10,REF010,28
2024-10-06,11,REF011,75
2024-10-06,11,REF011,38
2024-10-06,11,REF011,54
2024-10-06,11,REF011,80
2024-10-06,12,REF012,30
2024-10-06,12,REF012,33
2024-10-06,13,REF013,6
2024-10-06,13,REF013,80
2024-10-06,13,REF013,45
2024-10-06,13,REF013,23
2024-10-06,14,REF014,16
2024-10-06,14,REF014,47
2024-10-06,15,REF015,80
2024-10-06,15,REF015,96
2024-10-06,15,REF015,88
2024-10-06,16,REF016,66
2024-10-06,16,REF016,97
2024-10-06,16,REF016,90
2024-10-06,17,REF017,22
2024-10-06,18,REF018,61
2024-10-06,18,REF018,81
2024-10-06,18,REF018,28
2024-10-06,19,REF019,10
2024-10-06,19,REF019,61
2024-10-06,19,REF019,100
2024-10-06,19,REF019,48
2024-10-06,19,REF019,58
2024-10-06,20,REF020,28
2024-10-06,20,REF020,59
2024-10-06,20,REF020,46
2024-10-07,2,REF002,29
2024-10-07,2,REF002,55
2024-10-07,2,REF002,98
2024-10-07,3,REF003,16
2024-10-07,3,REF003,6
2024-10-07,4,REF004,6
2024-10-07,4,REF004,14
2024-10-07,5,REF005,80
2024-10-07,5,REF005,32
2024-10-07,5,REF005,86
2024-10-07,5,REF005,77
2024-10-07,5,REF005,82
2024-10-07,5,REF005,53
2024-10-07,6,REF006,7
2024-10-07,7,REF007,20
2024-10-07,8,REF008,88
2024-10-07,8,REF008,73
2024-10-07,8,REF008,43
2024-10-07,9,REF009,17
2024-10-07,9,REF009,51
2024-10-07,10,REF010,34
2024-10-07,10,REF010,88
2024-10-07,10,REF010,44
2024-10-07,10,REF010,20
2024-10-07,10,REF010,81
2024-10-07,11,REF011,23
2024-10-07,11,REF011,19
2024-10-07,11,REF011,29
2024-10-07,12,REF012,32
2024-10-07,12,REF012,56
2024-10-07,12,REF012,69
2024-10-07,13,REF013,96
2024-10-07,13,REF013,95
2024-10-07,13,REF013,38
2024-10-07,13,REF013,33
2024-10-07,13,REF013,68
2024-10-07,14,REF014,45
2024-10-07,14,REF014,22
2024-10-07,15,REF015,63
2024-10-07,16,REF016,28
2024-10-07,16,REF016,78
2024-10-07,16,REF016,60
2024-10-07,16,REF016,85
2024-10-07,17,REF017,41
2024-10-07,17,REF017,18
2024-10-07,17,REF017,39
2024-10-07,18,REF018,46
2024-10-07,19,REF019,47
2024-10-07,20,REF020,35
2024-10-08,1,REF001,22
2024-10-08,1,REF001,44
2024-10-08,1,REF001,45
2024-10-08,1,REF001,97
2024-10-08,2,REF002,77
2024-10-08,2,REF002,43
2024-10-08,2,REF002,61
2024-10-08,2,REF002,48
2024-10-08,2,REF002,46
2024-10-08,3,REF003,66
2024-10-08,3,REF003,75
2024-10-08,4,REF004,67
2024-10-08,4,REF004,22
2024-10-08,4,REF004,67
2024-10-08,5,REF005,3
2024-10-08,5,REF005,12
2024-10-08,6,REF006,20
2024-10-08,6,REF006,9
2024-10-08,6,REF006,48
2024-10-08,6,REF006,49
2024-10-08,6,REF006,88
2024-10-08,7,REF007,67
2024-10-08,8,REF008,69
2024-10-08,9,REF009,7
2024-10-08,9,REF009,29
2024-10-08,10,REF010,53
2024-10-08,10,REF010,62
2024-10-08,10,REF010,40
2024-10-08,11,REF011,76
2024-10-08,11,REF011,81
2024-10-08,11,REF011,15
2024-10-08,11,REF011,51
2024-10-08,11,REF011,61
2024-10-08,12,REF012,11
2024-10-08,12,REF012,1
2024-10-08,12,REF012,39
2024-10-08,13,REF013,33
2024-10-08,13,REF013,74
2024-10-08,13,REF013,7
2024-10-08,14,REF014,1
2024-10-08,14,REF014,49
2024-10-08,14,REF014,43
2024-10-08,14,REF014,84
2024-10-08,15,REF015,74
2024-10-08,15,REF015,16
2024-10-08,15,REF015,34
2024-10-08,16,REF016,17
2024-10-08,17,REF017,42
2024-10-08,17,REF017,47
2024-10-08,17,REF017,89
2024-10-08,17,REF017,26
2024-10-08,18,REF018,71
2024-10-08,18,REF018,91
2024-10-08,18,REF018,22
2024-10-08,19,REF019,89
2024-10-08,19,REF019,37
2024-10-08,19,REF019,76
2024-10-08,19,REF019,28
2024-10-08,20,REF020,6
2024-10-08,20,REF020,38
2024-10-08,20,REF020,94
2024-10-08,20,REF020,84
2024-10-08,20,REF020,44
2024-10-09,2,REF002,34
2024-10-09,3,REF003,46
2024-10-09,3,REF003,7
2024-10-09,3,REF003,6
2024-10-09,3,REF003,35
2024-10-09,4,REF004,20
2024-10-09,4,REF004,59
2024-10-09,4,REF004,87
2024-10-09,5,REF005,76
2024-10-09,5,REF005,91
2024-10-09,5,REF005,63
2024-10-09,6,REF006,29
2024-10-09,7,REF007,5
2024-10-09,8,REF008,90
2024-10-09,8,REF008,16
2024-10-09,8,REF008,4
2024-10-09,8,REF008,15
2024-10-09,8,REF008,51
2024-10-09,9,REF009,21
2024-10-09,10,REF010,54
2024-10-09,11,REF011,64
2024-10-09,12,REF012,66
2024-10-09,12,REF012,84
2024-10-09,12,REF012,43
2024-10-09,13,REF013,35
2024-10-09,13,REF013,61
2024-10-09,13,REF013,7
2024-10-09,13,REF013,48
2024-10-09,14,REF014,35
2024-10-09,14,REF014,12
2024-10-09,14,REF014,60
2024-10-09,15,REF015,1
2024-10-09,15,REF015,80
2024-10-09,16,REF016,55
2024-10-09,16,REF016,52
2024-10-09,16,REF016,77
2024-10-09,17,REF017,41
2024-10-09,17,REF017,12
2024-10-09,17,REF017,61
2024-10-09,18,REF018,15
2024-10-09,18,REF018,3
2024-10-09,18,REF018,60
2024-10-09,19,REF019,55
2024-10-09,20,REF020,60
2024-10-10,1,REF001,25
2024-10-10,1,REF001,71
2024-10-10,2,REF002,66
2024-10-10,2,REF002,23
2024-10-10,3,REF003,16
2024-10-10,3,REF003,74
2024-10-10,3,REF003,31
2024-10-10,3,REF003,32
2024-10-10,3,REF003,31
2024-10-10,3,REF003,59
2024-10-10,3,REF003,70
2024-10-10,4,REF004,63
2024-10-10,4,REF004,84
2024-10-10,4,REF004,76
2024-10-10,5,REF005,58
2024-10-10,5,REF005,60
2024-10-10,7,REF007,81
2024-10-10,8,REF008,78
2024-10-10,8,REF008,45
2024-10-10,8,REF008,18
2024-10-10,8,REF008,60
2024-10-10,8,REF008,5
2024-10-10,10,REF010,65
2024-10-10,10,REF010,29
2024-10-10,10,REF010,33
2024-10-10,10,REF010,95
2024-10-10,10,REF010,81
2024-10-10,10,REF010,78
2024-10-10,10,REF010,99
2024-10-10,10,REF010,90
2024-10-10,11,REF011,48
2024-10-10,11,REF011,42
2024-10-10,12,REF012,10
2024-10-10,12,REF012,56
2024-10-10,13,REF013,9
2024-10-10,14,REF014,85
2024-10-10,15,REF015,62
2024-10-10,15,REF015,45
2024-10-10,15,REF015,75
2024-10-10,16,REF016,44
2024-10-10,16,REF016,20
2024-10-10,16,REF016,54
2024-10-10,17,REF017,46
2024-10-10,17,REF017,76
2024-10-10,17,REF017,4
2024-10-10,18,REF018,42
2024-10-10,18,REF018,16
2024-10-10,18,REF018,8
2024-10-10,18,REF018,7
2024-10-10,18,REF018,45
2024-10-10,19,REF019,51
2024-10-10,19,REF019,60
2024-10-10,20,REF020,22
2024-10-10,20,REF020,29
2024-10-10,20,REF020,65
2024-10-11,1,REF001,1
2024-10-11,1,REF001,68
2024-10-11,1,REF001,64
2024-10-11,2,REF002,55
2024-10-11,2,REF002,93
2024-10-11,2,REF002,70
2024-10-11,2,REF002,27
2024-10-11,2,REF002,16
2024-10-11,3,REF003,55
2024-10-11,3,REF003,51
2024-10-11,4,REF004,63
2024-10-11,5,REF005,77
2024-10-11,5,REF005,80
2024-10-11,6,REF006,80
2024-10-11,6,REF006,92
2024-10-11,6,REF006,53
2024-10-11,7,REF007,74
2024-10-11,7,REF007,83
2024-10-11,8,REF008,98
2024-10-11,8,REF008,78
2024-10-11,9,REF009,44
2024-10-11,9,REF009,24
2024-10-11,9,REF009,79
2024-10-11,10,REF010,55
2024-10-11,10,REF010,88
2024-10-11,10,REF010,80
2024-10-11,10,REF010,48
2024-10-11,10,REF010,81
2024-10-11,11,REF011,73
2024-10-11,11,REF011,11
2024-10-11,11,REF011,35
2024-10-11,14,REF014,20
2024-10-11,14,REF014,57
2024-10-11,14,REF014,90
2024-10-11,15,REF015,90
2024-10-11,15,REF015,52
2024-10-11,16,REF016,85
2024-10-11,17,REF017,16
2024-10-11,17,REF017,8
2024-10-11,17,REF017,48
2024-10-11,17,REF017,56
2024-10-11,18,REF018,16
2024-10-11,18,REF018,47
2024-10-11,18,REF018,23
2024-10-11,18,REF018,4
2024-10-11,18,REF018,48
2024-10-11,18,REF018,62
2024-10-11,18,REF018,52
2024-10-11,18,REF018,71
2024-10-11,19,REF019,73
2024-10-11,19,REF019,38
2024-10-11,20,REF020,31
2024-10-11,20,REF020,80
2024-10-11,20,REF020,46
2024-10-12,1,REF001,57
2024-10-12,1,REF001,66
2024-10-12,1,REF001,20
2024-10-12,2,REF002,48
2024-10-12,2,REF002,11
2024-10-12,2,REF002,90
2024-10-12,2,REF002,33
2024-10-12,2,REF002,15
2024-10-12,2,REF002,25
2024-10-12,2,REF002,43
2024-10-12,3,REF003,1
2024-10-12,3,REF003,44
2024-10-12,3,REF003,11
2024-10-12,3,REF003,48
2024-10-12,3,REF003,33
2024-10-12,4,REF004,33
2024-10-12,4,REF004,37
2024-10-12,4,REF004,18
2024-10-12,5,REF005,77
2024-10-12,5,REF005,29
2024-10-12,5,REF005,17
2024-10-12,5,REF005,50
2024-10-12,6,REF006,92
2024-10-12,6,REF006,93
2024-10-12,6,REF006,36
2024-10-12,6,REF006,39
2024-10-12,6,REF006,29
2024-10-12,7,REF007,88
2024-10-12,7,REF007,20
2024-10-12,8,REF008,42
2024-10-12,8,REF008,84
2024-10-12,9,REF009,77
2024-10-12,10,REF010,82
2024-10-12,10,REF010,36
2024-10-12,10,REF010,34
2024-10-12,10,REF010,96
2024-10-12,10,REF010,94
2024-10-12,11,REF011,57
2024-10-12,11,REF011,3
2024-10-12,11,REF011,93
2024-10-12,12,REF012,9
2024-10-12,12,REF012,16
2024-10-12,13,REF013,29
2024-10-12,13,REF013,84
2024-10-12,13,REF013,93
2024-10-12,14,REF014,51
2024-10-12,14,REF014,65
2024-10-12,14,REF014,28
2024-10-12,14,REF014,29
2024-10-12,15,REF015,54
2024-10-12,15,REF015,65
2024-10-12,16,REF016,45
2024-10-12,16,REF016,5
2024-10-12,16,REF016,44
2024-10-12,17,REF017,36
2024-10-12,17,REF017,17
2024-10-12,17,REF017,20
2024-10-12,18,REF018,5
2024-10-12,18,REF018,2
2024-10-12,19,REF019,42
2024-10-12,19,REF019,43
2024-10-12,19,REF019,11
2024-10-12,20,REF020,66
2024-10-12,20,REF020,51
2024-10-12,20,REF020,38
2024-10-12,20,REF020,88
2024-10-12,20,REF020,37
2024-10-12,20,REF020,68
2024-10-13,1,REF001,27
2024-10-13,1,REF001,8
2024-10-13,2,REF002,93
2024-10-13,2,REF002,90
2024-10-13,2,REF002,62
2024-10-13,2,REF002,5
2024-10-13,2,REF002,3
2024-10-13,3,REF003,29
2024-10-13,3,REF003,40
2024-10-13,4,REF004,65
2024-10-13,5,REF005,88
2024-10-13,5,REF005,28
2024-10-13,5,REF005,9
2024-10-13,5,REF005,67
2024-10-13,5,REF005,36
2024-10-13,6,REF006,27
2024-10-13,6,REF006,88
2024-10-13,6,REF006,14
2024-10-13,7,REF007,48
2024-10-13,7,REF007,47
2024-10-13,7,REF007,3
2024-10-13,8,REF008,38
2024-10-13,8,REF008,72
2024-10-13,8,REF008,34
2024-10-13,8,REF008,45
2024-10-13,9,REF009,38
2024-10-13,9,REF009,86
2024-10-13,9,REF009,38
2024-10-13,9,REF009,30
2024-10-13,10,REF010,74
2024-10-13,11,REF011,31
2024-10-13,12,REF012,42
2024-10-13,13,REF013,24
2024-10-13,13,REF013,63
2024-10-13,13,REF013,67
2024-10-13,13,REF013,42
2024-10-13,13,REF013,53
2024-10-13,14,REF014,70
2024-10-13,14,REF014,53
2024-10-13,14,REF014,53
2024-10-13,14,REF014,52
2024-10-13,15,REF015,22
2024-10-13,15,REF015,92
2024-10-13,15,REF015,88
2024-10-13,15,REF015,85
2024-10-13,15,REF015,35
2024-10-13,16,REF016,94
2024-10-13,16,REF016,80
2024-10-13,16,REF016,32
2024-10-13,17,REF017,16
2024-10-13,19,REF019,7
2024-10-13,19,REF019,12
2024-10-13,19,REF019,67
2024-10-13,19,REF019,56
2024-10-14,1,REF001,94
2024-10-14,1,REF001,98
2024-10-14,1,REF001,55
2024-10-14,2,REF002,72
2024-10-14,2,REF002,88
2024-10-14,2,REF002,23
2024-10-14,2,REF002,13
2024-10-14,2,REF002,93
2024-10-14,3,REF003,70
2024-10-14,3,REF003,86
2024-10-14,3,REF003,25
2024-10-14,4,REF004,20
2024-10-14,4,REF004,8
2024-10-14,6,REF006,8
2024-10-14,6,REF006,84
2024-10-14,6,REF006,63
2024-10-14,6,REF006,55
2024-10-14,7,REF007,14
2024-10-14,8,REF008,40
2024-10-14,8,REF008,51
2024-10-14,8,REF008,74
2024-10-14,8,REF008,76
2024-10-14,8,REF008,6
2024-10-14,9,REF009,41
2024-10-14,9,REF009,66
2024-10-14,10,REF010,8
2024-10-14,10,REF010,88
2024-10-14,10,REF010,34
2024-10-14,10,REF010,50
2024-10-14,10,REF010,68
2024-10-14,10,REF010,26
2024-10-14,10,REF010,63
2024-10-14,11,REF011,9
2024-10-14,11,REF011,35
2024-10-14,12,REF012,49
2024-10-14,12,REF012,80
2024-10-14,13,REF013,36
2024-10-14,15,REF015,4
2024-10-14,15,REF015,1
2024-10-14,16,REF016,1
2024-10-14,16,REF016,19
2024-10-14,17,REF017,77
2024-10-14,17,REF017,60
2024-10-14,17,REF017,62
2024-10-14,18,REF018,65
2024-10-14,18,REF018,30
2024-10-14,18,REF018,52
2024-10-14,19,REF019,61
2024-10-14,19,REF019,40
2024-10-14,19,REF019,3
2024-10-14,20,REF020,97
2024-10-15,1,REF001,31
2024-10-15,1,REF001,31
2024-10-15,2,REF002,70
2024-10-15,2,REF002,21
2024-10-15,2,REF002,18
2024-10-15,2,REF002,81
2024-10-15,2,REF002,58
2024-10-15,2,REF002,66
2024-10-15,3,REF003,16
2024-10-15,3,REF003,70
2024-10-15,3,REF003,80
2024-10-15,4,REF004,35
2024-10-15,4,REF004,31
2024-10-15,5,REF005,10
2024-10-15,5,REF005,47
2024-10-15,5,REF005,58
2024-10-15,5,REF005,20
2024-10-15,5,REF005,27
2024-10-15,5,REF005,70
2024-10-15,5,REF005,42
2024-10-15,6,REF006,78
2024-10-15,6,REF006,99
2024-10-15,6,REF006,79
2024-10-15,6,REF006,85
2024-10-15,7,REF007,53
2024-10-15,7,REF007,30
2024-10-15,8,REF008,94
2024-10-15,8,REF008,97
2024-10-15,8,REF008,37
2024-10-15,10,REF010,73
2024-10-15,10,REF010,6
2024-10-15,10,REF010,66
2024-10-15,10,REF010,56
2024-10-15,11,REF011,81
2024-10-15,11,REF011,2
2024-10-15,11,REF011,74
2024-10-15,11,REF011,54
2024-10-15,12,REF012,85
2024-10-15,13,REF013,100
2024-10-15,14,REF014,14
2024-10-15,14,REF014,36
2024-10-15,14,REF014,83
2024-10-15,15,REF015,35
2024-10-15,15,REF015,11
2024-10-15,15,REF015,67
2024-10-15,16,REF016,94
2024-10-15,16,REF016,76
2024-10-15,16,REF016,52
2024-10-15,16,REF016,56
2024-10-15,16,REF016,34
2024-10-15,17,REF017,69
2024-10-15,17,REF017,69
2024-10-15,17,REF017,85
2024-10-15,17,REF017,4
2024-10-15,17,REF017,17
2024-10-15,17,REF017,66
2024-10-15,18,REF018,57
2024-10-15,18,REF018,7
2024-10-15,19,REF019,68
2024-10-15,19,REF019,68
2024-10-15,20,REF020,44
2024-10-15,20,REF020,64
2024-10-15,20,REF020,62
2024-10-15,20,REF020,83
2024-10-15,20,REF020,84
2024-10-16,1,REF001,96
2024-10-16,1,REF001,26
2024-10-16,1,REF001,74
2024-10-16,1,REF001,98
2024-10-16,2,REF002,10
2024-10-16,2,REF002,65
2024-10-16,2,REF002,76
2024-10-16,2,REF002,3
2024-10-16,3,REF003,71
2024-10-16,3,REF003,54
2024-10-16,3,REF003,24
2024-10-16,3,REF003,38
2024-10-16,3,REF003,73
2024-10-16,4,REF004,7
2024-10-16,5,REF005,2
2024-10-16,5,REF005,99
2024-10-16,6,REF006,12
2024-10-16,6,REF006,33
2024-10-16,6,REF006,42
2024-10-16,6,REF006,61
2024-10-16,7,REF007,26
2024-10-16,7,REF007,88
2024-10-16,7,REF007,12
2024-10-16,7,REF007,12
2024-10-16,7,REF007,13
2024-10-16,7,REF007,89
2024-10-16,9,REF009,92
2024-10-16,9,REF009,58
2024-10-16,9,REF009,45
2024-10-16,9,REF009,54
2024-10-16,9,REF009,19
2024-10-16,9,REF009,95
2024-10-16,10,REF010,93
2024-10-16,10,REF010,75
2024-10-16,12,REF012,93
2024-10-16,12,REF012,48
2024-10-16,13,REF013,64
2024-10-16,13,REF013,50
2024-10-16,13,REF013,24
2024-10-16,13,REF013,61
2024-10-16,13,REF013,54
2024-10-16,13,REF013,42
2024-10-16,14,REF014,58
2024-10-16,14,REF014,43
2024-10-16,14,REF014,90
2024-10-16,14,REF014,94
2024-10-16,14,REF014,91
2024-10-16,14,REF014,84
2024-10-16,14,REF014,36
2024-10-16,16,REF016,76
2024-10-16,16,REF016,58
2024-10-16,16,REF016,88
2024-10-16,16,REF016,100
2024-10-16,17,REF017,93
2024-10-16,17,REF017,23
2024-10-16,17,REF017,69
2024-10-16,17,REF017,60
2024-10-16,17,REF017,69
2024-10-16,18,REF018,50
2024-10-16,18,REF018,91
2024-10-16,18,REF018,46
2024-10-16,18,REF018,99
2024-10-16,18,REF018,60
2024-10-16,19,REF019,100
2024-10-16,20,REF020,43
2024-10-16,20,REF020,91
2024-10-17,1,REF001,58
2024-10-17,1,REF001,89
2024-10-17,2,REF002,71
2024-10-17,2,REF002,9
2024-10-17,2,REF002,82
2024-10-17,2,REF002,9
2024-10-17,2,REF002,68
2024-10-17,2,REF002,1
2024-10-17,3,REF003,86
2024-10-17,4,REF004,78
2024-10-17,5,REF005,82
2024-10-17,6,REF006,31
2024-10-17,6,REF006,14
2024-10-17,7,REF007,48
2024-10-17,7,REF007,27
2024-10-17,7,REF007,94
2024-10-17,7,REF007,74
2024-10-17,8,REF008,55
2024-10-17,8,REF008,4
2024-10-17,9,REF009,98
2024-10-17,9,REF009,49
2024-10-17,10,REF010,74
2024-10-17,10,REF010,30
2024-10-17,10,REF010,12
2024-10-17,10,REF010,90
2024-10-17,10,REF010,33
2024-10-17,11,REF011,85
2024-10-17,11,REF011,46
2024-10-17,11,REF011,93
2024-10-17,11,REF011,5
2024-10-17,12,REF012,1
2024-10-17,13,REF013,33
2024-10-17,13,REF013,5
2024-10-17,13,REF013,81
2024-10-17,14,REF014,54
2024-10-17,14,REF014,47
2024-10-17,14,REF014,60
2024-10-17,14,REF014,56
2024-10-17,15,REF015,97
2024-10-17,15,REF015,95
2024-10-17,15,REF015,99
2024-10-17,15,REF015,61
2024-10-17,16,REF016,34
2024-10-17,16,REF016,15
2024-10-17,17,REF017,78
2024-10-17,17,REF017,30
2024-10-17,17,REF017,10
2024-10-17,18,REF018,85
2024-10-17,18,REF018,69
2024-10-17,18,REF018,38
2024-10-17,18,REF018,69
2024-10-17,19,REF019,14
2024-10-17,19,REF019,42
2024-10-17,19,REF019,12
2024-10-17,19,REF019,26
2024-10-17,20,REF020,34
2024-10-17,20,REF020,36
2024-10-17,20,REF020,71
2024-10-17,20,REF020,51
2024-10-17,20,REF020,85
2024-10-17,20,REF020,86
2024-10-18,2,REF002,94
2024-10-18,2,REF002,36
2024-10-18,2,REF002,88
2024-10-18,2,REF002,74
2024-10-18,2,REF002,79
2024-10-18,3,REF003,18
2024-10-18,3,REF003,36
2024-10-18,4,REF004,51
2024-10-18,4,REF004,39
2024-10-18,4,REF004,49
2024-10-18,6,REF006,48
2024-10-18,6,REF006,52
2024-10-18,6,REF006,38
2024-10-18,6,REF006,38
2024-10-18,7,REF007,31
2024-10-18,7,REF007,75
2024-10-18,7,REF007,81
2024-10-18,8,REF008,18
2024-10-18,8,REF008,25
2024-10-18,8,REF008,80
2024-10-18,8,REF008,18
2024-10-18,8,REF008,39
2024-10-18,9,REF009,38
2024-10-18,9,REF009,68
2024-10-18,9,REF009,30
2024-10-18,9,REF009,43
2024-10-18,9,REF009,99
2024-10-18,10,REF010,60
2024-10-18,10,REF010,77
2024-10-18,10,REF010,90
2024-10-18,10,REF010,92
2024-10-18,10,REF010,53
2024-10-18,11,REF011,19
2024-10-18,11,REF011,74
2024-10-18,12,REF012,87
2024-10-18,13,REF013,83
2024-10-18,13,REF013,34
2024-10-18,14,REF014,17
2024-10-18,15,REF015,28
2024-10-18,16,REF016,70
2024-10-18,16,REF016,35
2024-10-18,17,REF017,10
2024-10-18,17,REF017,52
2024-10-18,18,REF018,57
2024-10-18,18,REF018,52
2024-10-18,19,REF019,7
2024-10-18,19,REF019,10
2024-10-18,19,REF019,38
2024-10-18,20,REF020,70
2024-10-19,1,REF001,14
2024-10-19,1,REF001,75
2024-10-19,3,REF003,4
2024-10-19,4,REF004,23
2024-10-19,4,REF004,45
2024-10-19,4,REF004,62
2024-10-19,4,REF004,83
2024-10-19,5,REF005,10
2024-10-19,6,REF006,24
2024-10-19,6,REF006,13
2024-10-19,7,REF007,72
2024-10-19,8,REF008,33
2024-10-19,8,REF008,90
2024-10-19,8,REF008,31
2024-10-19,8,REF008,33
2024-10-19,9,REF009,47
2024-10-19,9,REF009,27
2024-10-19,10,REF010,30
2024-10-19,10,REF010,58
2024-10-19,10,REF010,32
2024-10-19,10,REF010,81
2024-10-19,11,REF011,9
2024-10-19,12,REF012,86
2024-10-19,12,REF012,86
2024-10-19,12,REF012,54
2024-10-19,13,REF013,63
2024-10-19,13,REF013,20
2024-10-19,13,REF013,74
2024-10-19,14,REF014,62
2024-10-19,15,REF015,99
2024-10-19,15,REF015,3
2024-10-19,15,REF015,27
2024-10-19,16,REF016,36
2024-10-19,16,REF016,79
2024-10-19,16,REF016,60
2024-10-19,17,REF017,44
2024-10-19,17,REF017,73
2024-10-19,17,REF017,75
2024-10-19,17,REF017,34
2024-10-19,18,REF018,99
2024-10-19,18,REF018,25
2024-10-19,19,REF019,76
2024-10-19,19,REF019,27
2024-10-19,19,REF019,56
2024-10-19,19,REF019,95
2024-10-19,20,REF020,14
2024-10-19,20,REF020,72
2024-10-19,20,REF020,51
2024-10-19,20,REF020,96
2024-10-19,20,REF020,39
2024-10-20,1,REF001,33
2024-10-20,2,REF002,38
2024-10-20,2,REF002,2
2024-10-20,3,REF003,3
2024-10-20,4,REF004,18
2024-10-20,4,REF004,8
2024-10-20,4,REF004,69
2024-10-20,4,REF004,6
2024-10-20,6,REF006,1
2024-10-20,6,REF006,64
2024-10-20,7,REF007,85
2024-10-20,7,REF007,94
2024-10-20,7,REF007,7
2024-10-20,7,REF007,33
2024-10-20,7,REF007,69
2024-10-20,7,REF007,97
2024-10-20,8,REF008,15
2024-10-20,8,REF008,35
2024-10-20,8,REF008,3
2024-10-20,9,REF009,37
2024-10-20,10,REF010,84
2024-10-20,10,REF010,91
2024-10-20,11,REF011,38
2024-10-20,12,REF012,10
2024-10-20,12,REF012,26
2024-10-20,13,REF013,34
2024-10-20,14,REF014,31
2024-10-20,14,REF014,68
2024-10-20,14,REF014,64
2024-10-20,14,REF014,66
2024-10-20,14,REF014,38
2024-10-20,15,REF015,5
2024-10-20,15,REF015,35
2024-10-20,15,REF015,24
2024-10-20,15,REF015,38
2024-10-20,16,REF016,95
2024-10-20,16,REF016,59
2024-10-20,16,REF016,14
2024-10-20,17,REF017,72
2024-10-20,18,REF018,62
2024-10-20,18,REF018,9
2024-10-20,19,REF019,51
2024-10-20,20,REF020,6
2024-10-20,20,REF020,84
2024-10-20,20,REF020,37
2024-10-21,1,REF001,1
2024-10-21,1,REF001,15
2024-10-21,1,REF001,50
2024-10-21,1,REF001,44
2024-10-21,1,REF001,84
2024-10-21,2,REF002,49
2024-10-21,2,REF002,62
2024-10-21,2,REF002,69
2024-10-21,3,REF003,14
2024-10-21,3,REF003,53
2024-10-21,4,REF004,56
2024-10-21,4,REF004,13
2024-10-21,5,REF005,8
2024-10-21,5,REF005,16
2024-10-21,6,REF006,12
2024-10-21,6,REF006,64
2024-10-21,6,REF006,4
2024-10-21,6,REF006,99
2024-10-21,6,REF006,37
2024-10-21,6,REF006,77
2024-10-21,6,REF006,3
2024-10-21,6,REF006,7
2024-10-21,7,REF007,33
2024-10-21,7,REF007,10
2024-10-21,7,REF007,44
2024-10-21,7,REF007,39
2024-10-21,7,REF007,23
2024-10-21,7,REF007,91
2024-10-21,8,REF008,87
2024-10-21,8,REF008,53
2024-10-21,8,REF008,50
2024-10-21,8,REF008,39
2024-10-21,8,REF008,5
2024-10-21,10,REF010,91
2024-10-21,10,REF010,68
2024-10-21,10,REF010,75
2024-10-21,11,REF011,48
2024-10-21,11,REF011,17
2024-10-21,11,REF011,76
2024-10-21,11,REF011,31
2024-10-21,11,REF011,43
2024-10-21,12,REF012,6
2024-10-21,12,REF012,58
2024-10-21,12,REF012,41
2024-10-21,12,REF012,98
2024-10-21,13,REF013,59
2024-10-21,13,REF013,40
2024-10-21,13,REF013,30
2024-10-21,14,REF014,49
2024-10-21,14,REF014,14
2024-10-21,15,REF015,12
2024-10-21,16,REF016,25
2024-10-21,16,REF016,91
2024-10-21,16,REF016,60
2024-10-21,16,REF016,54
2024-10-21,17,REF017,43
2024-10-21,18,REF018,8
2024-10-21,19,REF019,7
2024-10-21,19,REF019,16
2024-10-21,19,REF019,37
2024-10-21,19,REF019,18
2024-10-21,19,REF019,49
2024-10-21,20,REF020,16
2024-10-21,20,REF020,76
2024-10-21,20,REF020,87
2024-10-21,20,REF020,43
2024-10-22,1,REF001,19
2024-10-22,2,REF002,67
2024-10-22,2,REF002,83
2024-10-22,2,REF002,87
2024-10-22,2,REF002,80
2024-10-22,3,REF003,1
2024-10-22,3,REF003,20
2024-10-22,3,REF003,28
2024-10-22,3,REF003,53
2024-10-22,4,REF004,72
2024-10-22,5,REF005,12
2024-10-22,5,REF005,84
2024-10-22,5,REF005,90
2024-10-22,6,REF006,58
2024-10-22,6,REF006,19
2024-10-22,6,REF006,54
2024-10-22,6,REF006,94
2024-10-22,7,REF007,40
2024-10-22,7,REF007,15
2024-10-22,8,REF008,35
2024-10-22,8,REF008,13
2024-10-22,8,REF008,81
2024-10-22,9,REF009,86
2024-10-22,9,REF009,66
2024-10-22,9,REF009,2
2024-10-22,9,REF009,66
2024-10-22,9,REF009,65
2024-10-22,9,REF009,93
2024-10-22,10,REF010,78
2024-10-22,11,REF011,45
2024-10-22,11,REF011,87
2024-10-22,12,REF012,24
2024-10-22,13,REF013,55
2024-10-22,13,REF013,84
2024-10-22,13,REF013,18
2024-10-22,14,REF014,91
2024-10-22,14,REF014,95
2024-10-22,14,REF014,24
2024-10-22,16,REF016,70
2024-10-22,17,REF017,53
2024-10-22,17,REF017,64
2024-10-22,19,REF019,1
2024-10-22,19,REF019,84
2024-10-22,20,REF020,53
2024-10-22,20,REF020,47
2024-10-22,20,REF020,3
2024-10-22,20,REF020,1
2024-10-23,1,REF001,2
2024-10-23,1,REF001,90
2024-10-23,1,REF001,5
2024-10-23,2,REF002,32
2024-10-23,2,REF002,53
2024-10-23,2,REF002,47
2024-10-23,3,REF003,58
2024-10-23,3,REF003,67
2024-10-23,3,REF003,98
2024-10-23,3,REF003,82
2024-10-23,3,REF003,96
2024-10-23,5,REF005,18
2024-10-23,5,REF005,62
2024-10-23,6,REF006,49
2024-10-23,6,REF006,91
2024-10-23,6,REF006,19
2024-10-23,7,REF007,74
2024-10-23,8,REF008,3
2024-10-23,8,REF008,70
2024-10-23,8,REF008,15
2024-10-23,9,REF009,24
2024-10-23,9,REF009,55
2024-10-23,9,REF009,89
2024-10-23,9,REF009,5
2024-10-23,9,REF009,94
2024-10-23,10,REF010,98
2024-10-23,10,REF010,49
2024-10-23,10,REF010,29
2024-10-23,10,REF010,6
2024-10-23,11,REF011,22
2024-10-23,11,REF011,91
2024-10-23,11,REF011,53
2024-10-23,12,REF012,94
2024-10-23,12,REF012,41
2024-10-23,13,REF013,81
2024-10-23,13,REF013,73
2024-10-23,14,REF014,36
2024-10-23,15,REF015,20
2024-10-23,15,REF015,50
2024-10-23,15,REF015,34
2024-10-23,16,REF016,86
2024-10-23,16,REF016,46
2024-10-23,16,REF016,44
2024-10-23,17,REF017,27
2024-10-23,17,REF017,76
2024-10-23,17,REF017,11
2024-10-23,18,REF018,18
2024-10-23,18,REF018,83
2024-10-23,19,REF019,8
2024-10-23,20,REF020,26
2024-10-24,1,REF001,88
2024-10-24,1,REF001,9
2024-10-24,1,REF001,48
2024-10-24,1,REF001,80
2024-10-24,1,REF001,41
2024-10-24,2,REF002,66
2024-10-24,3,REF003,25
2024-10-24,3,REF003,47
2024-10-24,4,REF004,72
2024-10-24,4,REF004,13
2024-10-24,4,REF004,71
2024-10-24,4,REF004,31
2024-10-24,4,REF004,83
2024-10-24,4,REF004,17
2024-10-24,5,REF005,88
2024-10-24,5,REF005,31
2024-10-24,5,REF005,71
2024-10-24,5,REF005,22
2024-10-24,5,REF005,45
2024-10-24,6,REF006,87
2024-10-24,6,REF006,40
2024-10-24,6,REF006,87
2024-10-24,6,REF006,29
2024-10-24,6,REF006,90
2024-10-24,7,REF007,18
2024-10-24,7,REF007,30
2024-10-24,7,REF007,89
2024-10-24,7,REF007,94
2024-10-24,7,REF007,59
2024-10-24,8,REF008,84
2024-10-24,9,REF009,62
2024-10-24,9,REF009,17
2024-10-24,9,REF009,60
2024-10-24,9,REF009,84
2024-10-24,9,REF009,25
2024-10-24,10,REF010,90
2024-10-24,10,REF010,6
2024-10-24,11,REF011,81
2024-10-24,12,REF012,93
2024-10-24,12,REF012,59
2024-10-24,13,REF013,73
2024-10-24,13,REF013,34
2024-10-24,13,REF013,1
2024-10-24,13,REF013,53
2024-10-24,14,REF014,10
2024-10-24,14,REF014,83
2024-10-24,14,REF014,74
2024-10-24,14,REF014,53
2024-10-24,14,REF014,17
2024-10-24,14,REF014,55
2024-10-24,14,REF014,19
2024-10-24,15,REF015,8
2024-10-24,15,REF015,24
2024-10-24,15,REF015,25
2024-10-24,16,REF016,94
2024-10-24,16,REF016,70
2024-10-24,17,REF017,53
2024-10-24,17,REF017,92
2024-10-24,18,REF018,64
2024-10-24,18,REF018,68
2024-10-24,19,REF019,93
2024-10-24,19,REF019,44
2024-10-24,19,REF019,58
2024-10-24,19,REF019,42
2024-10-24,20,REF020,36
2024-10-24,20,REF020,90
2024-10-24,20,REF020,57
2024-10-24,20,REF020,62
2024-10-24,20,REF020,86
2024-10-24,20,REF020,61
2024-10-24,20,REF020,87
2024-10-25,1,REF001,11
2024-10-25,2,REF002,13
2024-10-25,3,REF003,81
2024-10-25,3,REF003,79
2024-10-25,4,REF004,40
2024-10-25,4,REF004,100
2024-10-25,5,REF005,28
2024-10-25,6,REF006,43
2024-10-25,6,REF006,73
2024-10-25,6,REF006,15
2024-10-25,7,REF007,58
2024-10-25,7,REF007,63
2024-10-25,7,REF007,35
2024-10-25,7,REF007,2
2024-10-25,8,REF008,62
2024-10-25,8,REF008,66
2024-10-25,8,REF008,93
2024-10-25,8,REF008,68
2024-10-25,10,REF010,53
2024-10-25,10,REF010,53
2024-10-25,10,REF010,32
2024-10-25,10,REF010,23
2024-10-25,10,REF010,68
2024-10-25,10,REF010,3
2024-10-25,11,REF011,78
2024-10-25,11,REF011,15
2024-10-25,12,REF012,95
2024-10-25,13,REF013,20
2024-10-25,13,REF013,54
2024-10-25,13,REF013,92
2024-10-25,13,REF013,82
2024-10-25,13,REF013,88
2024-10-25,14,REF014,64
2024-10-25,14,REF014,30
2024-10-25,14,REF014,53
2024-10-25,14,REF014,52
2024-10-25,15,REF015,74
2024-10-25,15,REF015,62
2024-10-25,16,REF016,94
2024-10-25,16,REF016,75
2024-10-25,16,REF016,74
2024-10-25,17,REF017,74
2024-10-25,17,REF017,84
2024-10-25,17,REF017,71
2024-10-25,18,REF018,48
2024-10-25,18,REF018,26
2024-10-25,18,REF018,71
2024-10-25,18,REF018,49
2024-10-25,18,REF018,74
2024-10-25,18,REF018,44
2024-10-25,19,REF019,2
2024-10-25,20,REF020,60
2024-10-25,20,REF020,69
2024-10-25,20,REF020,20
2024-10-25,20,REF020,94
2024-10-26,1,REF001,22
2024-10-26,1,REF001,73
2024-10-26,1,REF001,81
2024-10-26,1,REF001,75
2024-10-26,3,REF003,47
2024-10-26,3,REF003,12
2024-10-26,3,REF003,50
2024-10-26,3,REF003,52
2024-10-26,4,REF004,62
2024-10-26,4,REF004,19
2024-10-26,5,REF005,98
2024-10-26,5,REF005,44
2024-10-26,5,REF005,81
2024-10-26,5,REF005,6
2024-10-26,5,REF005,1
2024-10-26,5,REF005,16
2024-10-26,6,REF006,62
2024-10-26,6,REF006,58
2024-10-26,7,REF007,77
2024-10-26,7,REF007,11
2024-10-26,8,REF008,42
2024-10-26,8,REF008,35
2024-10-26,8,REF008,13
2024-10-26,9,REF009,54
2024-10-26,9,REF009,97
2024-10-26,9,REF009,24
2024-10-26,9,REF009,89
2024-10-26,10,REF010,100
2024-10-26,10,REF010,36
2024-10-26,10,REF010,4
2024-10-26,10,REF010,29
2024-10-26,10,REF010,7
2024-10-26,11,REF011,98
2024-10-26,12,REF012,93
2024-10-26,12,REF012,62
2024-10-26,12,REF012,43
2024-10-26,13,REF013,90
2024-10-26,14,REF014,74
2024-10-26,14,REF014,51
2024-10-26,15,REF015,47
2024-10-26,16,REF016,81
2024-10-26,16,REF016,1
2024-10-26,17,REF017,62
2024-10-26,17,REF017,20
2024-10-26,17,REF017,18
2024-10-26,17,REF017,43
2024-10-26,17,REF017,71
2024-10-26,18,REF018,7
2024-10-26,18,REF018,14
2024-10-26,18,REF018,27
2024-10-26,18,REF018,14
2024-10-26,19,REF019,22
2024-10-26,20,REF020,71
2024-10-26,20,REF020,82
2024-10-26,20,REF020,67
2024-10-26,20,REF020,92
2024-10-26,20,REF020,51
2024-10-26,20,REF020,54
2024-10-26,20,REF020,95
2024-10-27,1,REF001,61
2024-10-27,1,REF001,97
2024-10-27,1,REF001,18
2024-10-27,1,REF001,69
2024-10-27,2,REF002,65
2024-10-27,2,REF002,67
2024-10-27,2,REF002,11
2024-10-27,4,REF004,72
2024-10-27,5,REF005,54
2024-10-27,5,REF005,8
2024-10-27,5,REF005,92
2024-10-27,6,REF006,12
2024-10-27,6,REF006,98
2024-10-27,7,REF007,69
2024-10-27,7,REF007,8
2024-10-27,7,REF007,93
2024-10-27,7,REF007,88
2024-10-27,7,REF007,34
2024-10-27,7,REF007,38
2024-10-27,7,REF007,86
2024-10-27,7,REF007,89
2024-10-27,8,REF008,71
2024-10-27,8,REF008,35
2024-10-27,9,REF009,69
2024-10-27,9,REF009,24
2024-10-27,9,REF009,27
2024-10-27,9,REF009,12
2024-10-27,9,REF009,100
2024-10-27,10,REF010,97
2024-10-27,11,REF011,39
2024-10-27,11,REF011,26
2024-10-27,11,REF011,83
2024-10-27,11,REF011,14
2024-10-27,12,REF012,82
2024-10-27,12,REF012,4
2024-10-27,12,REF012,62
2024-10-27,12,REF012,31
2024-10-27,12,REF012,75
2024-10-27,13,REF013,29
2024-10-27,13,REF013,89
2024-10-27,13,REF013,28
2024-10-27,13,REF013,92
2024-10-27,14,REF014,27
2024-10-27,14,REF014,21
2024-10-27,15,REF015,4
2024-10-27,16,REF016,1
2024-10-27,16,REF016,48
2024-10-27,16,REF016,37
2024-10-27,17,REF017,47
2024-10-27,17,REF017,14
2024-10-27,18,REF018,59
2024-10-27,18,REF018,55
2024-10-27,18,REF018,45
2024-10-27,19,REF019,66
2024-10-27,20,REF020,1
2024-10-28,1,REF001,30
2024-10-28,1,REF001,67
2024-10-28,1,REF001,49
2024-10-28,1,REF001,12
2024-10-28,2,REF002,27
2024-10-28,2,REF002,19
2024-10-28,2,REF002,30
2024-10-28,3,REF003,96
2024-10-28,3,REF003,88
2024-10-28,3,REF003,45
2024-10-28,3,REF003,91
2024-10-28,3,REF003,1
2024-10-28,4,REF004,86
2024-10-28,4,REF004,10
2024-10-28,4,REF004,41
2024-10-28,4,REF004,95
2024-10-28,5,REF005,58
2024-10-28,6,REF006,19
2024-10-28,6,REF006,67
2024-10-28,7,REF007,51
2024-10-28,8,REF008,76
2024-10-28,8,REF008,15
2024-10-28,8,REF008,76
2024-10-28,9,REF009,73
2024-10-28,9,REF009,36
2024-10-28,9,REF009,39
2024-10-28,11,REF011,46
2024-10-28,11,REF011,34
2024-10-28,12,REF012,20
2024-10-28,12,REF012,76
2024-10-28,12,REF012,8
2024-10-28,12,REF012,68
2024-10-28,12,REF012,18
2024-10-28,13,REF013,76
2024-10-28,13,REF013,91
2024-10-28,13,REF013,6
2024-10-28,13,REF013,67
2024-10-28,14,REF014,76
2024-10-28,14,REF014,36
2024-10-28,15,REF015,23
2024-10-28,15,REF015,81
2024-10-28,16,REF016,87
2024-10-28,16,REF016,94
2024-10-28,16,REF016,77
2024-10-28,16,REF016,2
2024-10-28,17,REF017,42
2024-10-28,17,REF017,100
2024-10-28,18,REF018,88
2024-10-28,18,REF018,68
2024-10-28,18,REF018,66
2024-10-28,18,REF018,15
2024-10-28,18,REF018,45
2024-10-28,19,REF019,53
2024-10-28,20,REF020,97
2024-10-28,20,REF020,99
2024-10-28,20,REF020,10
2024-10-29,1,REF001,75
2024-10-29,1,REF001,65
2024-10-29,1,REF001,90
2024-10-29,2,REF002,35
2024-10-29,2,REF002,82
2024-10-29,2,REF002,58
2024-10-29,3,REF003,45
2024-10-29,3,REF003,74
2024-10-29,3,REF003,90
2024-10-29,3,REF003,34
2024-10-29,3,REF003,10
2024-10-29,4,REF004,72
2024-10-29,5,REF005,1
2024-10-29,5,REF005,28
2024-10-29,5,REF005,85
2024-10-29,5,REF005,90
2024-10-29,5,REF005,67
2024-10-29,5,REF005,52
2024-10-29,5,REF005,72
2024-10-29,5,REF005,14
2024-10-29,6,REF006,10
2024-10-29,7,REF007,35
2024-10-29,7,REF007,76
2024-10-29,7,REF007,33
2024-10-29,7,REF007,87
2024-10-29,7,REF007,5
2024-10-29,8,REF008,33
2024-10-29,8,REF008,47
2024-10-29,8,REF008,43
2024-10-29,9,REF009,27
2024-10-29,9,REF009,33
2024-10-29,10,REF010,3
2024-10-29,10,REF010,76
2024-10-29,11,REF011,35
2024-10-29,11,REF011,5
2024-10-29,11,REF011,85
2024-10-29,11,REF011,22
2024-10-29,12,REF012,37
2024-10-29,12,REF012,58
2024-10-29,12,REF012,47
2024-10-29,13,REF013,96
2024-10-29,13,REF013,86
2024-10-29,14,REF014,14
2024-10-29,14,REF014,100
2024-10-29,15,REF015,91
2024-10-29,16,REF016,66
2024-10-29,16,REF016,63
2024-10-29,17,REF017,16
2024-10-29,17,REF017,2
2024-10-29,18,REF018,37
2024-10-29,18,REF018,78
2024-10-29,18,REF018,28
2024-10-29,18,REF018,78
2024-10-29,19,REF019,59
2024-10-29,19,REF019,78
2024-10-29,19,REF019,45
2024-10-29,19,REF019,90
2024-10-29,19,REF019,79
2024-10-29,19,REF019,70
2024-10-29,20,REF020,20
2024-10-29,20,REF020,55
2024-10-29,20,REF020,1
2024-10-29,20,REF020,78
2024-10-30,1,REF001,47
2024-10-30,1,REF001,61
2024-10-30,2,REF002,33
2024-10-30,3,REF003,46
2024-10-30,3,REF003,70
2024-10-30,3,REF003,43
2024-10-30,4,REF004,2
2024-10-30,5,REF005,89
2024-10-30,6,REF006,54
2024-10-30,6,REF006,16
2024-10-30,6,REF006,98
2024-10-30,7,REF007,41
2024-10-30,7,REF007,46
2024-10-30,8,REF008,52
2024-10-30,8,REF008,72
2024-10-30,8,REF008,78
2024-10-30,8,REF008,19
2024-10-30,8,REF008,46
2024-10-30,10,REF010,60
2024-10-30,10,REF010,55
2024-10-30,10,REF010,32
2024-10-30,10,REF010,56
2024-10-30,10,REF010,56
2024-10-30,11,REF011,24
2024-10-30,11,REF011,96
2024-10-30,11,REF011,22
2024-10-30,12,REF012,21
2024-10-30,12,REF012,61
2024-10-30,13,REF013,4
2024-10-30,13,REF013,69
2024-10-30,13,REF013,51
2024-10-30,14,REF014,19
2024-10-30,14,REF014,66
2024-10-30,14,REF014,73
2024-10-30,15,REF015,35
2024-10-30,15,REF015,3
2024-10-30,15,REF015,85
2024-10-30,15,REF015,69
2024-10-30,16,REF016,44
2024-10-30,16,REF016,51
2024-10-30,16,REF016,10
2024-10-30,16,REF016,18
2024-10-30,17,REF017,30
2024-10-30,17,REF017,42
2024-10-30,18,REF018,53
2024-10-30,19,REF019,28
2024-10-30,19,REF019,23
2024-10-30,20,REF020,28
2024-10-30,20,REF020,46
2024-10-30,20,REF020,57
2024-10-31,1,REF001,59
2024-10-31,1,REF001,56
2024-10-31,1,REF001,16
2024-10-31,1,REF001,86
2024-10-31,1,REF001,23
2024-10-31,1,REF001,27
2024-10-31,1,REF001,33
2024-10-31,2,REF002,91
2024-10-31,2,REF002,47
2024-10-31,3,REF003,91
2024-10-31,4,REF004,13
2024-10-31,4,REF004,55
2024-10-31,4,REF004,19
2024-10-31,4,REF004,18
2024-10-31,4,REF004,37
2024-10-31,4,REF004,27
2024-10-31,5,REF005,78
2024-10-31,6,REF006,40
2024-10-31,7,REF007,18
2024-10-31,7,REF007,31
2024-10-31,7,REF007,40
2024-10-31,7,REF007,9
2024-10-31,8,REF008,50
2024-10-31,9,REF009,82
2024-10-31,9,REF009,94
2024-10-31,9,REF009,52
2024-10-31,9,REF009,51
2024-10-31,10,REF010,9
2024-10-31,11,REF011,7
2024-10-31,11,REF011,59
2024-10-31,11,REF011,39
2024-10-31,11,REF011,97
2024-10-31,11,REF011,57
2024-10-31,11,REF011,70
2024-10-31,12,REF012,23
2024-10-31,13,REF013,39
2024-10-31,13,REF013,58
2024-10-31,13,REF013,48
2024-10-31,14,REF014,81
2024-10-31,16,REF016,67
2024-10-31,16,REF016,68
2024-10-31,16,REF016,9
2024-10-31,17,REF017,3
2024-10-31,18,REF018,13
2024-10-31,18,REF018,85
2024-10-31,18,REF018,64
2024-10-31,18,REF018,76
2024-11-01,1,REF001,44
2024-11-01,1,REF001,85
2024-11-01,1,REF001,91
2024-11-01,1,REF001,42
2024-11-01,1,REF001,87
2024-11-01,1,REF001,84
2024-11-01,1,REF001,7
2024-11-01,3,REF003,66
2024-11-01,3,REF003,89
2024-11-01,3,REF003,38
2024-11-01,4,REF004,22
2024-11-01,4,REF004,77
2024-11-01,4,REF004,77
2024-11-01,5,REF005,83
2024-11-01,5,REF005,36
2024-11-01,5,REF005,86
2024-11-01,5,REF005,48
2024-11-01,5,REF005,26
2024-11-01,6,REF006,59
2024-11-01,6,REF006,64
2024-11-01,6,REF006,70
2024-11-01,7,REF007,33
2024-11-01,7,REF007,81
2024-11-01,8,REF008,53
2024-11-01,8,REF008,88
2024-11-01,8,REF008,37
2024-11-01,9,REF009,68
2024-11-01,9,REF009,60
2024-11-01,10,REF010,33
2024-11-01,10,REF010,17
2024-11-01,10,REF010,1
2024-11-01,11,REF011,15
2024-11-01,11,REF011,89
2024-11-01,12,REF012,50
2024-11-01,12,REF012,6
2024-11-01,13,REF013,6
2024-11-01,13,REF013,84
2024-11-01,13,REF013,2
2024-11-01,13,REF013,3
2024-11-01,14,REF014,82
2024-11-01,14,REF014,40
2024-11-01,14,REF014,81
2024-11-01,15,REF015,37
2024-11-01,15,REF015,57
2024-11-01,16,REF016,42
2024-11-01,16,REF016,20
2024-11-01,16,REF016,82
2024-11-01,16,REF016,56
2024-11-01,17,REF017,89
2024-11-01,17,REF017,79
2024-11-01,18,REF018,11
2024-11-01,19,REF019,97
2024-11-01,19,REF019,93
2024-11-01,19,REF019,26
2024-11-01,20,REF020,97
2024-11-01,20,REF020,12
2024-11-01,20,REF020,13
2024-11-01,20,REF020,65
2024-11-02,2,REF002,97
2024-11-02,2,REF002,94
2024-11-02,2,REF002,70
2024-11-02,3,REF003,55
2024-11-02,3,REF003,43
2024-11-02,3,REF003,86
2024-11-02,3,REF003,69
2024-11-02,4,REF004,98
2024-11-02,4,REF004,11
2024-11-02,6,REF006,75
2024-11-02,6,REF006,16
2024-11-02,7,REF007,43
2024-11-02,7,REF007,66
2024-11-02,7,REF007,39
2024-11-02,8,REF008,18
2024-11-02,9,REF009,24
2024-11-02,9,REF009,67
2024-11-02,9,REF009,17
2024-11-02,10,REF010,89
2024-11-02,10,REF010,70
2024-11-02,11,REF011,7
2024-11-02,11,REF011,83
2024-11-02,11,REF011,8
2024-11-02,11,REF011,83
2024-11-02,12,REF012,61
2024-11-02,12,REF012,40
2024-11-02,12,REF012,56
2024-11-02,13,REF013,73
2024-11-02,13,REF013,45
2024-11-02,13,REF013,78
2024-11-02,15,REF015,59
2024-11-02,15,REF015,39
2024-11-02,16,REF016,53
2024-11-02,16,REF016,56
2024-11-02,16,REF016,10
2024-11-02,17,REF017,21
2024-11-02,19,REF019,45
2024-11-02,19,REF019,83
2024-11-02,19,REF019,10
2024-11-02,19,REF019,47
2024-11-02,19,REF019,65
2024-11-02,20,REF020,37
2024-11-02,20,REF020,6
2024-11-02,20,REF020,88
2024-11-03,1,REF001,54
2024-11-03,1,REF001,39
2024-11-03,1,REF001,88
2024-11-03,1,REF001,45
2024-11-03,2,REF002,83
2024-11-03,2,REF002,25
2024-11-03,2,REF002,12
2024-11-03,3,REF003,97
2024-11-03,3,REF003,27
2024-11-03,3,REF003,55
2024-11-03,4,REF004,74
2024-11-03,4,REF004,95
2024-11-03,5,REF005,74
2024-11-03,5,REF005,80
2024-11-03,6,REF006,92
2024-11-03,6,REF006,23
2024-11-03,7,REF007,64
2024-11-03,8,REF008,99
2024-11-03,8,REF008,82
2024-11-03,8,REF008,7
2024-11-03,8,REF008,84
2024-11-03,9,REF009,48
2024-11-03,9,REF009,43
2024-11-03,9,REF009,79
2024-11-03,9,REF009,86
2024-11-03,10,REF010,98
2024-11-03,11,REF011,24
2024-11-03,11,REF011,68
2024-11-03,12,REF012,100
2024-11-03,12,REF012,91
2024-11-03,13,REF013,8
2024-11-03,13,REF013,76
2024-11-03,13,REF013,93
2024-11-03,14,REF014,63
2024-11-03,14,REF014,11
2024-11-03,14,REF014,15
2024-11-03,14,REF014,74
2024-11-03,14,REF014,43
2024-11-03,15,REF015,21
2024-11-03,15,REF015,49
2024-11-03,15,REF015,71
2024-11-03,15,REF015,63
2024-11-03,15,REF015,60
2024-11-03,16,REF016,78
2024-11-03,17,REF017,66
2024-11-03,18,REF018,24
2024-11-03,18,REF018,71
2024-11-03,19,REF019,100
2024-11-03,19,REF019,41
2024-11-03,19,REF019,52
2024-11-03,20,REF020,96
2024-11-03,20,REF020,75
2024-11-03,20,REF020,76
2024-11-04,1,REF001,98
2024-11-04,1,REF001,9
2024-11-04,1,REF001,3
2024-11-04,2,REF002,75
2024-11-04,2,REF002,91
2024-11-04,3,REF003,6
2024-11-04,3,REF003,59
2024-11-04,3,REF003,2
2024-11-04,4,REF004,92
2024-11-04,4,REF004,30
2024-11-04,4,REF004,43
2024-11-04,4,REF004,46
2024-11-04,5,REF005,62
2024-11-04,5,REF005,67
2024-11-04,5,REF005,1
2024-11-04,6,REF006,23
2024-11-04,6,REF006,32
2024-11-04,6,REF006,41
2024-11-04,6,REF006,94
2024-11-04,6,REF006,47
2024-11-04,6,REF006,35
2024-11-04,6,REF006,58
2024-11-04,7,REF007,9
2024-11-04,8,REF008,47
2024-11-04,8,REF008,91
2024-11-04,9,REF009,57
2024-11-04,9,REF009,97
2024-11-04,9,REF009,80
2024-11-04,9,REF009,92
2024-11-04,9,REF009,88
2024-11-04,10,REF010,7
2024-11-04,10,REF010,6
2024-11-04,10,REF010,8
2024-11-04,10,REF010,68
2024-11-04,11,REF011,1
2024-11-04,11,REF011,56
2024-11-04,12,REF012,79
2024-11-04,12,REF012,72
2024-11-04,13,REF013,3
2024-11-04,13,REF013,9
2024-11-04,14,REF014,78
2024-11-04,14,REF014,89
2024-11-04,14,REF014,69
2024-11-04,14,REF014,96
2024-11-04,14,REF014,70
2024-11-04,15,REF015,29
2024-11-04,15,REF015,55
2024-11-04,15,REF015,87
2024-11-04,15,REF015,77
2024-11-04,17,REF017,47
2024-11-04,18,REF018,9
2024-11-04,18,REF018,91
2024-11-04,18,REF018,51
2024-11-04,18,REF018,38
2024-11-04,19,REF019,92
2024-11-04,19,REF019,89
2024-11-04,19,REF019,79
2024-11-04,19,REF019,78
2024-11-04,20,REF020,22
2024-11-04,20,REF020,67
2024-11-04,20,REF020,14
2024-11-04,20,REF020,60
2024-11-04,20,REF020,55
2024-11-05,1,REF001,9
2024-11-05,2,REF002,11
2024-11-05,3,REF003,47
2024-11-05,4,REF004,100
2024-11-05,5,REF005,36
2024-11-05,6,REF006,46
2024-11-05,6,REF006,34
2024-11-05,6,REF006,96
2024-11-05,7,REF007,90
2024-11-05,7,REF007,5
2024-11-05,8,REF008,1
2024-11-05,9,REF009,76
2024-11-05,9,REF009,69
2024-11-05,9,REF009,47
2024-11-05,10,REF010,85
2024-11-05,10,REF010,12
2024-11-05,11,REF011,8
2024-11-05,12,REF012,89
2024-11-05,12,REF012,22
2024-11-05,12,REF012,65
2024-11-05,12,REF012,23
2024-11-05,13,REF013,69
2024-11-05,13,REF013,31
2024-11-05,13,REF013,18
2024-11-05,14,REF014,15
2024-11-05,15,REF015,40
2024-11-05,15,REF015,48
2024-11-05,15,REF015,73
2024-11-05,15,REF015,23
2024-11-05,15,REF015,95
2024-11-05,15,REF015,25
2024-11-05,16,REF016,83
2024-11-05,17,REF017,60
2024-11-05,17,REF017,3
2024-11-05,18,REF018,15
2024-11-05,18,REF018,76
2024-11-05,18,REF018,63
2024-11-05,18,REF018,61
2024-11-05,18,REF018,10
2024-11-05,18,REF018,9
2024-11-05,18,REF018,60
2024-11-05,18,REF018,22
2024-11-05,18,REF018,38
2024-11-05,18,REF018,82
2024-11-05,18,REF018,100
2024-11-05,18,REF018,23
2024-11-05,19,REF019,62
2024-11-05,19,REF019,69
2024-11-05,20,REF020,8
2024-11-05,20,REF020,88
2024-11-05,20,REF020,56
2024-11-05,20,REF020,25
2024-11-06,1,REF001,10
2024-11-06,1,REF001,60
2024-11-06,2,REF002,93
2024-11-06,2,REF002,100
2024-11-06,3,REF003,92
2024-11-06,3,REF003,34
2024-11-06,4,REF004,66
2024-11-06,4,REF004,92
2024-11-06,4,REF004,20
2024-11-06,4,REF004,9
2024-11-06,4,REF004,73
2024-11-06,4,REF004,88
2024-11-06,4,REF004,13
2024-11-06,5,REF005,11
2024-11-06,5,REF005,45
2024-11-06,5,REF005,63
2024-11-06,5,REF005,70
2024-11-06,5,REF005,65
2024-11-06,5,REF005,43
2024-11-06,5,REF005,75
2024-11-06,5,REF005,92
2024-11-06,6,REF006,87
2024-11-06,6,REF006,14
2024-11-06,7,REF007,63
2024-11-06,7,REF007,52
2024-11-06,7,REF007,1
2024-11-06,7,REF007,67
2024-11-06,7,REF007,30
2024-11-06,8,REF008,93
2024-11-06,8,REF008,100
2024-11-06,9,REF009,80
2024-11-06,10,REF010,41
2024-11-06,10,REF010,18
2024-11-06,10,REF010,66
2024-11-06,10,REF010,76
2024-11-06,11,REF011,85
2024-11-06,11,REF011,43
2024-11-06,12,REF012,95
2024-11-06,12,REF012,66
2024-11-06,13,REF013,80
2024-11-06,13,REF013,87
2024-11-06,13,REF013,25
2024-11-06,14,REF014,46
2024-11-06,15,REF015,100
2024-11-06,15,REF015,79
2024-11-06,15,REF015,85
2024-11-06,15,REF015,33
2024-11-06,16,REF016,72
2024-11-06,16,REF016,53
2024-11-06,16,REF016,81
2024-11-06,17,REF017,2
2024-11-06,17,REF017,69
2024-11-06,17,REF017,14
2024-11-06,18,REF018,96
2024-11-06,18,REF018,24
2024-11-06,19,REF019,70
2024-11-06,19,REF019,59
2024-11-06,20,REF020,73
2024-11-06,20,REF020,1
2024-11-06,20,REF020,14
2024-11-06,20,REF020,51
2024-11-06,20,REF020,94
2024-11-07,1,REF001,93
2024-11-07,1,REF001,28
2024-11-07,1,REF001,20
2024-11-07,1,REF001,15
2024-11-07,2,REF002,37
2024-11-07,2,REF002,45
2024-11-07,3,REF003,55
2024-11-07,3,REF003,70
2024-11-07,5,REF005,26
2024-11-07,6,REF006,88
2024-11-07,6,REF006,7
2024-11-07,7,REF007,64
2024-11-07,7,REF007,90
2024-11-07,7,REF007,4
2024-11-07,8,REF008,86
2024-11-07,8,REF008,100
2024-11-07,9,REF009,50
2024-11-07,9,REF009,40
2024-11-07,9,REF009,19
2024-11-07,10,REF010,63
2024-11-07,10,REF010,25
2024-11-07,10,REF010,82
2024-11-07,10,REF010,69
2024-11-07,10,REF010,93
2024-11-07,10,REF010,65
2024-11-07,10,REF010,51
2024-11-07,11,REF011,48
2024-11-07,11,REF011,89
2024-11-07,12,REF012,13
2024-11-07,12,REF012,82
2024-11-07,12,REF012,51
2024-11-07,12,REF012,71
2024-11-07,13,REF013,70
2024-11-07,13,REF013,13
2024-11-07,14,REF014,86
2024-11-07,14,REF014,95
2024-11-07,14,REF014,62
2024-11-07,14,REF014,86
2024-11-07,14,REF014,77
2024-11-07,14,REF014,76
2024-11-07,14,REF014,11
2024-11-07,14,REF014,85
2024-11-07,14,REF014,88
2024-11-07,15,REF015,25
2024-11-07,15,REF015,48
2024-11-07,15,REF015,84
2024-11-07,15,REF015,82
2024-11-07,15,REF015,68
2024-11-07,16,REF016,28
2024-11-07,16,REF016,89
2024-11-07,16,REF016,10
2024-11-07,17,REF017,27
2024-11-07,17,REF017,78
2024-11-07,18,REF018,91
2024-11-07,18,REF018,13
2024-11-07,19,REF019,51
2024-11-07,19,REF019,95
2024-11-07,20,REF020,27
2024-11-07,20,REF020,33
2024-11-07,20,REF020,29
2024-11-07,20,REF020,43
2024-11-07,20,REF020,90
2024-11-07,20,REF020,48
2024-11-08,1,REF001,61
2024-11-08,2,REF002,12
2024-11-08,2,REF002,45
2024-11-08,2,REF002,29
2024-11-08,2,REF002,23
2024-11-08,2,REF002,89
2024-11-08,3,REF003,12
2024-11-08,3,REF003,4
2024-11-08,3,REF003,76
2024-11-08,4,REF004,50
2024-11-08,4,REF004,58
2024-11-08,4,REF004,40
2024-11-08,5,REF005,8
2024-11-08,5,REF005,68
2024-11-08,5,REF005,16
2024-11-08,5,REF005,44
2024-11-08,6,REF006,95
2024-11-08,7,REF007,2
2024-11-08,7,REF007,77
2024-11-08,7,REF007,77
2024-11-08,7,REF007,97
2024-11-08,8,REF008,80
2024-11-08,9,REF009,27
2024-11-08,9,REF009,30
2024-11-08,10,REF010,4
2024-11-08,10,REF010,35
2024-11-08,10,REF010,66
2024-11-08,12,REF012,96
2024-11-08,12,REF012,25
2024-11-08,12,REF012,14
2024-11-08,13,REF013,53
2024-11-08,13,REF013,93
2024-11-08,13,REF013,9
2024-11-08,14,REF014,45
2024-11-08,14,REF014,31
2024-11-08,14,REF014,31
2024-11-08,14,REF014,2
2024-11-08,14,REF014,69
2024-11-08,15,REF015,60
2024-11-08,15,REF015,5
2024-11-08,15,REF015,44
2024-11-08,15,REF015,43
2024-11-08,15,REF015,14
2024-11-08,17,REF017,63
2024-11-08,17,REF017,66
2024-11-08,18,REF018,75
2024-11-08,18,REF018,5
2024-11-08,19,REF019,78
2024-11-08,19,REF019,12
2024-11-08,19,REF019,82
2024-11-08,19,REF019,73
2024-11-08,20,REF020,4
2024-11-08,20,REF020,28
2024-11-08,20,REF020,85
2024-11-08,20,REF020,38
2024-11-09,1,REF001,60
2024-11-09,1,REF001,28
2024-11-09,2,REF002,28
2024-11-09,2,REF002,50
2024-11-09,3,REF003,26
2024-11-09,3,REF003,15
2024-11-09,4,REF004,68
2024-11-09,4,REF004,49
2024-11-09,4,REF004,8
2024-11-09,4,REF004,21
2024-11-09,4,REF004,53
2024-11-09,6,REF006,39
2024-11-09,6,REF006,11
2024-11-09,6,REF006,75
2024-11-09,6,REF006,38
2024-11-09,6,REF006,26
2024-11-09,7,REF007,62
2024-11-09,7,REF007,69
2024-11-09,7,REF007,74
2024-11-09,7,REF007,99
2024-11-09,8,REF008,2
2024-11-09,8,REF008,52
2024-11-09,9,REF009,94
2024-11-09,9,REF009,18
2024-11-09,9,REF009,5
2024-11-09,9,REF009,23
2024-11-09,11,REF011,100
2024-11-09,12,REF012,96
2024-11-09,12,REF012,22
2024-11-09,13,REF013,78
2024-11-09,13,REF013,15
2024-11-09,13,REF013,14
2024-11-09,13,REF013,16
2024-11-09,13,REF013,38
2024-11-09,14,REF014,62
2024-11-09,14,REF014,52
2024-11-09,14,REF014,74
2024-11-09,15,REF015,97
2024-11-09,16,REF016,91
2024-11-09,17,REF017,48
2024-11-09,17,REF017,12
2024-11-09,17,REF017,93
2024-11-09,17,REF017,37
2024-11-09,17,REF017,62
2024-11-09,17,REF017,79
2024-11-09,18,REF018,68
2024-11-09,18,REF018,69
2024-11-09,18,REF018,10
2024-11-09,19,REF019,62
2024-11-09,19,REF019,74
2024-11-09,19,REF019,15
2024-11-09,19,REF019,78
2024-11-09,19,REF019,43
2024-11-09,20,REF020,69
2024-11-10,1,REF001,82
2024-11-10,1,REF001,74
2024-11-10,1,REF001,55
2024-11-10,2,REF002,27
2024-11-10,2,REF002,15
2024-11-10,2,REF002,69
2024-11-10,2,REF002,42
2024-11-10,3,REF003,83
2024-11-10,3,REF003,97
2024-11-10,4,REF004,15
2024-11-10,4,REF004,32
2024-11-10,4,REF004,42
2024-11-10,5,REF005,71
2024-11-10,5,REF005,3
2024-11-10,5,REF005,95
2024-11-10,6,REF006,70
2024-11-10,7,REF007,68
2024-11-10,7,REF007,69
2024-11-10,8,REF008,47
2024-11-10,8,REF008,34
2024-11-10,9,REF009,9
2024-11-10,9,REF009,86
2024-11-10,10,REF010,32
2024-11-10,11,REF011,81
2024-11-10,11,REF011,99
2024-11-10,11,REF011,68
2024-11-10,12,REF012,97
2024-11-10,13,REF013,46
2024-11-10,14,REF014,41
2024-11-10,14,REF014,54
2024-11-10,14,REF014,52
2024-11-10,15,REF015,77
2024-11-10,15,REF015,44
2024-11-10,15,REF015,89
2024-11-10,16,REF016,47
2024-11-10,16,REF016,50
2024-11-10,17,REF017,1
2024-11-10,17,REF017,97
2024-11-10,18,REF018,13
2024-11-10,18,REF018,55
2024-11-10,19,REF019,10
2024-11-10,19,REF019,33
2024-11-10,19,REF019,90
2024-11-10,19,REF019,35
2024-11-10,19,REF019,100
2024-11-10,20,REF020,73
2024-11-11,1,REF001,41
2024-11-11,2,REF002,56
2024-11-11,2,REF002,76
2024-11-11,4,REF004,50
2024-11-11,4,REF004,98
2024-11-11,4,REF004,11
2024-11-11,4,REF004,45
2024-11-11,4,REF004,51
2024-11-11,6,REF006,90
2024-11-11,7,REF007,46
2024-11-11,7,REF007,85
2024-11-11,7,REF007,25
2024-11-11,8,REF008,94
2024-11-11,8,REF008,50
2024-11-11,9,REF009,72
2024-11-11,10,REF010,64
2024-11-11,10,REF010,80
2024-11-11,10,REF010,7
2024-11-11,11,REF011,56
2024-11-11,11,REF011,51
2024-11-11,11,REF011,35
2024-11-11,12,REF012,69
2024-11-11,12,REF012,79
2024-11-11,12,REF012,35
2024-11-11,13,REF013,63
2024-11-11,13,REF013,95
2024-11-11,13,REF013,36
2024-11-11,14,REF014,22
2024-11-11,14,REF014,75
2024-11-11,15,REF015,62
2024-11-11,16,REF016,56
2024-11-11,16,REF016,37
2024-11-11,16,REF016,41
2024-11-11,16,REF016,5
2024-11-11,17,REF017,18
2024-11-11,17,REF017,6
2024-11-11,17,REF017,16
2024-11-11,17,REF017,72
2024-11-11,18,REF018,74
2024-11-11,19,REF019,30
2024-11-11,20,REF020,95
2024-11-11,20,REF020,92
2024-11-11,20,REF020,61
2024-11-11,20,REF020,44
2024-11-12,1,REF001,14
2024-11-12,1,REF001,53
2024-11-12,1,REF001,27
2024-11-12,1,REF001,63
2024-11-12,1,REF001,66
2024-11-12,1,REF001,92
2024-11-12,2,REF002,4
2024-11-12,3,REF003,93
2024-11-12,4,REF004,14
2024-11-12,4,REF004,35
2024-11-12,4,REF004,72
2024-11-12,5,REF005,95
2024-11-12,5,REF005,81
2024-11-12,5,REF005,17
2024-11-12,6,REF006,26
2024-11-12,6,REF006,10
2024-11-12,6,REF006,48
2024-11-12,6,REF006,48
2024-11-12,8,REF008,93
2024-11-12,8,REF008,46
2024-11-12,9,REF009,48
2024-11-12,9,REF009,7
2024-11-12,10,REF010,73
2024-11-12,10,REF010,57
2024-11-12,10,REF010,15
2024-11-12,10,REF010,52
2024-11-12,10,REF010,63
2024-11-12,12,REF012,86
2024-11-12,12,REF012,72
2024-11-12,12,REF012,16
2024-11-12,12,REF012,28
2024-11-12,12,REF012,49
2024-11-12,12,REF012,32
2024-11-12,12,REF012,91
2024-11-12,13,REF013,68
2024-11-12,13,REF013,31
2024-11-12,13,REF013,77
2024-11-12,14,REF014,59
2024-11-12,14,REF014,63
2024-11-12,14,REF014,86
2024-11-12,15,REF015,26
2024-11-12,15,REF015,61
2024-11-12,15,REF015,80
2024-11-12,15,REF015,78
2024-11-12,15,REF015,97
2024-11-12,16,REF016,56
2024-11-12,16,REF016,80
2024-11-12,16,REF016,7
2024-11-12,17,REF017,97
2024-11-12,17,REF017,14
2024-11-12,17,REF017,13
2024-11-12,18,REF018,6
2024-11-12,18,REF018,28
2024-11-12,18,REF018,68
2024-11-12,18,REF018,44
2024-11-12,19,REF019,59
2024-11-12,19,REF019,28
2024-11-12,20,REF020,43
2024-11-12,20,REF020,66
2024-11-13,1,REF001,65
2024-11-13,1,REF001,17
2024-11-13,1,REF001,91
2024-11-13,2,REF002,98
2024-11-13,2,REF002,8
2024-11-13,2,REF002,43
2024-11-13,2,REF002,15
2024-11-13,3,REF003,54
2024-11-13,3,REF003,8
2024-11-13,4,REF004,89
2024-11-13,4,REF004,97
2024-11-13,4,REF004,20
2024-11-13,5,REF005,26
2024-11-13,5,REF005,51
2024-11-13,5,REF005,46
2024-11-13,6,REF006,66
2024-11-13,6,REF006,50
2024-11-13,6,REF006,16
2024-11-13,6,REF006,91
2024-11-13,6,REF006,17
2024-11-13,6,REF006,20
2024-11-13,7,REF007,87
2024-11-13,7,REF007,24
2024-11-13,7,REF007,34
2024-11-13,8,REF008,77
2024-11-13,8,REF008,21
2024-11-13,8,REF008,5
2024-11-13,8,REF008,92
2024-11-13,9,REF009,82
2024-11-13,9,REF009,26
2024-11-13,9,REF009,69
2024-11-13,9,REF009,19
2024-11-13,9,REF009,87
2024-11-13,9,REF009,93
2024-11-13,9,REF009,88
2024-11-13,11,REF011,14
2024-11-13,12,REF012,27
2024-11-13,12,REF012,95
2024-11-13,13,REF013,2
2024-11-13,13,REF013,51
2024-11-13,14,REF014,58
2024-11-13,14,REF014,45
2024-11-13,14,REF014,13
2024-11-13,14,REF014,72
2024-11-13,15,REF015,1
2024-11-13,15,REF015,47
2024-11-13,15,REF015,42
2024-11-13,15,REF015,2
2024-11-13,15,REF015,96
2024-11-13,15,REF015,75
2024-11-13,15,REF015,82
2024-11-13,16,REF016,30
2024-11-13,16,REF016,46
2024-11-13,17,REF017,78
2024-11-13,17,REF017,14
2024-11-13,17,REF017,35
2024-11-13,18,REF018,93
2024-11-13,18,REF018,96
2024-11-13,18,REF018,72
2024-11-13,19,REF019,83
2024-11-13,19,REF019,78
2024-11-13,19,REF019,31
2024-11-13,20,REF020,43
2024-11-13,20,REF020,7
2024-11-13,20,REF020,11
2024-11-14,1,REF001,8
2024-11-14,2,REF002,95
2024-11-14,2,REF002,66
2024-11-14,2,REF002,76
2024-11-14,2,REF002,59
2024-11-14,2,REF002,93
2024-11-14,3,REF003,8
2024-11-14,3,REF003,99
2024-11-14,3,REF003,75
2024-11-14,3,REF003,48
2024-11-14,4,REF004,19
2024-11-14,4,REF004,5
2024-11-14,4,REF004,10
2024-11-14,4,REF004,18
2024-11-14,4,REF004,97
2024-11-14,4,REF004,71
2024-11-14,4,REF004,1
2024-11-14,5,REF005,45
2024-11-14,5,REF005,22
2024-11-14,5,REF005,4
2024-11-14,5,REF005,46
2024-11-14,5,REF005,11
2024-11-14,6,REF006,75
2024-11-14,6,REF006,17
2024-11-14,6,REF006,64
2024-11-14,7,REF007,11
2024-11-14,7,REF007,21
2024-11-14,8,REF008,71
2024-11-14,8,REF008,3
2024-11-14,9,REF009,92
2024-11-14,9,REF009,78
2024-11-14,10,REF010,45
2024-11-14,11,REF011,37
2024-11-14,11,REF011,34
2024-11-14,11,REF011,78
2024-11-14,12,REF012,82
2024-11-14,12,REF012,68
2024-11-14,12,REF012,17
2024-11-14,13,REF013,23
2024-11-14,13,REF013,19
2024-11-14,13,REF013,96
2024-11-14,14,REF014,91
2024-11-14,15,REF015,17
2024-11-14,15,REF015,33
2024-11-14,15,REF015,24
2024-11-14,15,REF015,11
2024-11-14,16,REF016,19
2024-11-14,16,REF016,44
2024-11-14,16,REF016,71
2024-11-14,16,REF016,33
2024-11-14,16,REF016,43
2024-11-14,17,REF017,76
2024-11-14,17,REF017,40
2024-11-14,17,REF017,46
2024-11-14,17,REF017,81
2024-11-14,17,REF017,54
2024-11-14,17,REF017,29
2024-11-14,18,REF018,49
2024-11-14,18,REF018,46
2024-11-14,18,REF018,38
2024-11-14,18,REF018,30
2024-11-14,19,REF019,19
2024-11-14,19,REF019,20
2024-11-14,19,REF019,65
2024-11-14,19,REF019,7
2024-11-14,20,REF020,25
2024-11-14,20,REF020,68
2024-11-15,1,REF001,36
2024-11-15,1,REF001,11
2024-11-15,1,REF001,55
2024-11-15,1,REF001,49
2024-11-15,1,REF001,36
2024-11-15,1,REF001,75
2024-11-15,1,REF001,10
2024-11-15,1,REF001,92
2024-11-15,1,REF001,77
2024-11-15,1,REF001,97
2024-11-15,2,REF002,71
2024-11-15,2,REF002,72
2024-11-15,2,REF002,29
2024-11-15,3,REF003,78
2024-11-15,3,REF003,96
2024-11-15,3,REF003,72
2024-11-15,3,REF003,89
2024-11-15,3,REF003,58
2024-11-15,3,REF003,79
2024-11-15,3,REF003,60
2024-11-15,4,REF004,33
2024-11-15,4,REF004,66
2024-11-15,4,REF004,92
2024-11-15,4,REF004,95
2024-11-15,4,REF004,54
2024-11-15,4,REF004,29
2024-11-15,4,REF004,37
2024-11-15,5,REF005,31
2024-11-15,5,REF005,40
2024-11-15,5,REF005,83
2024-11-15,5,REF005,36
2024-11-15,5,REF005,47
2024-11-15,7,REF007,74
2024-11-15,7,REF007,13
2024-11-15,7,REF007,52
2024-11-15,7,REF007,9
2024-11-15,7,REF007,87
2024-11-15,8,REF008,72
2024-11-15,8,REF008,23
2024-11-15,8,REF008,24
2024-11-15,9,REF009,41
2024-11-15,9,REF009,55
2024-11-15,9,REF009,87
2024-11-15,9,REF009,93
2024-11-15,10,REF010,80
2024-11-15,10,REF010,72
2024-11-15,10,REF010,63
2024-11-15,10,REF010,71
2024-11-15,10,REF010,45
2024-11-15,10,REF010,71
2024-11-15,11,REF011,68
2024-11-15,11,REF011,7
2024-11-15,12,REF012,42
2024-11-15,13,REF013,91
2024-11-15,14,REF014,87
2024-11-15,14,REF014,60
2024-11-15,14,REF014,95
2024-11-15,14,REF014,12
2024-11-15,14,REF014,93
2024-11-15,14,REF014,61
2024-11-15,14,REF014,17
2024-11-15,14,REF014,82
2024-11-15,16,REF016,54
2024-11-15,17,REF017,69
2024-11-15,18,REF018,34
2024-11-15,18,REF018,44
2024-11-15,18,REF018,2
2024-11-15,18,REF018,24
2024-11-15,18,REF018,16
2024-11-15,18,REF018,15
2024-11-15,19,REF019,66
2024-11-15,20,REF020,49
2024-11-15,20,REF020,4
2024-11-15,20,REF020,46
2024-11-15,20,REF020,58
2024-11-15,20,REF020,53
2024-11-16,1,REF001,77
2024-11-16,1,REF001,64
2024-11-16,2,REF002,30
2024-11-16,2,REF002,38
2024-11-16,3,REF003,49
2024-11-16,3,REF003,53
2024-11-16,3,REF003,30
2024-11-16,4,REF004,75
2024-11-16,4,REF004,98
2024-11-16,5,REF005,83
2024-11-16,5,REF005,22
2024-11-16,6,REF006,24
2024-11-16,7,REF007,20
2024-11-16,7,REF007,42
2024-11-16,7,REF007,36
2024-11-16,8,REF008,82
2024-11-16,9,REF009,52
2024-11-16,9,REF009,96
2024-11-16,10,REF010,54
2024-11-16,10,REF010,22
2024-11-16,10,REF010,50
2024-11-16,10,REF010,28
2024-11-16,11,REF011,24
2024-11-16,11,REF011,18
2024-11-16,12,REF012,9
2024-11-16,13,REF013,42
2024-11-16,13,REF013,21
2024-11-16,13,REF013,4
2024-11-16,13,REF013,46
2024-11-16,14,REF014,90
2024-11-16,15,REF015,74
2024-11-16,16,REF016,25
2024-11-16,16,REF016,26
2024-11-16,16,REF016,69
2024-11-16,16,REF016,21
2024-11-16,17,REF017,78
2024-11-16,17,REF017,96
2024-11-16,17,REF017,37
2024-11-16,18,REF018,84
2024-11-16,18,REF018,20
2024-11-16,18,REF018,2
2024-11-16,19,REF019,91
2024-11-16,19,REF019,3
2024-11-16,19,REF019,94
2024-11-16,20,REF020,90
2024-11-16,20,REF020,46
2024-11-16,20,REF020,44
2024-11-17,1,REF001,23
2024-11-17,3,REF003,92
2024-11-17,4,REF004,84
2024-11-17,6,REF006,92
2024-11-17,6,REF006,14
2024-11-17,6,REF006,77
2024-11-17,6,REF006,94
2024-11-17,7,REF007,85
2024-11-17,7,REF007,49
2024-11-17,8,REF008,70
2024-11-17,8,REF008,74
2024-11-17,8,REF008,1
2024-11-17,8,REF008,26
2024-11-17,9,REF009,62
2024-11-17,9,REF009,64
2024-11-17,10,REF010,27
2024-11-17,10,REF010,30
2024-11-17,11,REF011,26
2024-11-17,11,REF011,20
2024-11-17,12,REF012,16
2024-11-17,13,REF013,44
2024-11-17,14,REF014,41
2024-11-17,14,REF014,90
2024-11-17,14,REF014,24
2024-11-17,15,REF015,36
2024-11-17,16,REF016,27
2024-11-17,16,REF016,26
2024-11-17,17,REF017,42
2024-11-17,17,REF017,76
2024-11-17,17,REF017,54
2024-11-17,18,REF018,19
2024-11-17,18,REF018,70
2024-11-17,18,REF018,35
2024-11-17,19,REF019,73
2024-11-17,19,REF019,94
2024-11-17,20,REF020,45
2024-11-18,1,REF001,13
2024-11-18,2,REF002,75
2024-11-18,2,REF002,60
2024-11-18,2,REF002,27
2024-11-18,2,REF002,65
2024-11-18,3,REF003,53
2024-11-18,5,REF005,58
2024-11-18,6,REF006,8
2024-11-18,6,REF006,4
2024-11-18,6,REF006,30
2024-11-18,6,REF006,86
2024-11-18,6,REF006,16
2024-11-18,7,REF007,14
2024-11-18,7,REF007,60
2024-11-18,7,REF007,93
2024-11-18,7,REF007,30
2024-11-18,8,REF008,59
2024-11-18,8,REF008,22
2024-11-18,9,REF009,61
2024-11-18,9,REF009,21
2024-11-18,9,REF009,60
2024-11-18,9,REF009,29
2024-11-18,10,REF010,47
2024-11-18,10,REF010,22
2024-11-18,10,REF010,99
2024-11-18,11,REF011,7
2024-11-18,11,REF011,41
2024-11-18,12,REF012,21
2024-11-18,12,REF012,78
2024-11-18,13,REF013,84
2024-11-18,13,REF013,96
2024-11-18,13,REF013,44
2024-11-18,13,REF013,67
2024-11-18,13,REF013,81
2024-11-18,13,REF013,76
2024-11-18,14,REF014,28
2024-11-18,15,REF015,63
2024-11-18,15,REF015,28
2024-11-18,16,REF016,27
2024-11-18,16,REF016,60
2024-11-18,17,REF017,84
2024-11-18,17,REF017,57
2024-11-18,17,REF017,29
2024-11-18,17,REF017,68
2024-11-18,17,REF017,34
2024-11-18,18,REF018,19
2024-11-18,18,REF018,92
2024-11-18,18,REF018,34
2024-11-18,18,REF018,41
2024-11-18,18,REF018,26
2024-11-18,19,REF019,59
2024-11-18,19,REF019,24
2024-11-18,19,REF019,51
2024-11-18,20,REF020,45
2024-11-19,1,REF001,99
2024-11-19,2,REF002,73
2024-11-19,2,REF002,26
2024-11-19,2,REF002,71
2024-11-19,3,REF003,50
2024-11-19,3,REF003,16
2024-11-19,3,REF003,90
2024-11-19,3,REF003,56
2024-11-19,4,REF004,73
2024-11-19,4,REF004,38
2024-11-19,4,REF004,78
2024-11-19,4,REF004,46
2024-11-19,5,REF005,14
2024-11-19,6,REF006,98
2024-11-19,7,REF007,100
2024-11-19,8,REF008,29
2024-11-19,9,REF009,48
2024-11-19,9,REF009,44
2024-11-19,11,REF011,82
2024-11-19,11,REF011,10
2024-11-19,11,REF011,91
2024-11-19,12,REF012,71
2024-11-19,12,REF012,5
2024-11-19,12,REF012,71
2024-11-19,12,REF012,12
2024-11-19,12,REF012,14
2024-11-19,12,REF012,61
2024-11-19,13,REF013,60
2024-11-19,13,REF013,33
2024-11-19,14,REF014,100
2024-11-19,14,REF014,20
2024-11-19,15,REF015,54
2024-11-19,16,REF016,54
2024-11-19,16,REF016,50
2024-11-19,16,REF016,22
2024-11-19,17,REF017,94
2024-11-19,17,REF017,58
2024-11-19,18,REF018,39
2024-11-19,19,REF019,55
2024-11-19,20,REF020,29
2024-11-20,1,REF001,70
2024-11-20,1,REF001,11
2024-11-20,1,REF001,81
2024-11-20,2,REF002,71
2024-11-20,3,REF003,98
2024-11-20,3,REF003,88
2024-11-20,3,REF003,80
2024-11-20,4,REF004,57
2024-11-20,5,REF005,85
2024-11-20,6,REF006,83
2024-11-20,6,REF006,60
2024-11-20,7,REF007,29
2024-11-20,8,REF008,80
2024-11-20,8,REF008,58
2024-11-20,9,REF009,40
2024-11-20,9,REF009,47
2024-11-20,10,REF010,54
2024-11-20,10,REF010,32
2024-11-20,10,REF010,55
2024-11-20,10,REF010,12
2024-11-20,11,REF011,18
2024-11-20,11,REF011,57
2024-11-20,11,REF011,94
2024-11-20,11,REF011,49
2024-11-20,11,REF011,83
2024-11-20,12,REF012,92
2024-11-20,12,REF012,65
2024-11-20,12,REF012,76
2024-11-20,12,REF012,95
2024-11-20,13,REF013,87
2024-11-20,14,REF014,6
2024-11-20,15,REF015,37
2024-11-20,15,REF015,83
2024-11-20,15,REF015,63
2024-11-20,16,REF016,61
2024-11-20,16,REF016,65
2024-11-20,16,REF016,57
2024-11-20,17,REF017,46
2024-11-20,17,REF017,65
2024-11-20,17,REF017,77
2024-11-20,17,REF017,28
2024-11-20,18,REF018,20
2024-11-20,18,REF018,2
2024-11-20,19,REF019,9
2024-11-20,19,REF019,54
2024-11-20,20,REF020,24
2024-11-21,1,REF001,51
2024-11-21,1,REF001,60
2024-11-21,1,REF001,19
2024-11-21,2,REF002,77
2024-11-21,2,REF002,7
2024-11-21,2,REF002,99
2024-11-21,2,REF002,78
2024-11-21,2,REF002,58
2024-11-21,3,REF003,99
2024-11-21,4,REF004,69
2024-11-21,4,REF004,72
2024-11-21,5,REF005,63
2024-11-21,5,REF005,91
2024-11-21,5,REF005,45
2024-11-21,5,REF005,60
2024-11-21,7,REF007,28
2024-11-21,7,REF007,68
2024-11-21,7,REF007,82
2024-11-21,7,REF007,79
2024-11-21,8,REF008,81
2024-11-21,8,REF008,33
2024-11-21,9,REF009,6
2024-11-21,9,REF009,17
2024-11-21,9,REF009,60
2024-11-21,9,REF009,23
2024-11-21,10,REF010,94
2024-11-21,10,REF010,19
2024-11-21,10,REF010,58
2024-11-21,10,REF010,40
2024-11-21,10,REF010,26
2024-11-21,10,REF010,20
2024-11-21,11,REF011,66
2024-11-21,11,REF011,81
2024-11-21,11,REF011,47
2024-11-21,11,REF011,68
2024-11-21,12,REF012,6
2024-11-21,12,REF012,20
2024-11-21,14,REF014,63
2024-11-21,14,REF014,51
2024-11-21,15,REF015,15
2024-11-21,15,REF015,39
2024-11-21,15,REF015,59
2024-11-21,16,REF016,68
2024-11-21,16,REF016,28
2024-11-21,16,REF016,82
2024-11-21,16,REF016,44
2024-11-21,17,REF017,91
2024-11-21,17,REF017,58
2024-11-21,17,REF017,6
2024-11-21,17,REF017,33
2024-11-21,17,REF017,45
2024-11-21,17,REF017,14
2024-11-21,18,REF018,59
2024-11-21,18,REF018,44
2024-11-21,19,REF019,91
2024-11-21,19,REF019,46
2024-11-21,19,REF019,80
2024-11-21,19,REF019,69
2024-11-21,19,REF019,39
2024-11-21,19,REF019,2
2024-11-22,1,REF001,93
2024-11-22,1,REF001,48
2024-11-22,2,REF002,67
2024-11-22,3,REF003,30
2024-11-22,3,REF003,2
2024-11-22,3,REF003,49
2024-11-22,3,REF003,37
2024-11-22,3,REF003,57
2024-11-22,4,REF004,90
2024-11-22,4,REF004,1
2024-11-22,4,REF004,99
2024-11-22,4,REF004,4
2024-11-22,6,REF006,74
2024-11-22,6,REF006,42
2024-11-22,6,REF006,69
2024-11-22,6,REF006,68
2024-11-22,7,REF007,10
2024-11-22,7,REF007,70
2024-11-22,7,REF007,34
2024-11-22,8,REF008,87
2024-11-22,8,REF008,48
2024-11-22,8,REF008,80
2024-11-22,8,REF008,27
2024-11-22,8,REF008,53
2024-11-22,8,REF008,78
2024-11-22,9,REF009,31
2024-11-22,9,REF009,19
2024-11-22,10,REF010,56
2024-11-22,10,REF010,41
2024-11-22,10,REF010,35
2024-11-22,12,REF012,6
2024-11-22,12,REF012,19
2024-11-22,12,REF012,57
2024-11-22,13,REF013,99
2024-11-22,13,REF013,23
2024-11-22,14,REF014,26
2024-11-22,14,REF014,82
2024-11-22,14,REF014,86
2024-11-22,14,REF014,42
2024-11-22,15,REF015,97
2024-11-22,15,REF015,76
2024-11-22,15,REF015,70
2024-11-22,15,REF015,11
2024-11-22,15,REF015,87
2024-11-22,16,REF016,80
2024-11-22,16,REF016,24
2024-11-22,16,REF016,99
2024-11-22,17,REF017,75
2024-11-22,18,REF018,26
2024-11-22,18,REF018,6
2024-11-22,18,REF018,6
2024-11-22,19,REF019,52
2024-11-22,19,REF019,16
2024-11-22,20,REF020,8
2024-11-23,1,REF001,96
2024-11-23,1,REF001,24
2024-11-23,1,REF001,50
2024-11-23,2,REF002,52
2024-11-23,3,REF003,25
2024-11-23,4,REF004,8
2024-11-23,4,REF004,24
2024-11-23,4,REF004,41
2024-11-23,5,REF005,86
2024-11-23,5,REF005,9
2024-11-23,6,REF006,96
2024-11-23,6,REF006,32
2024-11-23,7,REF007,26
2024-11-23,8,REF008,88
2024-11-23,8,REF008,64
2024-11-23,9,REF009,51
2024-11-23,9,REF009,81
2024-11-23,9,REF009,63
2024-11-23,10,REF010,20
2024-11-23,10,REF010,51
2024-11-23,10,REF010,78
2024-11-23,11,REF011,78
2024-11-23,11,REF011,28
2024-11-23,12,REF012,24
2024-11-23,12,REF012,80
2024-11-23,12,REF012,43
2024-11-23,13,REF013,50
2024-11-23,13,REF013,87
2024-11-23,14,REF014,63
2024-11-23,14,REF014,83
2024-11-23,14,REF014,7
2024-11-23,15,REF015,62
2024-11-23,15,REF015,37
2024-11-23,17,REF017,40
2024-11-23,17,REF017,98
2024-11-23,17,REF017,73
2024-11-23,18,REF018,2
2024-11-23,18,REF018,55
2024-11-23,18,REF018,27
2024-11-23,18,REF018,27
2024-11-23,19,REF019,23
2024-11-23,19,REF019,63
2024-11-23,20,REF020,68
2024-11-23,20,REF020,43
2024-11-24,1,REF001,37
2024-11-24,1,REF001,63
2024-11-24,1,REF001,74
2024-11-24,2,REF002,21
2024-11-24,2,REF002,23
2024-11-24,2,REF002,54
2024-11-24,4,REF004,89
2024-11-24,4,REF004,79
2024-11-24,5,REF005,10
2024-11-24,5,REF005,14
2024-11-24,5,REF005,19
2024-11-24,5,REF005,36
2024-11-24,5,REF005,68
2024-11-24,6,REF006,76
2024-11-24,6,REF006,81
2024-11-24,6,REF006,3
2024-11-24,6,REF006,13
2024-11-24,6,REF006,28
2024-11-24,6,REF006,51
2024-11-24,7,REF007,58
2024-11-24,7,REF007,35
2024-11-24,7,REF007,53
2024-11-24,8,REF008,60
2024-11-24,8,REF008,57
2024-11-24,9,REF009,1
2024-11-24,9,REF009,23
2024-11-24,10,REF010,13
2024-11-24,10,REF010,50
2024-11-24,10,REF010,22
2024-11-24,11,REF011,11
2024-11-24,11,REF011,18
2024-11-24,11,REF011,91
2024-11-24,11,REF011,60
2024-11-24,11,REF011,29
2024-11-24,11,REF011,71
2024-11-24,12,REF012,79
2024-11-24,13,REF013,30
2024-11-24,13,REF013,48
2024-11-24,13,REF013,68
2024-11-24,13,REF013,87
2024-11-24,13,REF013,85
2024-11-24,14,REF014,13
2024-11-24,14,REF014,61
2024-11-24,14,REF014,41
2024-11-24,14,REF014,16
2024-11-24,14,REF014,26
2024-11-24,15,REF015,26
2024-11-24,16,REF016,15
2024-11-24,16,REF016,57
2024-11-24,16,REF016,77
2024-11-24,16,REF016,69
2024-11-24,16,REF016,39
2024-11-24,17,REF017,8
2024-11-24,17,REF017,54
2024-11-24,17,REF017,72
2024-11-24,18,REF018,53
2024-11-24,18,REF018,38
2024-11-24,18,REF018,27
2024-11-24,19,REF019,32
2024-11-24,19,REF019,35
2024-11-24,19,REF019,18
2024-11-24,19,REF019,97
2024-11-24,20,REF020,66
2024-11-24,20,REF020,54
2024-11-25,1,REF001,64
2024-11-25,1,REF001,36
2024-11-25,1,REF001,68
2024-11-25,1,REF001,66
2024-11-25,1,REF001,62
2024-11-25,1,REF001,39
2024-11-25,2,REF002,50
2024-11-25,2,REF002,56
2024-11-25,3,REF003,49
2024-11-25,3,REF003,55
2024-11-25,3,REF003,98
2024-11-25,3,REF003,36
2024-11-25,3,REF003,64
2024-11-25,4,REF004,35
2024-11-25,4,REF004,8
2024-11-25,4,REF004,75
2024-11-25,5,REF005,23
2024-11-25,5,REF005,96
2024-11-25,5,REF005,23
2024-11-25,5,REF005,25
2024-11-25,5,REF005,54
2024-11-25,5,REF005,91
2024-11-25,6,REF006,71
2024-11-25,6,REF006,36
2024-11-25,6,REF006,65
2024-11-25,6,REF006,33
2024-11-25,6,REF006,29
2024-11-25,8,REF008,92
2024-11-25,8,REF008,12
2024-11-25,8,REF008,61
2024-11-25,9,REF009,80
2024-11-25,9,REF009,54
2024-11-25,9,REF009,98
2024-11-25,10,REF010,11
2024-11-25,10,REF010,97
2024-11-25,10,REF010,8
2024-11-25,11,REF011,58
2024-11-25,11,REF011,63
2024-11-25,12,REF012,49
2024-11-25,12,REF012,48
2024-11-25,13,REF013,77
2024-11-25,14,REF014,53
2024-11-25,14,REF014,56
2024-11-25,15,REF015,21
2024-11-25,15,REF015,52
2024-11-25,15,REF015,2
2024-11-25,15,REF015,2
2024-11-25,16,REF016,11
2024-11-25,16,REF016,11
2024-11-25,16,REF016,16
2024-11-25,16,REF016,6
2024-11-25,17,REF017,69
2024-11-25,18,REF018,25
2024-11-25,19,REF019,54
2024-11-25,19,REF019,5
2024-11-25,20,REF020,9
2024-11-26,1,REF001,86
2024-11-26,1,REF001,70
2024-11-26,2,REF002,44
2024-11-26,2,REF002,17
2024-11-26,2,REF002,69
2024-11-26,2,REF002,77
2024-11-26,3,REF003,55
2024-11-26,3,REF003,65
2024-11-26,3,REF003,38
2024-11-26,4,REF004,86
2024-11-26,4,REF004,41
2024-11-26,4,REF004,99
2024-11-26,5,REF005,53
2024-11-26,5,REF005,56
2024-11-26,5,REF005,57
2024-11-26,5,REF005,99
2024-11-26,5,REF005,42
2024-11-26,6,REF006,85
2024-11-26,6,REF006,1
2024-11-26,6,REF006,21
2024-11-26,7,REF007,15
2024-11-26,8,REF008,39
2024-11-26,8,REF008,54
2024-11-26,8,REF008,93
2024-11-26,9,REF009,55
2024-11-26,9,REF009,40
2024-11-26,9,REF009,14
2024-11-26,9,REF009,39
2024-11-26,9,REF009,8
2024-11-26,10,REF010,83
2024-11-26,10,REF010,36
2024-11-26,10,REF010,61
2024-11-26,10,REF010,35
2024-11-26,11,REF011,5
2024-11-26,11,REF011,44
2024-11-26,11,REF011,57
2024-11-26,11,REF011,40
2024-11-26,11,REF011,39
2024-11-26,11,REF011,71
2024-11-26,11,REF011,74
2024-11-26,12,REF012,94
2024-11-26,12,REF012,17
2024-11-26,12,REF012,49
2024-11-26,12,REF012,85
2024-11-26,13,REF013,17
2024-11-26,13,REF013,18
2024-11-26,13,REF013,54
2024-11-26,13,REF013,34
2024-11-26,14,REF014,99
2024-11-26,14,REF014,41
2024-11-26,16,REF016,19
2024-11-26,16,REF016,71
2024-11-26,16,REF016,25
2024-11-26,17,REF017,38
2024-11-26,17,REF017,100
2024-11-26,18,REF018,41
2024-11-26,18,REF018,46
2024-11-26,18,REF018,68
2024-11-26,19,REF019,43
2024-11-26,19,REF019,13
2024-11-26,20,REF020,45
2024-11-26,20,REF020,13
2024-11-26,20,REF020,58
2024-11-27,1,REF001,30
2024-11-27,1,REF001,36
2024-11-27,2,REF002,86
2024-11-27,2,REF002,45
2024-11-27,2,REF002,13
2024-11-27,3,REF003,21
2024-11-27,4,REF004,16
2024-11-27,4,REF004,100
2024-11-27,4,REF004,57
2024-11-27,4,REF004,66
2024-11-27,4,REF004,79
2024-11-27,5,REF005,94
2024-11-27,6,REF006,77
2024-11-27,6,REF006,51
2024-11-27,6,REF006,8
2024-11-27,6,REF006,70
2024-11-27,6,REF006,5
2024-11-27,6,REF006,55
2024-11-27,6,REF006,90
2024-11-27,7,REF007,58
2024-11-27,7,REF007,97
2024-11-27,7,REF007,44
2024-11-27,8,REF008,31
2024-11-27,8,REF008,81
2024-11-27,8,REF008,10
2024-11-27,9,REF009,24
2024-11-27,9,REF009,81
2024-11-27,9,REF009,35
2024-11-27,9,REF009,88
2024-11-27,9,REF009,27
2024-11-27,10,REF010,79
2024-11-27,10,REF010,90
2024-11-27,11,REF011,44
2024-11-27,12,REF012,33
2024-11-27,12,REF012,81
2024-11-27,12,REF012,92
2024-11-27,13,REF013,43
2024-11-27,14,REF014,35
2024-11-27,14,REF014,84
2024-11-27,14,REF014,74
2024-11-27,14,REF014,22
2024-11-27,14,REF014,17
2024-11-27,15,REF015,12
2024-11-27,15,REF015,79
2024-11-27,15,REF015,30
2024-11-27,16,REF016,59
2024-11-27,16,REF016,95
2024-11-27,16,REF016,93
2024-11-27,16,REF016,37
2024-11-27,16,REF016,18
2024-11-27,16,REF016,38
2024-11-27,16,REF016,13
2024-11-27,17,REF017,45
2024-11-27,17,REF017,38
2024-11-27,17,REF017,99
2024-11-27,17,REF017,48
2024-11-27,17,REF017,6
2024-11-27,18,REF018,12
2024-11-27,18,REF018,99
2024-11-27,19,REF019,99
2024-11-27,19,REF019,98
2024-11-27,19,REF019,25
2024-11-27,19,REF019,79
2024-11-27,19,REF019,73
2024-11-27,20,REF020,69
2024-11-27,20,REF020,32
2024-11-27,20,REF020,26
2024-11-28,1,REF001,10
2024-11-28,1,REF001,71
2024-11-28,2,REF002,47
2024-11-28,2,REF002,88
2024-11-28,2,REF002,73
2024-11-28,3,REF003,19
2024-11-28,3,REF003,59
2024-11-28,4,REF004,11
2024-11-28,4,REF004,100
2024-11-28,4,REF004,3
2024-11-28,4,REF004,4
2024-11-28,5,REF005,94
2024-11-28,5,REF005,51
2024-11-28,6,REF006,71
2024-11-28,6,REF006,42
2024-11-28,6,REF006,11
2024-11-28,6,REF006,23
2024-11-28,6,REF006,87
2024-11-28,7,REF007,60
2024-11-28,7,REF007,25
2024-11-28,7,REF007,51
2024-11-28,7,REF007,18
2024-11-28,8,REF008,89
2024-11-28,8,REF008,27
2024-11-28,9,REF009,78
2024-11-28,9,REF009,62
2024-11-28,9,REF009,10
2024-11-28,10,REF010,76
2024-11-28,11,REF011,96
2024-11-28,12,REF012,55
2024-11-28,12,REF012,95
2024-11-28,13,REF013,71
2024-11-28,13,REF013,27
2024-11-28,13,REF013,27
2024-11-28,13,REF013,19
2024-11-28,13,REF013,86
2024-11-28,13,REF013,11
2024-11-28,14,REF014,4
2024-11-28,14,REF014,21
2024-11-28,14,REF014,13
2024-11-28,14,REF014,42
2024-11-28,14,REF014,16
2024-11-28,14,REF014,96
2024-11-28,15,REF015,58
2024-11-28,15,REF015,6
2024-11-28,16,REF016,76
2024-11-28,17,REF017,14
2024-11-28,17,REF017,31
2024-11-28,18,REF018,77
2024-11-28,18,REF018,48
2024-11-28,18,REF018,41
2024-11-28,19,REF019,55
2024-11-28,20,REF020,21
2024-11-28,20,REF020,39
2024-11-28,20,REF020,88
2024-11-28,20,REF020,55
2024-11-28,20,REF020,60
2024-11-29,1,REF001,44
2024-11-29,2,REF002,52
2024-11-29,2,REF002,16
2024-11-29,2,REF002,11
2024-11-29,2,REF002,46
2024-11-29,3,REF003,42
2024-11-29,3,REF003,32
2024-11-29,4,REF004,31
2024-11-29,5,REF005,89
2024-11-29,5,REF005,70
2024-11-29,5,REF005,26
2024-11-29,5,REF005,28
2024-11-29,5,REF005,47
2024-11-29,6,REF006,11
2024-11-29,7,REF007,100
2024-11-29,7,REF007,78
2024-11-29,7,REF007,32
2024-11-29,7,REF007,41
2024-11-29,7,REF007,51
2024-11-29,8,REF008,51
2024-11-29,8,REF008,88
2024-11-29,8,REF008,75
2024-11-29,10,REF010,27
2024-11-29,10,REF010,45
2024-11-29,11,REF011,79
2024-11-29,11,REF011,14
2024-11-29,11,REF011,58
2024-11-29,11,REF011,37
2024-11-29,12,REF012,74
2024-11-29,12,REF012,95
2024-11-29,13,REF013,65
2024-11-29,13,REF013,47
2024-11-29,13,REF013,44
2024-11-29,13,REF013,23
2024-11-29,13,REF013,56
2024-11-29,14,REF014,85
2024-11-29,14,REF014,87
2024-11-29,14,REF014,75
2024-11-29,14,REF014,22
2024-11-29,14,REF014,18
2024-11-29,15,REF015,90
2024-11-29,15,REF015,23
2024-11-29,16,REF016,67
2024-11-29,16,REF016,14
2024-11-29,17,REF017,32
2024-11-29,17,REF017,5
2024-11-29,17,REF017,66
2024-11-29,18,REF018,78
2024-11-29,18,REF018,31
2024-11-29,19,REF019,43
2024-11-29,19,REF019,76
2024-11-29,19,REF019,47
2024-11-29,20,REF020,54
2024-11-29,20,REF020,77
2024-11-29,20,REF020,96
2024-11-29,20,REF020,22
2024-11-30,1,REF001,11
2024-11-30,1,REF001,95
2024-11-30,2,REF002,63
2024-11-30,2,REF002,14
2024-11-30,2,REF002,96
2024-11-30,2,REF002,98
2024-11-30,2,REF002,92
2024-11-30,3,REF003,22
2024-11-30,3,REF003,20
2024-11-30,4,REF004,3
2024-11-30,4,REF004,69
2024-11-30,5,REF005,39
2024-11-30,6,REF006,4
2024-11-30,6,REF006,32
2024-11-30,6,REF006,6
2024-11-30,7,REF007,17
2024-11-30,7,REF007,32
2024-11-30,9,REF009,7
2024-11-30,9,REF009,8
2024-11-30,9,REF009,42
2024-11-30,9,REF009,8
2024-11-30,11,REF011,23
2024-11-30,11,REF011,39
2024-11-30,11,REF011,77
2024-11-30,12,REF012,61
2024-11-30,12,REF012,1
2024-11-30,12,REF012,72
2024-11-30,12,REF012,21
2024-11-30,12,REF012,37
2024-11-30,12,REF012,92
2024-11-30,14,REF014,49
2024-11-30,14,REF014,3
2024-11-30,14,REF014,87
2024-11-30,14,REF014,65
2024-11-30,15,REF015,27
2024-11-30,15,REF015,9
2024-11-30,15,REF015,40
2024-11-30,15,REF015,5
2024-11-30,16,REF016,30
2024-11-30,16,REF016,43
2024-11-30,16,REF016,91
2024-11-30,16,REF016,31
2024-11-30,16,REF016,13
2024-11-30,16,REF016,13
2024-11-30,17,REF017,22
2024-11-30,17,REF017,74
2024-11-30,17,REF017,70
2024-11-30,17,REF017,68
2024-11-30,18,REF018,28
2024-11-30,18,REF018,23
2024-11-30,18,REF018,79
2024-11-30,18,REF018,63
2024-11-30,18,REF018,26
2024-11-30,19,REF019,61
2024-11-30,19,REF019,78
2024-11-30,20,REF020,52
2024-11-30,20,REF020,40
2024-11-30,20,REF020,95
2024-12-01,1,REF001,79
2024-12-01,1,REF001,1
2024-12-01,2,REF002,47
2024-12-01,2,REF002,10
2024-12-01,2,REF002,8
2024-12-01,2,REF002,92
2024-12-01,4,REF004,13
2024-12-01,4,REF004,69
2024-12-01,4,REF004,56
2024-12-01,5,REF005,16
2024-12-01,5,REF005,21
2024-12-01,5,REF005,34
2024-12-01,5,REF005,99
2024-12-01,6,REF006,65
2024-12-01,6,REF006,94
2024-12-01,7,REF007,25
2024-12-01,7,REF007,61
2024-12-01,8,REF008,55
2024-12-01,8,REF008,66
2024-12-01,8,REF008,39
2024-12-01,9,REF009,31
2024-12-01,9,REF009,79
2024-12-01,9,REF009,90
2024-12-01,9,REF009,52
2024-12-01,9,REF009,46
2024-12-01,9,REF009,1
2024-12-01,10,REF010,81
2024-12-01,11,REF011,40
2024-12-01,12,REF012,59
2024-12-01,12,REF012,32
2024-12-01,13,REF013,69
2024-12-01,14,REF014,59
2024-12-01,14,REF014,40
2024-12-01,15,REF015,58
2024-12-01,15,REF015,67
2024-12-01,16,REF016,21
2024-12-01,16,REF016,23
2024-12-01,16,REF016,87
2024-12-01,16,REF016,10
2024-12-01,16,REF016,85
2024-12-01,16,REF016,24
2024-12-01,17,REF017,57
2024-12-01,17,REF017,69
2024-12-01,17,REF017,7
2024-12-01,17,REF017,83
2024-12-01,18,REF018,16
2024-12-01,18,REF018,61
2024-12-01,18,REF018,90
2024-12-01,18,REF018,31
2024-12-01,18,REF018,39
2024-12-01,19,REF019,50
2024-12-01,19,REF019,16
2024-12-01,19,REF019,45
2024-12-02,1,REF001,27
2024-12-02,1,REF001,44
2024-12-02,1,REF001,46
2024-12-02,1,REF001,69
2024-12-02,2,REF002,78
2024-12-02,2,REF002,50
2024-12-02,2,REF002,61
2024-12-02,3,REF003,89
2024-12-02,3,REF003,82
2024-12-02,3,REF003,36
2024-12-02,4,REF004,16
2024-12-02,4,REF004,56
2024-12-02,4,REF004,25
2024-12-02,4,REF004,92
2024-12-02,4,REF004,5
2024-12-02,5,REF005,75
2024-12-02,5,REF005,51
2024-12-02,5,REF005,99
2024-12-02,5,REF005,17
2024-12-02,6,REF006,42
2024-12-02,7,REF007,91
2024-12-02,7,REF007,24
2024-12-02,7,REF007,4
2024-12-02,8,REF008,77
2024-12-02,8,REF008,52
2024-12-02,8,REF008,24
2024-12-02,9,REF009,32
2024-12-02,9,REF009,11
2024-12-02,9,REF009,90
2024-12-02,10,REF010,33
2024-12-02,11,REF011,21
2024-12-02,11,REF011,98
2024-12-02,11,REF011,69
2024-12-02,12,REF012,90
2024-12-02,12,REF012,12
2024-12-02,12,REF012,10
2024-12-02,13,REF013,99
2024-12-02,13,REF013,54
2024-12-02,13,REF013,71
2024-12-02,14,REF014,24
2024-12-02,14,REF014,92
2024-12-02,14,REF014,8
2024-12-02,14,REF014,28
2024-12-02,14,REF014,86
2024-12-02,14,REF014,55
2024-12-02,14,REF014,26
2024-12-02,14,REF014,59
2024-12-02,16,REF016,73
2024-12-02,16,REF016,19
2024-12-02,17,REF017,21
2024-12-02,17,REF017,52
2024-12-02,17,REF017,41
2024-12-02,18,REF018,66
2024-12-02,18,REF018,41
2024-12-02,19,REF019,35
2024-12-02,20,REF020,60
2024-12-02,20,REF020,34
2024-12-03,1,REF001,81
2024-12-03,2,REF002,30
2024-12-03,2,REF002,48
2024-12-03,2,REF002,43
2024-12-03,3,REF003,82
2024-12-03,3,REF003,48
2024-12-03,4,REF004,9
2024-12-03,4,REF004,35
2024-12-03,5,REF005,69
2024-12-03,5,REF005,72
2024-12-03,5,REF005,96
2024-12-03,6,REF006,78
2024-12-03,7,REF007,27
2024-12-03,7,REF007,97
2024-12-03,8,REF008,83
2024-12-03,8,REF008,17
2024-12-03,8,REF008,62
2024-12-03,8,REF008,4
2024-12-03,9,REF009,29
2024-12-03,9,REF009,27
2024-12-03,9,REF009,27
2024-12-03,9,REF009,69
2024-12-03,9,REF009,35
2024-12-03,9,REF009,84
2024-12-03,10,REF010,30
2024-12-03,10,REF010,62
2024-12-03,11,REF011,59
2024-12-03,11,REF011,33
2024-12-03,11,REF011,32
2024-12-03,11,REF011,75
2024-12-03,12,REF012,53
2024-12-03,12,REF012,9
2024-12-03,12,REF012,67
2024-12-03,13,REF013,31
2024-12-03,13,REF013,30
2024-12-03,13,REF013,42
2024-12-03,13,REF013,39
2024-12-03,15,REF015,66
2024-12-03,15,REF015,12
2024-12-03,15,REF015,13
2024-12-03,16,REF016,74
2024-12-03,16,REF016,95
2024-12-03,16,REF016,37
2024-12-03,17,REF017,23
2024-12-03,17,REF017,29
2024-12-03,17,REF017,37
2024-12-03,18,REF018,6
2024-12-03,18,REF018,38
2024-12-03,19,REF019,24
2024-12-03,19,REF019,38
2024-12-03,20,REF020,6
2024-12-03,20,REF020,12
2024-12-04,3,REF003,54
2024-12-04,3,REF003,96
2024-12-04,4,REF004,7
2024-12-04,4,REF004,74
2024-12-04,4,REF004,41
2024-12-04,4,REF004,58
2024-12-04,4,REF004,27
2024-12-04,5,REF005,67
2024-12-04,5,REF005,78
2024-12-04,6,REF006,12
2024-12-04,7,REF007,66
2024-12-04,7,REF007,72
2024-12-04,7,REF007,4
2024-12-04,8,REF008,35
2024-12-04,8,REF008,43
2024-12-04,8,REF008,74
2024-12-04,8,REF008,6
2024-12-04,8,REF008,57
2024-12-04,9,REF009,59
2024-12-04,9,REF009,17
2024-12-04,9,REF009,55
2024-12-04,10,REF010,64
2024-12-04,10,REF010,77
2024-12-04,10,REF010,60
2024-12-04,10,REF010,4
2024-12-04,11,REF011,62
2024-12-04,11,REF011,29
2024-12-04,12,REF012,45
2024-12-04,12,REF012,18
2024-12-04,12,REF012,63
2024-12-04,13,REF013,68
2024-12-04,14,REF014,80
2024-12-04,14,REF014,93
2024-12-04,14,REF014,36
2024-12-04,14,REF014,28
2024-12-04,14,REF014,5
2024-12-04,14,REF014,13
2024-12-04,14,REF014,89
2024-12-04,15,REF015,64
2024-12-04,16,REF016,7
2024-12-04,17,REF017,64
2024-12-04,18,REF018,87
2024-12-04,20,REF020,81
2024-12-04,20,REF020,38
2024-12-04,20,REF020,2
2024-12-05,1,REF001,45
2024-12-05,1,REF001,94
2024-12-05,3,REF003,91
2024-12-05,3,REF003,2
2024-12-05,4,REF004,58
2024-12-05,4,REF004,7
2024-12-05,4,REF004,9
2024-12-05,4,REF004,27
2024-12-05,5,REF005,52
2024-12-05,5,REF005,6
2024-12-05,6,REF006,4
2024-12-05,6,REF006,50
2024-12-05,6,REF006,45
2024-12-05,6,REF006,83
2024-12-05,7,REF007,66
2024-12-05,7,REF007,32
2024-12-05,7,REF007,26
2024-12-05,8,REF008,21
2024-12-05,8,REF008,48
2024-12-05,9,REF009,58
2024-12-05,11,REF011,1
2024-12-05,12,REF012,62
2024-12-05,12,REF012,24
2024-12-05,13,REF013,10
2024-12-05,13,REF013,82
2024-12-05,13,REF013,58
2024-12-05,14,REF014,96
2024-12-05,15,REF015,33
2024-12-05,15,REF015,84
2024-12-05,15,REF015,82
2024-12-05,16,REF016,34
2024-12-05,16,REF016,95
2024-12-05,16,REF016,37
2024-12-05,16,REF016,8
2024-12-05,16,REF016,84
2024-12-05,16,REF016,69
2024-12-05,17,REF017,93
2024-12-05,18,REF018,64
2024-12-05,18,REF018,86
2024-12-05,18,REF018,34
2024-12-05,18,REF018,71
2024-12-05,19,REF019,24
2024-12-05,19,REF019,23
2024-12-05,19,REF019,83
2024-12-05,19,REF019,47
2024-12-05,19,REF019,92
2024-12-05,19,REF019,11
2024-12-05,20,REF020,33
2024-12-05,20,REF020,25
2024-12-06,1,REF001,48
2024-12-06,2,REF002,36
2024-12-06,2,REF002,47
2024-12-06,2,REF002,37
2024-12-06,3,REF003,68
2024-12-06,4,REF004,25
2024-12-06,4,REF004,100
2024-12-06,5,REF005,39
2024-12-06,5,REF005,71
2024-12-06,5,REF005,48
2024-12-06,6,REF006,37
2024-12-06,7,REF007,98
2024-12-06,7,REF007,94
2024-12-06,8,REF008,82
2024-12-06,8,REF008,18
2024-12-06,10,REF010,91
2024-12-06,13,REF013,10
2024-12-06,13,REF013,82
2024-12-06,13,REF013,48
2024-12-06,15,REF015,87
2024-12-06,15,REF015,52
2024-12-06,15,REF015,66
2024-12-06,16,REF016,67
2024-12-06,16,REF016,94
2024-12-06,17,REF017,81
2024-12-06,18,REF018,98
2024-12-06,18,REF018,79
2024-12-06,19,REF019,70
2024-12-06,19,REF019,15
2024-12-06,19,REF019,37
2024-12-06,20,REF020,67
2024-12-06,20,REF020,39
2024-12-06,20,REF020,40
2024-12-06,20,REF020,97
2024-12-07,1,REF001,56
2024-12-07,1,REF001,75
2024-12-07,1,REF001,87
2024-12-07,2,REF002,51
2024-12-07,2,REF002,16
2024-12-07,2,REF002,76
2024-12-07,2,REF002,100
2024-12-07,3,REF003,52
2024-12-07,3,REF003,95
2024-12-07,3,REF003,98
2024-12-07,4,REF004,85
2024-12-07,4,REF004,24
2024-12-07,4,REF004,64
2024-12-07,4,REF004,57
2024-12-07,4,REF004,46
2024-12-07,5,REF005,39
2024-12-07,6,REF006,16
2024-12-07,6,REF006,4
2024-12-07,7,REF007,9
2024-12-07,7,REF007,79
2024-12-07,7,REF007,77
2024-12-07,7,REF007,46
2024-12-07,8,REF008,35
2024-12-07,9,REF009,68
2024-12-07,9,REF009,56
2024-12-07,9,REF009,80
2024-12-07,9,REF009,14
2024-12-07,9,REF009,44
2024-12-07,9,REF009,25
2024-12-07,9,REF009,46
2024-12-07,11,REF011,41
2024-12-07,11,REF011,48
2024-12-07,11,REF011,17
2024-12-07,11,REF011,46
2024-12-07,11,REF011,94
2024-12-07,12,REF012,88
2024-12-07,13,REF013,85
2024-12-07,13,REF013,23
2024-12-07,13,REF013,92
2024-12-07,13,REF013,52
2024-12-07,14,REF014,98
2024-12-07,14,REF014,29
2024-12-07,14,REF014,77
2024-12-07,15,REF015,14
2024-12-07,15,REF015,20
2024-12-07,15,REF015,54
2024-12-07,15,REF015,81
2024-12-07,16,REF016,15
2024-12-07,16,REF016,13
2024-12-07,16,REF016,57
2024-12-07,17,REF017,81
2024-12-07,17,REF017,67
2024-12-07,17,REF017,93
2024-12-07,18,REF018,8
2024-12-07,18,REF018,27
2024-12-07,19,REF019,60
2024-12-07,20,REF020,27
2024-12-07,20,REF020,43
2024-12-08,1,REF001,51
2024-12-08,1,REF001,44
2024-12-08,1,REF001,59
2024-12-08,1,REF001,63
2024-12-08,2,REF002,8
2024-12-08,2,REF002,59
2024-12-08,2,REF002,14
2024-12-08,2,REF002,27
2024-12-08,2,REF002,45
2024-12-08,3,REF003,9
2024-12-08,3,REF003,66
2024-12-08,3,REF003,22
2024-12-08,3,REF003,54
2024-12-08,4,REF004,23
2024-12-08,5,REF005,25
2024-12-08,5,REF005,24
2024-12-08,6,REF006,61
2024-12-08,6,REF006,36
2024-12-08,6,REF006,72
2024-12-08,6,REF006,54
2024-12-08,8,REF008,20
2024-12-08,8,REF008,59
2024-12-08,8,REF008,3
2024-12-08,9,REF009,64
2024-12-08,9,REF009,81
2024-12-08,9,REF009,21
2024-12-08,9,REF009,62
2024-12-08,9,REF009,98
2024-12-08,10,REF010,26
2024-12-08,11,REF011,65
2024-12-08,11,REF011,19
2024-12-08,11,REF011,20
2024-12-08,11,REF011,96
2024-12-08,12,REF012,77
2024-12-08,12,REF012,87
2024-12-08,13,REF013,44
2024-12-08,14,REF014,39
2024-12-08,14,REF014,69
2024-12-08,14,REF014,86
2024-12-08,14,REF014,32
2024-12-08,15,REF015,57
2024-12-08,15,REF015,7
2024-12-08,15,REF015,80
2024-12-08,16,REF016,44
2024-12-08,16,REF016,18
2024-12-08,16,REF016,88
2024-12-08,16,REF016,76
2024-12-08,16,REF016,7
2024-12-08,17,REF017,74
2024-12-08,17,REF017,73
2024-12-08,18,REF018,39
2024-12-08,18,REF018,87
2024-12-08,18,REF018,62
2024-12-08,18,REF018,31
2024-12-08,19,REF019,27
2024-12-08,20,REF020,71
2024-12-08,20,REF020,95
2024-12-08,20,REF020,54
2024-12-08,20,REF020,70
2024-12-08,20,REF020,87
2024-12-09,1,REF001,53
2024-12-09,1,REF001,40
2024-12-09,1,REF001,1
2024-12-09,1,REF001,43
2024-12-09,1,REF001,66
2024-12-09,2,REF002,27
2024-12-09,3,REF003,63
2024-12-09,3,REF003,76
2024-12-09,3,REF003,77
2024-12-09,3,REF003,49
2024-12-09,4,REF004,48
2024-12-09,4,REF004,54
2024-12-09,4,REF004,17
2024-12-09,4,REF004,75
2024-12-09,4,REF004,61
2024-12-09,4,REF004,93
2024-12-09,4,REF004,54
2024-12-09,5,REF005,48
2024-12-09,6,REF006,99
2024-12-09,6,REF006,82
2024-12-09,6,REF006,95
2024-12-09,6,REF006,36
2024-12-09,6,REF006,31
2024-12-09,6,REF006,46
2024-12-09,6,REF006,54
2024-12-09,6,REF006,72
2024-12-09,6,REF006,4
2024-12-09,7,REF007,8
2024-12-09,8,REF008,33
2024-12-09,8,REF008,97
2024-12-09,8,REF008,35
2024-12-09,8,REF008,44
2024-12-09,10,REF010,39
2024-12-09,11,REF011,17
2024-12-09,11,REF011,27
2024-12-09,11,REF011,11
2024-12-09,11,REF011,73
2024-12-09,12,REF012,77
2024-12-09,12,REF012,24
2024-12-09,13,REF013,80
2024-12-09,13,REF013,11
2024-12-09,14,REF014,44
2024-12-09,14,REF014,13
2024-12-09,15,REF015,21
2024-12-09,15,REF015,46
2024-12-09,15,REF015,23
2024-12-09,15,REF015,89
2024-12-09,16,REF016,6
2024-12-09,17,REF017,74
2024-12-09,18,REF018,13
2024-12-09,19,REF019,87
2024-12-09,19,REF019,96
2024-12-09,19,REF019,100
2024-12-09,19,REF019,5
2024-12-09,19,REF019,22
2024-12-09,19,REF019,37
2024-12-10,1,REF001,15
2024-12-10,1,REF001,12
2024-12-10,2,REF002,92
2024-12-10,2,REF002,8
2024-12-10,3,REF003,7
2024-12-10,3,REF003,71
2024-12-10,3,REF003,1
2024-12-10,4,REF004,59
2024-12-10,4,REF004,91
2024-12-10,5,REF005,56
2024-12-10,6,REF006,66
2024-12-10,6,REF006,93
2024-12-10,6,REF006,44
2024-12-10,6,REF006,32
2024-12-10,6,REF006,34
2024-12-10,6,REF006,97
2024-12-10,7,REF007,97
2024-12-10,7,REF007,77
2024-12-10,7,REF007,39
2024-12-10,7,REF007,54
2024-12-10,7,REF007,20
2024-12-10,7,REF007,79
2024-12-10,7,REF007,86
2024-12-10,7,REF007,37
2024-12-10,8,REF008,74
2024-12-10,8,REF008,69
2024-12-10,9,REF009,5
2024-12-10,9,REF009,15
2024-12-10,10,REF010,78
2024-12-10,10,REF010,37
2024-12-10,10,REF010,20
2024-12-10,10,REF010,11
2024-12-10,11,REF011,96
2024-12-10,11,REF011,72
2024-12-10,11,REF011,76
2024-12-10,11,REF011,33
2024-12-10,11,REF011,86
2024-12-10,11,REF011,91
2024-12-10,11,REF011,32
2024-12-10,11,REF011,100
2024-12-10,12,REF012,16
2024-12-10,12,REF012,40
2024-12-10,12,REF012,69
2024-12-10,12,REF012,21
2024-12-10,12,REF012,55
2024-12-10,13,REF013,8
2024-12-10,13,REF013,100
2024-12-10,13,REF013,16
2024-12-10,13,REF013,69
2024-12-10,14,REF014,92
2024-12-10,14,REF014,44
2024-12-10,16,REF016,59
2024-12-10,16,REF016,55
2024-12-10,17,REF017,39
2024-12-10,17,REF017,61
2024-12-10,17,REF017,43
2024-12-10,17,REF017,88
2024-12-10,17,REF017,55
2024-12-10,18,REF018,44
2024-12-10,18,REF018,38
2024-12-10,18,REF018,35
2024-12-10,18,REF018,59
2024-12-10,18,REF018,89
2024-12-10,19,REF019,7
2024-12-10,19,REF019,17
2024-12-10,19,REF019,52
2024-12-10,19,REF019,67
2024-12-11,1,REF001,72
2024-12-11,1,REF001,90
2024-12-11,2,REF002,91
2024-12-11,2,REF002,35
2024-12-11,3,REF003,41
2024-12-11,3,REF003,3
2024-12-11,3,REF003,75
2024-12-11,3,REF003,12
2024-12-11,3,REF003,93
2024-12-11,3,REF003,80
2024-12-11,3,REF003,34
2024-12-11,4,REF004,99
2024-12-11,4,REF004,32
2024-12-11,4,REF004,37
2024-12-11,4,REF004,45
2024-12-11,4,REF004,43
2024-12-11,5,REF005,39
2024-12-11,6,REF006,94
2024-12-11,6,REF006,57
2024-12-11,6,REF006,69
2024-12-11,7,REF007,10
2024-12-11,7,REF007,89
2024-12-11,8,REF008,76
2024-12-11,8,REF008,16
2024-12-11,8,REF008,32
2024-12-11,8,REF008,50
2024-12-11,8,REF008,1
2024-12-11,9,REF009,68
2024-12-11,9,REF009,69
2024-12-11,9,REF009,45
2024-12-11,9,REF009,97
2024-12-11,10,REF010,94
2024-12-11,10,REF010,94
2024-12-11,10,REF010,2
2024-12-11,10,REF010,20
2024-12-11,11,REF011,65
2024-12-11,11,REF011,56
2024-12-11,12,REF012,70
2024-12-11,12,REF012,1
2024-12-11,13,REF013,92
2024-12-11,13,REF013,12
2024-12-11,13,REF013,95
2024-12-11,13,REF013,77
2024-12-11,14,REF014,67
2024-12-11,14,REF014,20
2024-12-11,14,REF014,40
2024-12-11,15,REF015,69
2024-12-11,15,REF015,80
2024-12-11,16,REF016,94
2024-12-11,16,REF016,54
2024-12-11,16,REF016,1
2024-12-11,17,REF017,52
2024-12-11,17,REF017,94
2024-12-11,17,REF017,74
2024-12-11,17,REF017,78
2024-12-11,17,REF017,77
2024-12-11,17,REF017,46
2024-12-11,17,REF017,38
2024-12-11,18,REF018,44
2024-12-11,18,REF018,2
2024-12-11,18,REF018,44
2024-12-11,18,REF018,94
2024-12-11,18,REF018,36
2024-12-11,19,REF019,17
2024-12-11,19,REF019,65
2024-12-11,19,REF019,49
2024-12-11,19,REF019,16
2024-12-11,19,REF019,31
2024-12-11,20,REF020,75
2024-12-11,20,REF020,21
2024-12-12,1,REF001,65
2024-12-12,1,REF001,92
2024-12-12,2,REF002,78
2024-12-12,2,REF002,11
2024-12-12,3,REF003,18
2024-12-12,3,REF003,13
2024-12-12,3,REF003,93
2024-12-12,3,REF003,46
2024-12-12,3,REF003,34
2024-12-12,3,REF003,93
2024-12-12,4,REF004,8
2024-12-12,4,REF004,71
2024-12-12,5,REF005,100
2024-12-12,5,REF005,20
2024-12-12,5,REF005,30
2024-12-12,5,REF005,16
2024-12-12,6,REF006,48
2024-12-12,6,REF006,46
2024-12-12,6,REF006,71
2024-12-12,6,REF006,3
2024-12-12,7,REF007,37
2024-12-12,7,REF007,80
2024-12-12,8,REF008,14
2024-12-12,8,REF008,80
2024-12-12,8,REF008,64
2024-12-12,8,REF008,12
2024-12-12,8,REF008,81
2024-12-12,8,REF008,87
2024-12-12,9,REF009,7
2024-12-12,9,REF009,3
2024-12-12,9,REF009,46
2024-12-12,10,REF010,62
2024-12-12,12,REF012,45
2024-12-12,13,REF013,21
2024-12-12,13,REF013,63
2024-12-12,13,REF013,90
2024-12-12,14,REF014,78
2024-12-12,14,REF014,58
2024-12-12,14,REF014,72
2024-12-12,14,REF014,85
2024-12-12,14,REF014,69
2024-12-12,15,REF015,4
2024-12-12,15,REF015,25
2024-12-12,15,REF015,81
2024-12-12,15,REF015,87
2024-12-12,15,REF015,13
2024-12-12,16,REF016,72
2024-12-12,16,REF016,96
2024-12-12,16,REF016,22
2024-12-12,16,REF016,19
2024-12-12,16,REF016,52
2024-12-12,17,REF017,98
2024-12-12,17,REF017,47
2024-12-12,17,REF017,85
2024-12-12,17,REF017,63
2024-12-12,17,REF017,59
2024-12-12,18,REF018,85
2024-12-12,18,REF018,91
2024-12-12,19,REF019,1
2024-12-12,20,REF020,62
2024-12-12,20,REF020,58
2024-12-13,1,REF001,16
2024-12-13,1,REF001,56
2024-12-13,2,REF002,97
2024-12-13,3,REF003,58
2024-12-13,3,REF003,17
2024-12-13,3,REF003,46
2024-12-13,3,REF003,23
2024-12-13,3,REF003,32
2024-12-13,3,REF003,62
2024-12-13,3,REF003,75
2024-12-13,4,REF004,11
2024-12-13,4,REF004,90
2024-12-13,5,REF005,71
2024-12-13,6,REF006,34
2024-12-13,6,REF006,95
2024-12-13,7,REF007,87
2024-12-13,7,REF007,70
2024-12-13,7,REF007,24
2024-12-13,7,REF007,100
2024-12-13,8,REF008,84
2024-12-13,8,REF008,61
2024-12-13,8,REF008,25
2024-12-13,9,REF009,55
2024-12-13,9,REF009,71
2024-12-13,9,REF009,15
2024-12-13,10,REF010,46
2024-12-13,10,REF010,92
2024-12-13,10,REF010,14
2024-12-13,10,REF010,15
2024-12-13,10,REF010,16
2024-12-13,10,REF010,14
2024-12-13,11,REF011,7
2024-12-13,11,REF011,91
2024-12-13,11,REF011,8
2024-12-13,11,REF011,45
2024-12-13,11,REF011,94
2024-12-13,12,REF012,71
2024-12-13,12,REF012,59
2024-12-13,12,REF012,51
2024-12-13,13,REF013,31
2024-12-13,13,REF013,17
2024-12-13,13,REF013,23
2024-12-13,15,REF015,33
2024-12-13,15,REF015,10
2024-12-13,16,REF016,71
2024-12-13,17,REF017,13
2024-12-13,18,REF018,92
2024-12-13,18,REF018,31
2024-12-13,18,REF018,94
2024-12-13,18,REF018,59
2024-12-13,19,REF019,57
2024-12-13,19,REF019,84
2024-12-13,19,REF019,44
2024-12-13,19,REF019,43
2024-12-13,19,REF019,37
2024-12-13,20,REF020,87
2024-12-13,20,REF020,64
2024-12-14,1,REF001,4
2024-12-14,1,REF001,22
2024-12-14,1,REF001,43
2024-12-14,2,REF002,96
2024-12-14,2,REF002,68
2024-12-14,3,REF003,10
2024-12-14,4,REF004,58
2024-12-14,4,REF004,91
2024-12-14,4,REF004,14
2024-12-14,5,REF005,33
2024-12-14,5,REF005,4
2024-12-14,5,REF005,72
2024-12-14,5,REF005,95
2024-12-14,7,REF007,97
2024-12-14,8,REF008,3
2024-12-14,8,REF008,61
2024-12-14,8,REF008,6
2024-12-14,8,REF008,37
2024-12-14,8,REF008,95
2024-12-14,9,REF009,12
2024-12-14,9,REF009,33
2024-12-14,9,REF009,66
2024-12-14,9,REF009,4
2024-12-14,10,REF010,100
2024-12-14,10,REF010,48
2024-12-14,11,REF011,50
2024-12-14,11,REF011,21
2024-12-14,11,REF011,11
2024-12-14,12,REF012,73
2024-12-14,12,REF012,15
2024-12-14,13,REF013,100
2024-12-14,13,REF013,34
2024-12-14,14,REF014,57
2024-12-14,14,REF014,94
2024-12-14,15,REF015,11
2024-12-14,15,REF015,75
2024-12-14,15,REF015,5
2024-12-14,17,REF017,77
2024-12-14,17,REF017,57
2024-12-14,18,REF018,80
2024-12-14,18,REF018,99
2024-12-14,18,REF018,18
2024-12-14,18,REF018,56
2024-12-14,19,REF019,88
2024-12-14,20,REF020,61
2024-12-15,1,REF001,47
2024-12-15,1,REF001,95
2024-12-15,1,REF001,80
2024-12-15,2,REF002,18
2024-12-15,2,REF002,100
2024-12-15,2,REF002,10
2024-12-15,3,REF003,18
2024-12-15,3,REF003,7
2024-12-15,3,REF003,19
2024-12-15,3,REF003,98
2024-12-15,4,REF004,66
2024-12-15,4,REF004,40
2024-12-15,4,REF004,30
2024-12-15,4,REF004,62
2024-12-15,5,REF005,44
2024-12-15,5,REF005,12
2024-12-15,6,REF006,74
2024-12-15,6,REF006,98
2024-12-15,6,REF006,7
2024-12-15,6,REF006,44
2024-12-15,6,REF006,41
2024-12-15,7,REF007,71
2024-12-15,7,REF007,65
2024-12-15,8,REF008,4
2024-12-15,8,REF008,2
2024-12-15,8,REF008,3
2024-12-15,8,REF008,29
2024-12-15,8,REF008,60
2024-12-15,9,REF009,76
2024-12-15,9,REF009,48
2024-12-15,9,REF009,42
2024-12-15,9,REF009,8
2024-12-15,9,REF009,89
2024-12-15,9,REF009,51
2024-12-15,10,REF010,63
2024-12-15,10,REF010,65
2024-12-15,10,REF010,32
2024-12-15,10,REF010,48
2024-12-15,11,REF011,73
2024-12-15,11,REF011,34
2024-12-15,11,REF011,73
2024-12-15,12,REF012,86
2024-12-15,12,REF012,60
2024-12-15,12,REF012,3
2024-12-15,13,REF013,34
2024-12-15,14,REF014,15
2024-12-15,14,REF014,78
2024-12-15,14,REF014,65
2024-12-15,14,REF014,87
2024-12-15,15,REF015,71
2024-12-15,16,REF016,84
2024-12-15,16,REF016,48
2024-12-15,16,REF016,76
2024-12-15,16,REF016,67
2024-12-15,16,REF016,4
2024-12-15,16,REF016,66
2024-12-15,17,REF017,76
2024-12-15,17,REF017,24
2024-12-15,17,REF017,71
2024-12-15,17,REF017,33
2024-12-15,17,REF017,44
2024-12-15,18,REF018,63
2024-12-15,18,REF018,2
2024-12-15,18,REF018,81
2024-12-15,19,REF019,43
2024-12-15,19,REF019,87
2024-12-15,19,REF019,79
2024-12-15,19,REF019,84
2024-12-15,19,REF019,47
2024-12-15,20,REF020,25
2024-12-15,20,REF020,90
2024-12-15,20,REF020,31
2024-12-16,1,REF001,24
2024-12-16,1,REF001,2
2024-12-16,1,REF001,60
2024-12-16,2,REF002,84
2024-12-16,2,REF002,61
2024-12-16,3,REF003,2
2024-12-16,4,REF004,21
2024-12-16,4,REF004,31
2024-12-16,4,REF004,91
2024-12-16,4,REF004,83
2024-12-16,4,REF004,46
2024-12-16,5,REF005,9
2024-12-16,5,REF005,82
2024-12-16,5,REF005,86
2024-12-16,5,REF005,41
2024-12-16,6,REF006,62
2024-12-16,6,REF006,36
2024-12-16,6,REF006,51
2024-12-16,7,REF007,53
2024-12-16,8,REF008,55
2024-12-16,8,REF008,32
2024-12-16,8,REF008,37
2024-12-16,8,REF008,39
2024-12-16,8,REF008,82
2024-12-16,9,REF009,35
2024-12-16,9,REF009,5
2024-12-16,10,REF010,63
2024-12-16,10,REF010,10
2024-12-16,10,REF010,72
2024-12-16,10,REF010,62
2024-12-16,12,REF012,75
2024-12-16,12,REF012,32
2024-12-16,12,REF012,44
2024-12-16,13,REF013,70
2024-12-16,13,REF013,13
2024-12-16,13,REF013,99
2024-12-16,14,REF014,77
2024-12-16,14,REF014,13
2024-12-16,14,REF014,81
2024-12-16,14,REF014,54
2024-12-16,14,REF014,93
2024-12-16,14,REF014,81
2024-12-16,16,REF016,47
2024-12-16,16,REF016,96
2024-12-16,16,REF016,89
2024-12-16,16,REF016,69
2024-12-16,16,REF016,80
2024-12-16,16,REF016,19
2024-12-16,17,REF017,59
2024-12-16,17,REF017,51
2024-12-16,17,REF017,61
2024-12-16,17,REF017,22
2024-12-16,18,REF018,41
2024-12-16,18,REF018,72
2024-12-16,18,REF018,53
2024-12-16,18,REF018,31
2024-12-16,18,REF018,77
2024-12-16,18,REF018,84
2024-12-16,18,REF018,78
2024-12-16,19,REF019,30
2024-12-17,1,REF001,99
2024-12-17,1,REF001,71
2024-12-17,1,REF001,97
2024-12-17,2,REF002,7
2024-12-17,2,REF002,19
2024-12-17,3,REF003,98
2024-12-17,4,REF004,11
2024-12-17,4,REF004,32
2024-12-17,4,REF004,35
2024-12-17,5,REF005,88
2024-12-17,5,REF005,100
2024-12-17,6,REF006,64
2024-12-17,7,REF007,95
2024-12-17,8,REF008,31
2024-12-17,8,REF008,53
2024-12-17,9,REF009,97
2024-12-17,9,REF009,67
2024-12-17,9,REF009,92
2024-12-17,9,REF009,81
2024-12-17,9,REF009,80
2024-12-17,9,REF009,52
2024-12-17,10,REF010,18
2024-12-17,10,REF010,48
2024-12-17,11,REF011,96
2024-12-17,11,REF011,82
2024-12-17,11,REF011,90
2024-12-17,12,REF012,18
2024-12-17,13,REF013,75
2024-12-17,14,REF014,21
2024-12-17,14,REF014,5
2024-12-17,14,REF014,73
2024-12-17,14,REF014,5
2024-12-17,14,REF014,74
2024-12-17,15,REF015,52
2024-12-17,15,REF015,17
2024-12-17,15,REF015,8
2024-12-17,15,REF015,20
2024-12-17,16,REF016,14
2024-12-17,16,REF016,98
2024-12-17,17,REF017,53
2024-12-17,18,REF018,74
2024-12-17,18,REF018,76
2024-12-17,18,REF018,41
2024-12-17,20,REF020,31
2024-12-17,20,REF020,47
2024-12-17,20,REF020,96
2024-12-18,1,REF001,74
2024-12-18,1,REF001,30
2024-12-18,1,REF001,70
2024-12-18,2,REF002,93
2024-12-18,2,REF002,30
2024-12-18,2,REF002,29
2024-12-18,2,REF002,73
2024-12-18,3,REF003,30
2024-12-18,4,REF004,61
2024-12-18,6,REF006,4
2024-12-18,7,REF007,28
2024-12-18,7,REF007,15
2024-12-18,7,REF007,11
2024-12-18,7,REF007,80
2024-12-18,7,REF007,37
2024-12-18,7,REF007,32
2024-12-18,8,REF008,73
2024-12-18,8,REF008,10
2024-12-18,8,REF008,94
2024-12-18,8,REF008,4
2024-12-18,8,REF008,6
2024-12-18,8,REF008,52
2024-12-18,9,REF009,26
2024-12-18,9,REF009,32
2024-12-18,9,REF009,15
2024-12-18,9,REF009,52
2024-12-18,9,REF009,40
2024-12-18,10,REF010,45
2024-12-18,11,REF011,42
2024-12-18,11,REF011,92
2024-12-18,11,REF011,22
2024-12-18,12,REF012,28
2024-12-18,13,REF013,32
2024-12-18,13,REF013,36
2024-12-18,13,REF013,53
2024-12-18,13,REF013,82
2024-12-18,13,REF013,49
2024-12-18,14,REF014,72
2024-12-18,14,REF014,90
2024-12-18,14,REF014,75
2024-12-18,14,REF014,46
2024-12-18,16,REF016,36
2024-12-18,16,REF016,24
2024-12-18,17,REF017,62
2024-12-18,18,REF018,68
2024-12-18,18,REF018,12
2024-12-18,18,REF018,79
2024-12-18,18,REF018,64
2024-12-18,18,REF018,78
2024-12-18,18,REF018,38
2024-12-18,19,REF019,24
2024-12-18,19,REF019,23
2024-12-18,19,REF019,28
2024-12-18,19,REF019,34
2024-12-18,20,REF020,4
2024-12-19,1,REF001,62
2024-12-19,2,REF002,20
2024-12-19,2,REF002,66
2024-12-19,2,REF002,84
2024-12-19,3,REF003,36
2024-12-19,3,REF003,51
2024-12-19,3,REF003,57
2024-12-19,4,REF004,25
2024-12-19,4,REF004,98
2024-12-19,4,REF004,31
2024-12-19,6,REF006,100
2024-12-19,6,REF006,45
2024-12-19,6,REF006,19
2024-12-19,7,REF007,27
2024-12-19,7,REF007,59
2024-12-19,7,REF007,73
2024-12-19,8,REF008,24
2024-12-19,8,REF008,73
2024-12-19,9,REF009,27
2024-12-19,9,REF009,73
2024-12-19,10,REF010,98
2024-12-19,10,REF010,93
2024-12-19,10,REF010,86
2024-12-19,10,REF010,27
2024-12-19,11,REF011,39
2024-12-19,11,REF011,98
2024-12-19,12,REF012,29
2024-12-19,12,REF012,48
2024-12-19,12,REF012,61
2024-12-19,13,REF013,63
2024-12-19,14,REF014,40
2024-12-19,14,REF014,1
2024-12-19,14,REF014,18
2024-12-19,14,REF014,24
2024-12-19,14,REF014,92
2024-12-19,15,REF015,92
2024-12-19,15,REF015,87
2024-12-19,17,REF017,54
2024-12-19,17,REF017,37
2024-12-19,18,REF018,41
2024-12-19,18,REF018,52
2024-12-19,18,REF018,59
2024-12-19,18,REF018,81
2024-12-19,19,REF019,14
2024-12-19,19,REF019,26
2024-12-19,19,REF019,63
2024-12-19,19,REF019,69
2024-12-19,19,REF019,54
2024-12-19,19,REF019,94
2024-12-19,19,REF019,1
2024-12-19,19,REF019,99
2024-12-20,1,REF001,19
2024-12-20,1,REF001,100
2024-12-20,1,REF001,95
2024-12-20,1,REF001,81
2024-12-20,3,REF003,95
2024-12-20,3,REF003,15
2024-12-20,3,REF003,58
2024-12-20,3,REF003,90
2024-12-20,4,REF004,74
2024-12-20,4,REF004,17
2024-12-20,4,REF004,1
2024-12-20,4,REF004,33
2024-12-20,5,REF005,29
2024-12-20,5,REF005,98
2024-12-20,5,REF005,17
2024-12-20,5,REF005,9
2024-12-20,5,REF005,60
2024-12-20,5,REF005,27
2024-12-20,6,REF006,53
2024-12-20,6,REF006,72
2024-12-20,6,REF006,37
2024-12-20,6,REF006,69
2024-12-20,7,REF007,42
2024-12-20,7,REF007,44
2024-12-20,7,REF007,17
2024-12-20,7,REF007,63
2024-12-20,7,REF007,48
2024-12-20,8,REF008,22
2024-12-20,8,REF008,36
2024-12-20,9,REF009,9
2024-12-20,9,REF009,27
2024-12-20,9,REF009,7
2024-12-20,9,REF009,70
2024-12-20,10,REF010,33
2024-12-20,11,REF011,31
2024-12-20,11,REF011,79
2024-12-20,11,REF011,27
2024-12-20,13,REF013,87
2024-12-20,13,REF013,30
2024-12-20,13,REF013,100
2024-12-20,13,REF013,91
2024-12-20,14,REF014,52
2024-12-20,14,REF014,61
2024-12-20,14,REF014,50
2024-12-20,14,REF014,58
2024-12-20,14,REF014,81
2024-12-20,15,REF015,58
2024-12-20,15,REF015,59
2024-12-20,15,REF015,51
2024-12-20,18,REF018,85
2024-12-20,19,REF019,61
2024-12-20,19,REF019,71
2024-12-20,19,REF019,62
2024-12-20,19,REF019,61
2024-12-20,20,REF020,61
2024-12-20,20,REF020,87
2024-12-20,20,REF020,37
2024-12-21,1,REF001,63
2024-12-21,1,REF001,44
2024-12-21,1,REF001,8
2024-12-21,2,REF002,43
2024-12-21,3,REF003,88
2024-12-21,3,REF003,4
2024-12-21,3,REF003,2
2024-12-21,4,REF004,68
2024-12-21,4,REF004,60
2024-12-21,4,REF004,91
2024-12-21,4,REF004,58
2024-12-21,4,REF004,14
2024-12-21,4,REF004,21
2024-12-21,5,REF005,31
2024-12-21,5,REF005,81
2024-12-21,6,REF006,64
2024-12-21,7,REF007,95
2024-12-21,7,REF007,10
2024-12-21,7,REF007,48
2024-12-21,8,REF008,60
2024-12-21,8,REF008,98
2024-12-21,8,REF008,11
2024-12-21,8,REF008,82
2024-12-21,9,REF009,80
2024-12-21,9,REF009,2
2024-12-21,10,REF010,10
2024-12-21,10,REF010,78
2024-12-21,10,REF010,11
2024-12-21,11,REF011,1
2024-12-21,11,REF011,69
2024-12-21,11,REF011,91
2024-12-21,12,REF012,97
2024-12-21,12,REF012,58
2024-12-21,12,REF012,11
2024-12-21,12,REF012,62
2024-12-21,12,REF012,29
2024-12-21,13,REF013,5
2024-12-21,13,REF013,7
2024-12-21,14,REF014,45
2024-12-21,14,REF014,51
2024-12-21,14,REF014,32
2024-12-21,15,REF015,28
2024-12-21,15,REF015,73
2024-12-21,16,REF016,69
2024-12-21,16,REF016,67
2024-12-21,17,REF017,62
2024-12-21,18,REF018,66
2024-12-21,19,REF019,53
2024-12-21,19,REF019,20
2024-12-21,19,REF019,2
2024-12-21,19,REF019,8
2024-12-21,20,REF020,48
2024-12-21,20,REF020,92
2024-12-22,1,REF001,10
2024-12-22,1,REF001,9
2024-12-22,1,REF001,13
2024-12-22,1,REF001,4
2024-12-22,1,REF001,26
2024-12-22,2,REF002,11
2024-12-22,2,REF002,99
2024-12-22,2,REF002,73
2024-12-22,2,REF002,16
2024-12-22,2,REF002,57
2024-12-22,3,REF003,12
2024-12-22,4,REF004,29
2024-12-22,4,REF004,5
2024-12-22,4,REF004,88
2024-12-22,4,REF004,53
2024-12-22,4,REF004,84
2024-12-22,6,REF006,11
2024-12-22,6,REF006,95
2024-12-22,6,REF006,98
2024-12-22,6,REF006,53
2024-12-22,7,REF007,75
2024-12-22,7,REF007,56
2024-12-22,7,REF007,9
2024-12-22,8,REF008,18
2024-12-22,8,REF008,58
2024-12-22,8,REF008,91
2024-12-22,8,REF008,100
2024-12-22,9,REF009,39
2024-12-22,9,REF009,95
2024-12-22,9,REF009,51
2024-12-22,10,REF010,57
2024-12-22,10,REF010,43
2024-12-22,11,REF011,10
2024-12-22,11,REF011,16
2024-12-22,11,REF011,83
2024-12-22,11,REF011,93
2024-12-22,12,REF012,89
2024-12-22,12,REF012,100
2024-12-22,13,REF013,50
2024-12-22,13,REF013,36
2024-12-22,13,REF013,33
2024-12-22,14,REF014,83
2024-12-22,14,REF014,47
2024-12-22,14,REF014,99
2024-12-22,14,REF014,100
2024-12-22,14,REF014,13
2024-12-22,15,REF015,70
2024-12-22,15,REF015,25
2024-12-22,15,REF015,66
2024-12-22,15,REF015,99
2024-12-22,16,REF016,52
2024-12-22,17,REF017,57
2024-12-22,17,REF017,46
2024-12-22,19,REF019,86
2024-12-22,20,REF020,66
2024-12-22,20,REF020,35
2024-12-22,20,REF020,33
2024-12-22,20,REF020,47
2024-12-22,20,REF020,31
2024-12-22,20,REF020,16
2024-12-23,1,REF001,92
2024-12-23,1,REF001,84
2024-12-23,1,REF001,56
2024-12-23,2,REF002,34
2024-12-23,2,REF002,66
2024-12-23,2,REF002,76
2024-12-23,3,REF003,35
2024-12-23,3,REF003,43
2024-12-23,3,REF003,62
2024-12-23,3,REF003,49
2024-12-23,4,REF004,55
2024-12-23,4,REF004,56
2024-12-23,4,REF004,61
2024-12-23,4,REF004,52
2024-12-23,4,REF004,95
2024-12-23,4,REF004,1
2024-12-23,5,REF005,36
2024-12-23,6,REF006,26
2024-12-23,6,REF006,45
2024-12-23,6,REF006,81
2024-12-23,6,REF006,100
2024-12-23,7,REF007,32
2024-12-23,7,REF007,93
2024-12-23,8,REF008,63
2024-12-23,8,REF008,5
2024-12-23,8,REF008,19
2024-12-23,8,REF008,91
2024-12-23,8,REF008,63
2024-12-23,9,REF009,97
2024-12-23,9,REF009,100
2024-12-23,9,REF009,100
2024-12-23,10,REF010,14
2024-12-23,10,REF010,22
2024-12-23,10,REF010,54
2024-12-23,11,REF011,76
2024-12-23,11,REF011,28
2024-12-23,12,REF012,41
2024-12-23,13,REF013,64
2024-12-23,13,REF013,20
2024-12-23,13,REF013,10
2024-12-23,14,REF014,69
2024-12-23,15,REF015,74
2024-12-23,15,REF015,38
2024-12-23,15,REF015,71
2024-12-23,15,REF015,78
2024-12-23,16,REF016,96
2024-12-23,16,REF016,67
2024-12-23,18,REF018,88
2024-12-23,18,REF018,64
2024-12-23,19,REF019,15
2024-12-23,19,REF019,53
2024-12-23,20,REF020,8
2024-12-23,20,REF020,31
2024-12-23,20,REF020,86
2024-12-24,1,REF001,93
2024-12-24,1,REF001,75
2024-12-24,2,REF002,13
2024-12-24,2,REF002,17
2024-12-24,2,REF002,38
2024-12-24,2,REF002,70
2024-12-24,3,REF003,28
2024-12-24,3,REF003,19
2024-12-24,3,REF003,89
2024-12-24,4,REF004,69
2024-12-24,4,REF004,94
2024-12-24,4,REF004,80
2024-12-24,4,REF004,36
2024-12-24,4,REF004,73
2024-12-24,5,REF005,67
2024-12-24,5,REF005,27
2024-12-24,5,REF005,52
2024-12-24,5,REF005,29
2024-12-24,5,REF005,15
2024-12-24,6,REF006,76
2024-12-24,6,REF006,92
2024-12-24,6,REF006,1
2024-12-24,7,REF007,56
2024-12-24,7,REF007,34
2024-12-24,7,REF007,52
2024-12-24,8,REF008,78
2024-12-24,8,REF008,37
2024-12-24,8,REF008,88
2024-12-24,9,REF009,65
2024-12-24,9,REF009,75
2024-12-24,9,REF009,83
2024-12-24,9,REF009,89
2024-12-24,10,REF010,14
2024-12-24,10,REF010,19
2024-12-24,11,REF011,85
2024-12-24,11,REF011,35
2024-12-24,11,REF011,8
2024-12-24,12,REF012,72
2024-12-24,12,REF012,76
2024-12-24,13,REF013,13
2024-12-24,13,REF013,39
2024-12-24,13,REF013,74
2024-12-24,14,REF014,17
2024-12-24,14,REF014,86
2024-12-24,14,REF014,69
2024-12-24,15,REF015,6
2024-12-24,15,REF015,15
2024-12-24,15,REF015,72
2024-12-24,15,REF015,81
2024-12-24,16,REF016,70
2024-12-24,16,REF016,38
2024-12-24,16,REF016,22
2024-12-24,16,REF016,28
2024-12-24,17,REF017,32
2024-12-24,17,REF017,82
2024-12-24,18,REF018,79
2024-12-24,18,REF018,80
2024-12-24,18,REF018,11
2024-12-24,18,REF018,35
2024-12-24,19,REF019,46
2024-12-25,2,REF002,20
2024-12-25,2,REF002,31
2024-12-25,3,REF003,12
2024-12-25,4,REF004,92
2024-12-25,4,REF004,82
2024-12-25,4,REF004,70
2024-12-25,4,REF004,66
2024-12-25,4,REF004,57
2024-12-25,4,REF004,12
2024-12-25,5,REF005,38
2024-12-25,5,REF005,68
2024-12-25,5,REF005,18
2024-12-25,6,REF006,4
2024-12-25,6,REF006,96
2024-12-25,6,REF006,94
2024-12-25,7,REF007,84
2024-12-25,9,REF009,94
2024-12-25,9,REF009,20
2024-12-25,9,REF009,98
2024-12-25,9,REF009,37
2024-12-25,10,REF010,82
2024-12-25,10,REF010,10
2024-12-25,10,REF010,79
2024-12-25,11,REF011,81
2024-12-25,11,REF011,100
2024-12-25,11,REF011,27
2024-12-25,11,REF011,13
2024-12-25,12,REF012,44
2024-12-25,13,REF013,97
2024-12-25,13,REF013,65
2024-12-25,13,REF013,43
2024-12-25,13,REF013,6
2024-12-25,13,REF013,1
2024-12-25,13,REF013,8
2024-12-25,14,REF014,44
2024-12-25,15,REF015,22
2024-12-25,15,REF015,54
2024-12-25,15,REF015,4
2024-12-25,15,REF015,68
2024-12-25,16,REF016,5
2024-12-25,17,REF017,79
2024-12-25,17,REF017,16
2024-12-25,17,REF017,50
2024-12-25,17,REF017,55
2024-12-25,17,REF017,54
2024-12-25,18,REF018,17
2024-12-25,18,REF018,80
2024-12-25,18,REF018,84
2024-12-25,19,REF019,8
2024-12-25,19,REF019,97
2024-12-25,19,REF019,72
2024-12-25,19,REF019,13
2024-12-25,20,REF020,52
2024-12-25,20,REF020,97
2024-12-25,20,REF020,72
2024-12-25,20,REF020,67
2024-12-25,20,REF020,66
2024-12-26,1,REF001,72
2024-12-26,1,REF001,88
2024-12-26,1,REF001,96
2024-12-26,2,REF002,92
2024-12-26,2,REF002,37
2024-12-26,2,REF002,22
2024-12-26,2,REF002,56
2024-12-26,3,REF003,79
2024-12-26,3,REF003,74
2024-12-26,3,REF003,94
2024-12-26,3,REF003,15
2024-12-26,4,REF004,84
2024-12-26,4,REF004,61
2024-12-26,4,REF004,7
2024-12-26,5,REF005,91
2024-12-26,5,REF005,7
2024-12-26,6,REF006,67
2024-12-26,7,REF007,44
2024-12-26,7,REF007,15
2024-12-26,7,REF007,31
2024-12-26,8,REF008,100
2024-12-26,8,REF008,65
2024-12-26,9,REF009,46
2024-12-26,9,REF009,86
2024-12-26,10,REF010,85
2024-12-26,10,REF010,16
2024-12-26,10,REF010,92
2024-12-26,10,REF010,84
2024-12-26,10,REF010,95
2024-12-26,11,REF011,88
2024-12-26,11,REF011,24
2024-12-26,12,REF012,96
2024-12-26,12,REF012,29
2024-12-26,12,REF012,79
2024-12-26,12,REF012,55
2024-12-26,13,REF013,93
2024-12-26,14,REF014,64
2024-12-26,14,REF014,22
2024-12-26,15,REF015,33
2024-12-26,15,REF015,93
2024-12-26,15,REF015,74
2024-12-26,15,REF015,86
2024-12-26,15,REF015,99
2024-12-26,16,REF016,25
2024-12-26,16,REF016,64
2024-12-26,17,REF017,17
2024-12-26,18,REF018,50
2024-12-26,18,REF018,63
2024-12-26,18,REF018,15
2024-12-26,18,REF018,98
2024-12-26,19,REF019,69
2024-12-26,20,REF020,1
2024-12-26,20,REF020,59
2024-12-26,20,REF020,55
2024-12-26,20,REF020,23
2024-12-27,1,REF001,13
2024-12-27,1,REF001,64
2024-12-27,2,REF002,46
2024-12-27,2,REF002,49
2024-12-27,3,REF003,36
2024-12-27,3,REF003,91
2024-12-27,3,REF003,34
2024-12-27,3,REF003,29
2024-12-27,4,REF004,88
2024-12-27,5,REF005,6
2024-12-27,5,REF005,90
2024-12-27,5,REF005,61
2024-12-27,5,REF005,81
2024-12-27,5,REF005,50
2024-12-27,7,REF007,84
2024-12-27,7,REF007,44
2024-12-27,8,REF008,17
2024-12-27,8,REF008,79
2024-12-27,8,REF008,56
2024-12-27,8,REF008,95
2024-12-27,9,REF009,96
2024-12-27,9,REF009,74
2024-12-27,10,REF010,83
2024-12-27,10,REF010,48
2024-12-27,10,REF010,52
2024-12-27,10,REF010,7
2024-12-27,10,REF010,14
2024-12-27,10,REF010,3
2024-12-27,11,REF011,35
2024-12-27,12,REF012,35
2024-12-27,12,REF012,40
2024-12-27,12,REF012,9
2024-12-27,13,REF013,93
2024-12-27,14,REF014,81
2024-12-27,14,REF014,50
2024-12-27,14,REF014,100
2024-12-27,14,REF014,39
2024-12-27,15,REF015,74
2024-12-27,15,REF015,52
2024-12-27,15,REF015,65
2024-12-27,15,REF015,42
2024-12-27,16,REF016,50
2024-12-27,16,REF016,88
2024-12-27,17,REF017,79
2024-12-27,17,REF017,45
2024-12-27,17,REF017,37
2024-12-27,17,REF017,70
2024-12-27,18,REF018,80
2024-12-27,18,REF018,57
2024-12-27,19,REF019,92
2024-12-27,19,REF019,56
2024-12-27,19,REF019,4
2024-12-27,20,REF020,93
2024-12-27,20,REF020,100
2024-12-28,1,REF001,78
2024-12-28,1,REF001,66
2024-12-28,2,REF002,10
2024-12-28,2,REF002,17
2024-12-28,3,REF003,37
2024-12-28,3,REF003,45
2024-12-28,3,REF003,52
2024-12-28,4,REF004,43
2024-12-28,4,REF004,44
2024-12-28,4,REF004,83
2024-12-28,4,REF004,64
2024-12-28,4,REF004,57
2024-12-28,5,REF005,68
2024-12-28,5,REF005,62
2024-12-28,5,REF005,70
2024-12-28,5,REF005,79
2024-12-28,6,REF006,18
2024-12-28,6,REF006,96
2024-12-28,6,REF006,62
2024-12-28,7,REF007,56
2024-12-28,7,REF007,22
2024-12-28,7,REF007,74
2024-12-28,7,REF007,3
2024-12-28,7,REF007,98
2024-12-28,8,REF008,75
2024-12-28,8,REF008,38
2024-12-28,9,REF009,73
2024-12-28,9,REF009,14
2024-12-28,10,REF010,54
2024-12-28,10,REF010,89
2024-12-28,11,REF011,82
2024-12-28,12,REF012,29
2024-12-28,12,REF012,22
2024-12-28,12,REF012,10
2024-12-28,13,REF013,63
2024-12-28,13,REF013,67
2024-12-28,13,REF013,96
2024-12-28,13,REF013,84
2024-12-28,13,REF013,80
2024-12-28,14,REF014,57
2024-12-28,14,REF014,4
2024-12-28,14,REF014,73
2024-12-28,15,REF015,7
2024-12-28,15,REF015,4
2024-12-28,15,REF015,37
2024-12-28,15,REF015,92
2024-12-28,15,REF015,78
2024-12-28,15,REF015,57
2024-12-28,15,REF015,86
2024-12-28,16,REF016,98
2024-12-28,16,REF016,7
2024-12-28,16,REF016,94
2024-12-28,17,REF017,30
2024-12-28,17,REF017,7
2024-12-28,17,REF017,62
2024-12-28,18,REF018,90
2024-12-28,18,REF018,52
2024-12-28,19,REF019,21
2024-12-28,19,REF019,77
2024-12-28,20,REF020,56
2024-12-28,20,REF020,33
2024-12-29,1,REF001,40
2024-12-29,1,REF001,99
2024-12-29,1,REF001,87
2024-12-29,1,REF001,56
2024-12-29,2,REF002,12
2024-12-29,2,REF002,6
2024-12-29,2,REF002,31
2024-12-29,2,REF002,35
2024-12-29,2,REF002,88
2024-12-29,3,REF003,17
2024-12-29,3,REF003,98
2024-12-29,4,REF004,89
2024-12-29,4,REF004,27
2024-12-29,5,REF005,91
2024-12-29,5,REF005,68
2024-12-29,6,REF006,68
2024-12-29,6,REF006,62
2024-12-29,6,REF006,29
2024-12-29,7,REF007,39
2024-12-29,7,REF007,20
2024-12-29,8,REF008,97
2024-12-29,8,REF008,31
2024-12-29,8,REF008,28
2024-12-29,9,REF009,53
2024-12-29,9,REF009,57
2024-12-29,9,REF009,81
2024-12-29,9,REF009,33
2024-12-29,10,REF010,43
2024-12-29,10,REF010,41
2024-12-29,10,REF010,18
2024-12-29,10,REF010,5
2024-12-29,11,REF011,61
2024-12-29,12,REF012,98
2024-12-29,12,REF012,57
2024-12-29,13,REF013,63
2024-12-29,13,REF013,37
2024-12-29,13,REF013,48
2024-12-29,14,REF014,19
2024-12-29,14,REF014,78
2024-12-29,14,REF014,71
2024-12-29,14,REF014,31
2024-12-29,16,REF016,96
2024-12-29,16,REF016,67
2024-12-29,16,REF016,48
2024-12-29,16,REF016,12
2024-12-29,17,REF017,79
2024-12-29,17,REF017,74
2024-12-29,17,REF017,86
2024-12-29,17,REF017,67
2024-12-29,17,REF017,39
2024-12-29,19,REF019,21
2024-12-29,19,REF019,99
2024-12-29,19,REF019,80
2024-12-29,19,REF019,62
2024-12-29,19,REF019,17
2024-12-29,20,REF020,41
2024-12-29,20,REF020,93
2024-12-29,20,REF020,55
2024-12-30,1,REF001,29
2024-12-30,1,REF001,54
2024-12-30,1,REF001,68
2024-12-30,2,REF002,74
2024-12-30,2,REF002,84
2024-12-30,2,REF002,40
2024-12-30,3,REF003,88
2024-12-30,3,REF003,31
2024-12-30,3,REF003,39
2024-12-30,3,REF003,31
2024-12-30,3,REF003,69
2024-12-30,3,REF003,14
2024-12-30,4,REF004,4
2024-12-30,4,REF004,97
2024-12-30,5,REF005,94
2024-12-30,6,REF006,12
2024-12-30,6,REF006,46
2024-12-30,6,REF006,25
2024-12-30,6,REF006,93
2024-12-30,6,REF006,53
2024-12-30,6,REF006,25
2024-12-30,6,REF006,60
2024-12-30,6,REF006,89
2024-12-30,7,REF007,89
2024-12-30,7,REF007,56
2024-12-30,7,REF007,44
2024-12-30,7,REF007,2
2024-12-30,7,REF007,35
2024-12-30,8,REF008,84
2024-12-30,9,REF009,48
2024-12-30,10,REF010,37
2024-12-30,10,REF010,25
2024-12-30,10,REF010,28
2024-12-30,10,REF010,59
2024-12-30,10,REF010,44
2024-12-30,10,REF010,91
2024-12-30,11,REF011,42
2024-12-30,11,REF011,22
2024-12-30,11,REF011,31
2024-12-30,11,REF011,1
2024-12-30,12,REF012,41
2024-12-30,13,REF013,7
2024-12-30,13,REF013,42
2024-12-30,14,REF014,39
2024-12-30,14,REF014,54
2024-12-30,14,REF014,14
2024-12-30,14,REF014,91
2024-12-30,14,REF014,21
2024-12-30,15,REF015,92
2024-12-30,15,REF015,42
2024-12-30,15,REF015,77
2024-12-30,15,REF015,98
2024-12-30,16,REF016,16
2024-12-30,16,REF016,9
2024-12-30,17,REF017,11
2024-12-30,17,REF017,30
2024-12-30,17,REF017,83
2024-12-30,18,REF018,81
2024-12-30,18,REF018,33
2024-12-30,18,REF018,50
2024-12-30,18,REF018,12
2024-12-30,18,REF018,16
2024-12-30,19,REF019,99
2024-12-30,19,REF019,90
2024-12-30,20,REF020,32
2024-12-30,20,REF020,39
2024-12-30,20,REF020,19
